controller,grid,scenario,seed,time,intersection,queue_length,waiting_time,vehicle_count
original_fixed,3x3,medium,12,5,B1,0,0.0,0
original_fixed,3x3,medium,12,5,B2,0,0.0,0
original_fixed,3x3,medium,12,5,B3,0,0.0,1
original_fixed,3x3,medium,12,5,C1,0,0.0,0
original_fixed,3x3,medium,12,5,C2,0,0.0,0
original_fixed,3x3,medium,12,5,C3,0,0.0,0
original_fixed,3x3,medium,12,5,D1,0,0.0,0
original_fixed,3x3,medium,12,5,D2,0,0.0,0
original_fixed,3x3,medium,12,5,D3,0,0.0,1
original_fixed,3x3,medium,12,10,B1,0,0.0,0
original_fixed,3x3,medium,12,10,B2,0,0.0,0
original_fixed,3x3,medium,12,10,B3,0,0.0,1
original_fixed,3x3,medium,12,10,C1,0,0.0,0
original_fixed,3x3,medium,12,10,C2,0,0.0,0
original_fixed,3x3,medium,12,10,C3,0,0.0,0
original_fixed,3x3,medium,12,10,D1,0,0.0,0
original_fixed,3x3,medium,12,10,D2,0,0.0,0
original_fixed,3x3,medium,12,10,D3,0,0.0,1
original_fixed,3x3,medium,12,15,B1,0,0.0,0
original_fixed,3x3,medium,12,15,B2,0,0.0,1
original_fixed,3x3,medium,12,15,B3,0,0.0,1
original_fixed,3x3,medium,12,15,C1,0,0.0,0
original_fixed,3x3,medium,12,15,C2,0,0.0,0
original_fixed,3x3,medium,12,15,C3,0,0.0,1
original_fixed,3x3,medium,12,15,D1,0,0.0,0
original_fixed,3x3,medium,12,15,D2,0,0.0,0
original_fixed,3x3,medium,12,15,D3,0,0.0,1
original_fixed,3x3,medium,12,20,B1,0,0.0,0
original_fixed,3x3,medium,12,20,B2,0,0.0,2
original_fixed,3x3,medium,12,20,B3,0,0.0,1
original_fixed,3x3,medium,12,20,C1,0,0.0,0
original_fixed,3x3,medium,12,20,C2,0,0.0,0
original_fixed,3x3,medium,12,20,C3,0,0.0,1
original_fixed,3x3,medium,12,20,D1,0,0.0,0
original_fixed,3x3,medium,12,20,D2,0,0.0,0
original_fixed,3x3,medium,12,20,D3,0,0.0,0
original_fixed,3x3,medium,12,25,B1,0,0.0,0
original_fixed,3x3,medium,12,25,B2,0,0.0,3
original_fixed,3x3,medium,12,25,B3,0,0.0,1
original_fixed,3x3,medium,12,25,C1,0,0.0,0
original_fixed,3x3,medium,12,25,C2,0,0.0,1
original_fixed,3x3,medium,12,25,C3,0,0.0,1
original_fixed,3x3,medium,12,25,D1,0,0.0,2
original_fixed,3x3,medium,12,25,D2,0,0.0,2
original_fixed,3x3,medium,12,25,D3,0,0.0,0
original_fixed,3x3,medium,12,30,B1,0,0.0,2
original_fixed,3x3,medium,12,30,B2,0,0.0,2
original_fixed,3x3,medium,12,30,B3,0,0.0,2
original_fixed,3x3,medium,12,30,C1,0,0.0,0
original_fixed,3x3,medium,12,30,C2,0,0.0,1
original_fixed,3x3,medium,12,30,C3,1,2.0,2
original_fixed,3x3,medium,12,30,D1,0,0.0,2
original_fixed,3x3,medium,12,30,D2,0,0.0,2
original_fixed,3x3,medium,12,30,D3,0,0.0,0
original_fixed,3x3,medium,12,35,B1,0,0.0,3
original_fixed,3x3,medium,12,35,B2,0,0.0,3
original_fixed,3x3,medium,12,35,B3,1,4.0,2
original_fixed,3x3,medium,12,35,C1,0,0.0,0
original_fixed,3x3,medium,12,35,C2,0,0.0,1
original_fixed,3x3,medium,12,35,C3,1,7.0,3
original_fixed,3x3,medium,12,35,D1,0,0.0,2
original_fixed,3x3,medium,12,35,D2,0,0.0,3
original_fixed,3x3,medium,12,35,D3,0,0.0,0
original_fixed,3x3,medium,12,40,B1,0,0.0,4
original_fixed,3x3,medium,12,40,B2,0,0.0,3
original_fixed,3x3,medium,12,40,B3,1,9.0,3
original_fixed,3x3,medium,12,40,C1,0,0.0,2
original_fixed,3x3,medium,12,40,C2,1,5.0,2
original_fixed,3x3,medium,12,40,C3,1,12.0,4
original_fixed,3x3,medium,12,40,D1,0,0.0,2
original_fixed,3x3,medium,12,40,D2,1,2.0,3
original_fixed,3x3,medium,12,40,D3,0,0.0,0
original_fixed,3x3,medium,12,45,B1,0,0.0,2
original_fixed,3x3,medium,12,45,B2,0,0.0,6
original_fixed,3x3,medium,12,45,B3,1,14.0,3
original_fixed,3x3,medium,12,45,C1,0,0.0,2
original_fixed,3x3,medium,12,45,C2,1,10.0,3
original_fixed,3x3,medium,12,45,C3,1,17.0,3
original_fixed,3x3,medium,12,45,D1,0,0.0,2
original_fixed,3x3,medium,12,45,D2,1,7.0,3
original_fixed,3x3,medium,12,45,D3,0,0.0,0
original_fixed,3x3,medium,12,50,B1,0,0.0,2
original_fixed,3x3,medium,12,50,B2,0,0.0,7
original_fixed,3x3,medium,12,50,B3,0,0.0,3
original_fixed,3x3,medium,12,50,C1,0,0.0,4
original_fixed,3x3,medium,12,50,C2,0,0.0,3
original_fixed,3x3,medium,12,50,C3,0,0.0,3
original_fixed,3x3,medium,12,50,D1,0,0.0,3
original_fixed,3x3,medium,12,50,D2,0,0.0,1
original_fixed,3x3,medium,12,50,D3,0,0.0,0
original_fixed,3x3,medium,12,55,B1,1,5.0,4
original_fixed,3x3,medium,12,55,B2,2,7.0,6
original_fixed,3x3,medium,12,55,B3,0,0.0,2
original_fixed,3x3,medium,12,55,C1,0,0.0,4
original_fixed,3x3,medium,12,55,C2,0,0.0,4
original_fixed,3x3,medium,12,55,C3,1,3.0,3
original_fixed,3x3,medium,12,55,D1,0,0.0,3
original_fixed,3x3,medium,12,55,D2,0,0.0,2
original_fixed,3x3,medium,12,55,D3,0,0.0,0
original_fixed,3x3,medium,12,60,B1,2,14.0,5
original_fixed,3x3,medium,12,60,B2,3,18.0,7
original_fixed,3x3,medium,12,60,B3,1,2.0,3
original_fixed,3x3,medium,12,60,C1,0,0.0,4
original_fixed,3x3,medium,12,60,C2,0,0.0,5
original_fixed,3x3,medium,12,60,C3,2,13.0,4
original_fixed,3x3,medium,12,60,D1,1,5.0,3
original_fixed,3x3,medium,12,60,D2,1,4.0,2
original_fixed,3x3,medium,12,60,D3,0,0.0,0
original_fixed,3x3,medium,12,65,B1,2,24.0,6
original_fixed,3x3,medium,12,65,B2,4,34.0,6
original_fixed,3x3,medium,12,65,B3,1,7.0,3
original_fixed,3x3,medium,12,65,C1,0,0.0,3
original_fixed,3x3,medium,12,65,C2,1,5.0,4
original_fixed,3x3,medium,12,65,C3,2,23.0,3
original_fixed,3x3,medium,12,65,D1,1,10.0,4
original_fixed,3x3,medium,12,65,D2,1,9.0,3
original_fixed,3x3,medium,12,65,D3,0,0.0,2
original_fixed,3x3,medium,12,70,B1,3,35.0,6
original_fixed,3x3,medium,12,70,B2,4,54.0,7
original_fixed,3x3,medium,12,70,B3,1,12.0,3
original_fixed,3x3,medium,12,70,C1,2,6.0,3
original_fixed,3x3,medium,12,70,C2,1,10.0,3
original_fixed,3x3,medium,12,70,C3,2,33.0,3
original_fixed,3x3,medium,12,70,D1,2,18.0,4
original_fixed,3x3,medium,12,70,D2,2,17.0,4
original_fixed,3x3,medium,12,70,D3,0,0.0,3
original_fixed,3x3,medium,12,75,B1,4,53.0,9
original_fixed,3x3,medium,12,75,B2,5,77.0,9
original_fixed,3x3,medium,12,75,B3,1,17.0,3
original_fixed,3x3,medium,12,75,C1,2,16.0,3
original_fixed,3x3,medium,12,75,C2,2,17.0,3
original_fixed,3x3,medium,12,75,C3,3,44.0,3
original_fixed,3x3,medium,12,75,D1,2,28.0,4
original_fixed,3x3,medium,12,75,D2,2,27.0,5
original_fixed,3x3,medium,12,75,D3,0,0.0,2
original_fixed,3x3,medium,12,80,B1,5,74.0,9
original_fixed,3x3,medium,12,80,B2,6,102.0,9
original_fixed,3x3,medium,12,80,B3,1,22.0,3
original_fixed,3x3,medium,12,80,C1,2,26.0,4
original_fixed,3x3,medium,12,80,C2,2,27.0,3
original_fixed,3x3,medium,12,80,C3,3,59.0,4
original_fixed,3x3,medium,12,80,D1,2,38.0,4
original_fixed,3x3,medium,12,80,D2,3,42.0,6
original_fixed,3x3,medium,12,80,D3,0,0.0,4
original_fixed,3x3,medium,12,85,B1,6,103.0,9
original_fixed,3x3,medium,12,85,B2,5,127.0,10
original_fixed,3x3,medium,12,85,B3,2,30.0,4
original_fixed,3x3,medium,12,85,C1,2,36.0,6
original_fixed,3x3,medium,12,85,C2,2,37.0,3
original_fixed,3x3,medium,12,85,C3,3,74.0,5
original_fixed,3x3,medium,12,85,D1,2,48.0,4
original_fixed,3x3,medium,12,85,D2,4,58.0,6
original_fixed,3x3,medium,12,85,D3,1,1.0,4
original_fixed,3x3,medium,12,90,B1,7,136.0,9
original_fixed,3x3,medium,12,90,B2,5,152.0,11
original_fixed,3x3,medium,12,90,B3,2,40.0,6
original_fixed,3x3,medium,12,90,C1,3,47.0,6
original_fixed,3x3,medium,12,90,C2,2,47.0,5
original_fixed,3x3,medium,12,90,C3,3,89.0,5
original_fixed,3x3,medium,12,90,D1,2,58.0,7
original_fixed,3x3,medium,12,90,D2,4,78.0,5
original_fixed,3x3,medium,12,90,D3,1,6.0,5
original_fixed,3x3,medium,12,95,B1,2,9.0,7
original_fixed,3x3,medium,12,95,B2,2,4.0,10
original_fixed,3x3,medium,12,95,B3,0,0.0,4
original_fixed,3x3,medium,12,95,C1,1,2.0,5
original_fixed,3x3,medium,12,95,C2,0,0.0,5
original_fixed,3x3,medium,12,95,C3,0,0.0,3
original_fixed,3x3,medium,12,95,D1,0,0.0,4
original_fixed,3x3,medium,12,95,D2,1,5.0,3
original_fixed,3x3,medium,12,95,D3,1,1.0,5
original_fixed,3x3,medium,12,100,B1,1,6.0,7
original_fixed,3x3,medium,12,100,B2,2,9.0,11
original_fixed,3x3,medium,12,100,B3,1,2.0,3
original_fixed,3x3,medium,12,100,C1,1,7.0,7
original_fixed,3x3,medium,12,100,C2,0,0.0,9
original_fixed,3x3,medium,12,100,C3,2,8.0,5
original_fixed,3x3,medium,12,100,D1,1,4.0,5
original_fixed,3x3,medium,12,100,D2,1,10.0,4
original_fixed,3x3,medium,12,100,D3,1,6.0,6
original_fixed,3x3,medium,12,105,B1,2,13.0,5
original_fixed,3x3,medium,12,105,B2,3,21.0,10
original_fixed,3x3,medium,12,105,B3,1,7.0,3
original_fixed,3x3,medium,12,105,C1,2,16.0,8
original_fixed,3x3,medium,12,105,C2,2,3.0,9
original_fixed,3x3,medium,12,105,C3,2,18.0,5
original_fixed,3x3,medium,12,105,D1,1,9.0,4
original_fixed,3x3,medium,12,105,D2,1,15.0,6
original_fixed,3x3,medium,12,105,D3,1,11.0,6
original_fixed,3x3,medium,12,110,B1,2,23.0,6
original_fixed,3x3,medium,12,110,B2,4,41.0,9
original_fixed,3x3,medium,12,110,B3,2,17.0,3
original_fixed,3x3,medium,12,110,C1,2,26.0,9
original_fixed,3x3,medium,12,110,C2,3,14.0,9
original_fixed,3x3,medium,12,110,C3,2,28.0,5
original_fixed,3x3,medium,12,110,D1,2,19.0,5
original_fixed,3x3,medium,12,110,D2,1,20.0,5
original_fixed,3x3,medium,12,110,D3,1,16.0,6
original_fixed,3x3,medium,12,115,B1,2,33.0,7
original_fixed,3x3,medium,12,115,B2,6,71.0,7
original_fixed,3x3,medium,12,115,B3,2,27.0,5
original_fixed,3x3,medium,12,115,C1,3,39.0,9
original_fixed,3x3,medium,12,115,C2,4,32.0,8
original_fixed,3x3,medium,12,115,C3,3,40.0,8
original_fixed,3x3,medium,12,115,D1,2,29.0,6
original_fixed,3x3,medium,12,115,D2,2,27.0,6
original_fixed,3x3,medium,12,115,D3,2,24.0,6
original_fixed,3x3,medium,12,120,B1,2,43.0,8
original_fixed,3x3,medium,12,120,B2,6,101.0,9
original_fixed,3x3,medium,12,120,B3,2,37.0,4
original_fixed,3x3,medium,12,120,C1,4,58.0,8
original_fixed,3x3,medium,12,120,C2,4,52.0,7
original_fixed,3x3,medium,12,120,C3,4,60.0,11
original_fixed,3x3,medium,12,120,D1,2,39.0,6
original_fixed,3x3,medium,12,120,D2,2,37.0,6
original_fixed,3x3,medium,12,120,D3,2,34.0,6
original_fixed,3x3,medium,12,125,B1,2,53.0,6
original_fixed,3x3,medium,12,125,B2,7,134.0,10
original_fixed,3x3,medium,12,125,B3,2,47.0,4
original_fixed,3x3,medium,12,125,C1,6,84.0,11
original_fixed,3x3,medium,12,125,C2,4,72.0,8
original_fixed,3x3,medium,12,125,C3,4,80.0,10
original_fixed,3x3,medium,12,125,D1,2,49.0,8
original_fixed,3x3,medium,12,125,D2,2,47.0,8
original_fixed,3x3,medium,12,125,D3,3,49.0,5
original_fixed,3x3,medium,12,130,B1,2,63.0,7
original_fixed,3x3,medium,12,130,B2,7,169.0,12
original_fixed,3x3,medium,12,130,B3,2,57.0,6
original_fixed,3x3,medium,12,130,C1,6,114.0,11
original_fixed,3x3,medium,12,130,C2,4,92.0,6
original_fixed,3x3,medium,12,130,C3,5,102.0,8
original_fixed,3x3,medium,12,130,D1,4,64.0,8
original_fixed,3x3,medium,12,130,D2,2,57.0,9
original_fixed,3x3,medium,12,130,D3,5,69.0,6
original_fixed,3x3,medium,12,135,B1,4,76.0,7
original_fixed,3x3,medium,12,135,B2,6,157.0,13
original_fixed,3x3,medium,12,135,B3,3,69.0,8
original_fixed,3x3,medium,12,135,C1,7,144.0,12
original_fixed,3x3,medium,12,135,C2,4,112.0,6
original_fixed,3x3,medium,12,135,C3,5,127.0,7
original_fixed,3x3,medium,12,135,D1,3,75.0,8
original_fixed,3x3,medium,12,135,D2,3,69.0,12
original_fixed,3x3,medium,12,135,D3,5,94.0,7
original_fixed,3x3,medium,12,140,B1,0,0.0,5
original_fixed,3x3,medium,12,140,B2,2,4.0,9
original_fixed,3x3,medium,12,140,B3,1,2.0,9
original_fixed,3x3,medium,12,140,C1,1,1.0,10
original_fixed,3x3,medium,12,140,C2,0,0.0,6
original_fixed,3x3,medium,12,140,C3,2,6.0,7
original_fixed,3x3,medium,12,140,D1,2,6.0,8
original_fixed,3x3,medium,12,140,D2,1,4.0,9
original_fixed,3x3,medium,12,140,D3,0,0.0,6
original_fixed,3x3,medium,12,145,B1,0,0.0,6
original_fixed,3x3,medium,12,145,B2,5,26.0,10
original_fixed,3x3,medium,12,145,B3,1,7.0,10
original_fixed,3x3,medium,12,145,C1,1,4.0,10
original_fixed,3x3,medium,12,145,C2,0,0.0,7
original_fixed,3x3,medium,12,145,C3,2,16.0,9
original_fixed,3x3,medium,12,145,D1,6,29.0,12
original_fixed,3x3,medium,12,145,D2,4,19.0,8
original_fixed,3x3,medium,12,145,D3,1,4.0,6
original_fixed,3x3,medium,12,150,B1,1,3.0,8
original_fixed,3x3,medium,12,150,B2,6,56.0,11
original_fixed,3x3,medium,12,150,B3,3,18.0,10
original_fixed,3x3,medium,12,150,C1,1,9.0,8
original_fixed,3x3,medium,12,150,C2,1,2.0,7
original_fixed,3x3,medium,12,150,C3,2,26.0,9
original_fixed,3x3,medium,12,150,D1,6,59.0,15
original_fixed,3x3,medium,12,150,D2,2,17.0,5
original_fixed,3x3,medium,12,150,D3,1,9.0,7
original_fixed,3x3,medium,12,155,B1,2,10.0,8
original_fixed,3x3,medium,12,155,B2,6,86.0,11
original_fixed,3x3,medium,12,155,B3,3,33.0,8
original_fixed,3x3,medium,12,155,C1,2,19.0,5
original_fixed,3x3,medium,12,155,C2,1,7.0,6
original_fixed,3x3,medium,12,155,C3,3,37.0,8
original_fixed,3x3,medium,12,155,D1,6,89.0,18
original_fixed,3x3,medium,12,155,D2,3,31.0,5
original_fixed,3x3,medium,12,155,D3,3,20.0,9
original_fixed,3x3,medium,12,160,B1,3,23.0,7
original_fixed,3x3,medium,12,160,B2,6,116.0,9
original_fixed,3x3,medium,12,160,B3,4,50.0,7
original_fixed,3x3,medium,12,160,C1,3,33.0,8
original_fixed,3x3,medium,12,160,C2,1,12.0,5
original_fixed,3x3,medium,12,160,C3,4,56.0,7
original_fixed,3x3,medium,12,160,D1,9,97.0,16
original_fixed,3x3,medium,12,160,D2,3,46.0,6
original_fixed,3x3,medium,12,160,D3,6,45.0,9
original_fixed,3x3,medium,12,165,B1,4,41.0,7
original_fixed,3x3,medium,12,165,B2,8,154.0,11
original_fixed,3x3,medium,12,165,B3,5,74.0,7
original_fixed,3x3,medium,12,165,C1,4,53.0,10
original_fixed,3x3,medium,12,165,C2,1,17.0,4
original_fixed,3x3,medium,12,165,C3,4,76.0,5
original_fixed,3x3,medium,12,165,D1,10,115.0,17
original_fixed,3x3,medium,12,165,D2,3,61.0,7
original_fixed,3x3,medium,12,165,D3,7,77.0,10
original_fixed,3x3,medium,12,170,B1,4,61.0,7
original_fixed,3x3,medium,12,170,B2,9,199.0,13
original_fixed,3x3,medium,12,170,B3,6,100.0,8
original_fixed,3x3,medium,12,170,C1,4,73.0,10
original_fixed,3x3,medium,12,170,C2,1,22.0,5
original_fixed,3x3,medium,12,170,C3,4,96.0,5
original_fixed,3x3,medium,12,170,D1,9,155.0,16
original_fixed,3x3,medium,12,170,D2,3,76.0,7
original_fixed,3x3,medium,12,170,D3,8,113.0,12
original_fixed,3x3,medium,12,175,B1,4,81.0,8
original_fixed,3x3,medium,12,175,B2,9,244.0,13
original_fixed,3x3,medium,12,175,B3,7,134.0,9
original_fixed,3x3,medium,12,175,C1,4,93.0,8
original_fixed,3x3,medium,12,175,C2,2,30.0,5
original_fixed,3x3,medium,12,175,C3,5,118.0,5
original_fixed,3x3,medium,12,175,D1,9,200.0,14
original_fixed,3x3,medium,12,175,D2,3,91.0,7
original_fixed,3x3,medium,12,175,D3,9,158.0,13
original_fixed,3x3,medium,12,180,B1,5,106.0,8
original_fixed,3x3,medium,12,180,B2,9,289.0,13
original_fixed,3x3,medium,12,180,B3,7,169.0,9
original_fixed,3x3,medium,12,180,C1,8,122.0,8
original_fixed,3x3,medium,12,180,C2,3,45.0,6
original_fixed,3x3,medium,12,180,C3,5,143.0,5
original_fixed,3x3,medium,12,180,D1,10,249.0,14
original_fixed,3x3,medium,12,180,D2,4,107.0,8
original_fixed,3x3,medium,12,180,D3,9,203.0,13
original_fixed,3x3,medium,12,185,B1,0,0.0,6
original_fixed,3x3,medium,12,185,B2,2,6.0,10
original_fixed,3x3,medium,12,185,B3,1,2.0,6
original_fixed,3x3,medium,12,185,C1,1,6.0,6
original_fixed,3x3,medium,12,185,C2,0,0.0,4
original_fixed,3x3,medium,12,185,C3,0,0.0,5
original_fixed,3x3,medium,12,185,D1,4,16.0,12
original_fixed,3x3,medium,12,185,D2,1,3.0,9
original_fixed,3x3,medium,12,185,D3,0,0.0,12
original_fixed,3x3,medium,12,190,B1,0,0.0,5
original_fixed,3x3,medium,12,190,B2,5,26.0,12
original_fixed,3x3,medium,12,190,B3,1,7.0,8
original_fixed,3x3,medium,12,190,C1,1,11.0,4
original_fixed,3x3,medium,12,190,C2,0,0.0,6
original_fixed,3x3,medium,12,190,C3,0,0.0,6
original_fixed,3x3,medium,12,190,D1,6,33.0,12
original_fixed,3x3,medium,12,190,D2,2,12.0,10
original_fixed,3x3,medium,12,190,D3,0,0.0,9
original_fixed,3x3,medium,12,195,B1,1,3.0,4
original_fixed,3x3,medium,12,195,B2,7,59.0,12
original_fixed,3x3,medium,12,195,B3,2,16.0,9
original_fixed,3x3,medium,12,195,C1,1,16.0,5
original_fixed,3x3,medium,12,195,C2,0,0.0,5
original_fixed,3x3,medium,12,195,C3,0,0.0,9
original_fixed,3x3,medium,12,195,D1,7,68.0,12
original_fixed,3x3,medium,12,195,D2,2,22.0,11
original_fixed,3x3,medium,12,195,D3,1,2.0,8
original_fixed,3x3,medium,12,200,B1,1,8.0,5
original_fixed,3x3,medium,12,200,B2,8,95.0,13
original_fixed,3x3,medium,12,200,B3,2,26.0,8
original_fixed,3x3,medium,12,200,C1,2,22.0,5
original_fixed,3x3,medium,12,200,C2,0,0.0,5
original_fixed,3x3,medium,12,200,C3,0,0.0,8
original_fixed,3x3,medium,12,200,D1,4,53.0,12
original_fixed,3x3,medium,12,200,D2,2,32.0,10
original_fixed,3x3,medium,12,200,D3,2,8.0,9
original_fixed,3x3,medium,12,205,B1,2,15.0,6
original_fixed,3x3,medium,12,205,B2,8,122.0,14
original_fixed,3x3,medium,12,205,B3,4,42.0,8
original_fixed,3x3,medium,12,205,C1,2,32.0,7
original_fixed,3x3,medium,12,205,C2,2,7.0,5
original_fixed,3x3,medium,12,205,C3,1,4.0,7
original_fixed,3x3,medium,12,205,D1,5,77.0,11
original_fixed,3x3,medium,12,205,D2,3,43.0,9
original_fixed,3x3,medium,12,205,D3,3,23.0,9
original_fixed,3x3,medium,12,210,B1,3,30.0,8
original_fixed,3x3,medium,12,210,B2,5,109.0,12
original_fixed,3x3,medium,12,210,B3,5,65.0,8
original_fixed,3x3,medium,12,210,C1,3,45.0,7
original_fixed,3x3,medium,12,210,C2,2,17.0,8
original_fixed,3x3,medium,12,210,C3,2,14.0,5
original_fixed,3x3,medium,12,210,D1,7,109.0,11
original_fixed,3x3,medium,12,210,D2,4,61.0,9
original_fixed,3x3,medium,12,210,D3,3,38.0,9
original_fixed,3x3,medium,12,215,B1,4,48.0,8
original_fixed,3x3,medium,12,215,B2,6,138.0,10
original_fixed,3x3,medium,12,215,B3,6,95.0,8
original_fixed,3x3,medium,12,215,C1,4,61.0,10
original_fixed,3x3,medium,12,215,C2,2,27.0,8
original_fixed,3x3,medium,12,215,C3,4,33.0,7
original_fixed,3x3,medium,12,215,D1,8,146.0,12
original_fixed,3x3,medium,12,215,D2,8,95.0,10
original_fixed,3x3,medium,12,215,D3,5,58.0,7
original_fixed,3x3,medium,12,220,B1,4,68.0,10
original_fixed,3x3,medium,12,220,B2,7,169.0,11
original_fixed,3x3,medium,12,220,B3,6,125.0,8
original_fixed,3x3,medium,12,220,C1,4,81.0,11
original_fixed,3x3,medium,12,220,C2,2,37.0,8
original_fixed,3x3,medium,12,220,C3,5,54.0,9
original_fixed,3x3,medium,12,220,D1,9,190.0,12
original_fixed,3x3,medium,12,220,D2,8,135.0,11
original_fixed,3x3,medium,12,220,D3,5,83.0,5
original_fixed,3x3,medium,12,225,B1,5,89.0,8
original_fixed,3x3,medium,12,225,B2,7,204.0,11
original_fixed,3x3,medium,12,225,B3,7,158.0,9
original_fixed,3x3,medium,12,225,C1,5,104.0,11
original_fixed,3x3,medium,12,225,C2,4,54.0,8
original_fixed,3x3,medium,12,225,C3,5,79.0,11
original_fixed,3x3,medium,12,225,D1,9,235.0,14
original_fixed,3x3,medium,12,225,D2,7,147.0,14
original_fixed,3x3,medium,12,225,D3,5,108.0,6
original_fixed,3x3,medium,12,230,B1,0,0.0,7
original_fixed,3x3,medium,12,230,B2,0,0.0,9
original_fixed,3x3,medium,12,230,B3,1,20.0,7
original_fixed,3x3,medium,12,230,C1,1,3.0,8
original_fixed,3x3,medium,12,230,C2,1,3.0,9
original_fixed,3x3,medium,12,230,C3,1,1.0,10
original_fixed,3x3,medium,12,230,D1,3,32.0,15
original_fixed,3x3,medium,12,230,D2,3,9.0,14
original_fixed,3x3,medium,12,230,D3,0,0.0,3
original_fixed,3x3,medium,12,235,B1,2,5.0,7
original_fixed,3x3,medium,12,235,B2,3,6.0,9
original_fixed,3x3,medium,12,235,B3,0,0.0,6
original_fixed,3x3,medium,12,235,C1,1,8.0,6
original_fixed,3x3,medium,12,235,C2,2,9.0,16
original_fixed,3x3,medium,12,235,C3,1,6.0,10
original_fixed,3x3,medium,12,235,D1,1,4.0,15
original_fixed,3x3,medium,12,235,D2,4,29.0,13
original_fixed,3x3,medium,12,235,D3,0,0.0,3
original_fixed,3x3,medium,12,240,B1,3,19.0,8
original_fixed,3x3,medium,12,240,B2,3,21.0,10
original_fixed,3x3,medium,12,240,B3,0,0.0,4
original_fixed,3x3,medium,12,240,C1,2,15.0,7
original_fixed,3x3,medium,12,240,C2,2,19.0,17
original_fixed,3x3,medium,12,240,C3,4,19.0,9
original_fixed,3x3,medium,12,240,D1,1,9.0,13
original_fixed,3x3,medium,12,240,D2,6,54.0,12
original_fixed,3x3,medium,12,240,D3,0,0.0,2
original_fixed,3x3,medium,12,245,B1,3,34.0,8
original_fixed,3x3,medium,12,245,B2,2,24.0,9
original_fixed,3x3,medium,12,245,B3,0,0.0,4
original_fixed,3x3,medium,12,245,C1,2,25.0,7
original_fixed,3x3,medium,12,245,C2,3,30.0,17
original_fixed,3x3,medium,12,245,C3,5,42.0,8
original_fixed,3x3,medium,12,245,D1,4,20.0,14
original_fixed,3x3,medium,12,245,D2,7,85.0,13
original_fixed,3x3,medium,12,245,D3,0,0.0,3
original_fixed,3x3,medium,12,250,B1,4,51.0,10
original_fixed,3x3,medium,12,250,B2,2,34.0,10
original_fixed,3x3,medium,12,250,B3,0,0.0,5
original_fixed,3x3,medium,12,250,C1,2,35.0,7
original_fixed,3x3,medium,12,250,C2,4,47.0,14
original_fixed,3x3,medium,12,250,C3,5,67.0,7
original_fixed,3x3,medium,12,250,D1,12,66.0,16
original_fixed,3x3,medium,12,250,D2,9,126.0,13
original_fixed,3x3,medium,12,250,D3,0,0.0,2
original_fixed,3x3,medium,12,255,B1,4,71.0,11
original_fixed,3x3,medium,12,255,B2,3,46.0,10
original_fixed,3x3,medium,12,255,B3,0,0.0,5
original_fixed,3x3,medium,12,255,C1,3,47.0,8
original_fixed,3x3,medium,12,255,C2,7,78.0,12
original_fixed,3x3,medium,12,255,C3,5,92.0,9
original_fixed,3x3,medium,12,255,D1,13,127.0,17
original_fixed,3x3,medium,12,255,D2,10,174.0,14
original_fixed,3x3,medium,12,255,D3,0,0.0,2
original_fixed,3x3,medium,12,260,B1,6,99.0,12
original_fixed,3x3,medium,12,260,B2,6,72.0,11
original_fixed,3x3,medium,12,260,B3,0,0.0,5
original_fixed,3x3,medium,12,260,C1,3,62.0,8
original_fixed,3x3,medium,12,260,C2,9,119.0,11
original_fixed,3x3,medium,12,260,C3,5,117.0,10
original_fixed,3x3,medium,12,260,D1,14,194.0,19
original_fixed,3x3,medium,12,260,D2,11,226.0,15
original_fixed,3x3,medium,12,260,D3,0,0.0,0
original_fixed,3x3,medium,12,265,B1,7,131.0,12
original_fixed,3x3,medium,12,265,B2,6,102.0,10
original_fixed,3x3,medium,12,265,B3,1,5.0,4
original_fixed,3x3,medium,12,265,C1,5,81.0,10
original_fixed,3x3,medium,12,265,C2,10,169.0,12
original_fixed,3x3,medium,12,265,C3,6,146.0,10
original_fixed,3x3,medium,12,265,D1,14,227.0,19
original_fixed,3x3,medium,12,265,D2,11,254.0,17
original_fixed,3x3,medium,12,265,D3,0,0.0,1
original_fixed,3x3,medium,12,270,B1,9,172.0,12
original_fixed,3x3,medium,12,270,B2,8,138.0,10
original_fixed,3x3,medium,12,270,B3,1,10.0,5
original_fixed,3x3,medium,12,270,C1,7,110.0,10
original_fixed,3x3,medium,12,270,C2,10,219.0,12
original_fixed,3x3,medium,12,270,C3,7,179.0,10
original_fixed,3x3,medium,12,270,D1,10,195.0,19
original_fixed,3x3,medium,12,270,D2,11,298.0,18
original_fixed,3x3,medium,12,270,D3,0,0.0,4
original_fixed,3x3,medium,12,275,B1,1,6.0,10
original_fixed,3x3,medium,12,275,B2,0,0.0,8
original_fixed,3x3,medium,12,275,B3,1,4.0,6
original_fixed,3x3,medium,12,275,C1,0,0.0,7
original_fixed,3x3,medium,12,275,C2,1,3.0,11
original_fixed,3x3,medium,12,275,C3,2,9.0,7
original_fixed,3x3,medium,12,275,D1,4,12.0,16
original_fixed,3x3,medium,12,275,D2,3,15.0,16
original_fixed,3x3,medium,12,275,D3,0,0.0,5
original_fixed,3x3,medium,12,280,B1,3,14.0,11
original_fixed,3x3,medium,12,280,B2,0,0.0,6
original_fixed,3x3,medium,12,280,B3,2,14.0,6
original_fixed,3x3,medium,12,280,C1,1,1.0,6
original_fixed,3x3,medium,12,280,C2,4,17.0,14
original_fixed,3x3,medium,12,280,C3,2,10.0,8
original_fixed,3x3,medium,12,280,D1,7,32.0,18
original_fixed,3x3,medium,12,280,D2,9,47.0,17
original_fixed,3x3,medium,12,280,D3,0,0.0,7
original_fixed,3x3,medium,12,285,B1,5,33.0,12
original_fixed,3x3,medium,12,285,B2,0,0.0,7
original_fixed,3x3,medium,12,285,B3,3,28.0,6
original_fixed,3x3,medium,12,285,C1,2,8.0,5
original_fixed,3x3,medium,12,285,C2,3,22.0,17
original_fixed,3x3,medium,12,285,C3,2,20.0,8
original_fixed,3x3,medium,12,285,D1,9,69.0,17
original_fixed,3x3,medium,12,285,D2,8,76.0,15
original_fixed,3x3,medium,12,285,D3,2,2.0,6
original_fixed,3x3,medium,12,290,B1,2,22.0,15
original_fixed,3x3,medium,12,290,B2,0,0.0,7
original_fixed,3x3,medium,12,290,B3,3,43.0,5
original_fixed,3x3,medium,12,290,C1,2,18.0,5
original_fixed,3x3,medium,12,290,C2,1,18.0,18
original_fixed,3x3,medium,12,290,C3,2,30.0,7
original_fixed,3x3,medium,12,290,D1,10,117.0,16
original_fixed,3x3,medium,12,290,D2,6,99.0,14
original_fixed,3x3,medium,12,290,D3,3,16.0,8
original_fixed,3x3,medium,12,295,B1,2,32.0,17
original_fixed,3x3,medium,12,295,B2,0,0.0,8
original_fixed,3x3,medium,12,295,B3,4,63.0,6
original_fixed,3x3,medium,12,295,C1,4,33.0,7
original_fixed,3x3,medium,12,295,C2,5,33.0,15
original_fixed,3x3,medium,12,295,C3,2,40.0,8
original_fixed,3x3,medium,12,295,D1,10,158.0,15
original_fixed,3x3,medium,12,295,D2,7,130.0,11
original_fixed,3x3,medium,12,295,D3,5,35.0,10
original_fixed,3x3,medium,12,300,B1,3,45.0,13
original_fixed,3x3,medium,12,300,B2,0,0.0,9
original_fixed,3x3,medium,12,300,B3,4,83.0,7
original_fixed,3x3,medium,12,300,C1,4,53.0,8
original_fixed,3x3,medium,12,300,C2,6,61.0,15
original_fixed,3x3,medium,12,300,C3,4,53.0,8
original_fixed,3x3,medium,12,300,D1,9,195.0,12
original_fixed,3x3,medium,12,300,D2,8,166.0,10
original_fixed,3x3,medium,12,300,D3,5,60.0,11
original_fixed,3x3,medium,12,305,B1,6,70.0,12
original_fixed,3x3,medium,12,305,B2,0,0.0,10
original_fixed,3x3,medium,12,305,B3,4,103.0,9
original_fixed,3x3,medium,12,305,C1,4,73.0,12
original_fixed,3x3,medium,12,305,C2,11,110.0,14
original_fixed,3x3,medium,12,305,C3,4,73.0,8
original_fixed,3x3,medium,12,305,D1,9,240.0,11
original_fixed,3x3,medium,12,305,D2,9,208.0,12
original_fixed,3x3,medium,12,305,D3,7,90.0,11
original_fixed,3x3,medium,12,310,B1,8,106.0,10
original_fixed,3x3,medium,12,310,B2,3,9.0,10
original_fixed,3x3,medium,12,310,B3,5,124.0,9
original_fixed,3x3,medium,12,310,C1,7,102.0,14
original_fixed,3x3,medium,12,310,C2,11,165.0,15
original_fixed,3x3,medium,12,310,C3,6,100.0,11
original_fixed,3x3,medium,12,310,D1,9,285.0,11
original_fixed,3x3,medium,12,310,D2,9,253.0,12
original_fixed,3x3,medium,12,310,D3,7,125.0,9
original_fixed,3x3,medium,12,315,B1,8,146.0,9
original_fixed,3x3,medium,12,315,B2,5,27.0,11
original_fixed,3x3,medium,12,315,B3,5,149.0,11
original_fixed,3x3,medium,12,315,C1,8,142.0,16
original_fixed,3x3,medium,12,315,C2,12,222.0,14
original_fixed,3x3,medium,12,315,C3,6,103.0,12
original_fixed,3x3,medium,12,315,D1,10,335.0,12
original_fixed,3x3,medium,12,315,D2,9,298.0,13
original_fixed,3x3,medium,12,315,D3,7,160.0,8
original_fixed,3x3,medium,12,320,B1,2,26.0,7
original_fixed,3x3,medium,12,320,B2,2,4.0,9
original_fixed,3x3,medium,12,320,B3,2,3.0,12
original_fixed,3x3,medium,12,320,C1,4,16.0,13
original_fixed,3x3,medium,12,320,C2,3,29.0,11
original_fixed,3x3,medium,12,320,C3,3,9.0,11
original_fixed,3x3,medium,12,320,D1,6,157.0,12
original_fixed,3x3,medium,12,320,D2,1,3.0,11
original_fixed,3x3,medium,12,320,D3,1,2.0,5
original_fixed,3x3,medium,12,325,B1,0,0.0,6
original_fixed,3x3,medium,12,325,B2,4,20.0,10
original_fixed,3x3,medium,12,325,B3,3,18.0,12
original_fixed,3x3,medium,12,325,C1,4,26.0,12
original_fixed,3x3,medium,12,325,C2,0,0.0,11
original_fixed,3x3,medium,12,325,C3,4,28.0,11
original_fixed,3x3,medium,12,325,D1,2,22.0,12
original_fixed,3x3,medium,12,325,D2,4,15.0,11
original_fixed,3x3,medium,12,325,D3,1,7.0,4
original_fixed,3x3,medium,12,330,B1,0,0.0,9
original_fixed,3x3,medium,12,330,B2,2,23.0,10
original_fixed,3x3,medium,12,330,B3,3,33.0,13
original_fixed,3x3,medium,12,330,C1,5,50.0,11
original_fixed,3x3,medium,12,330,C2,3,7.0,10
original_fixed,3x3,medium,12,330,C3,5,52.0,11
original_fixed,3x3,medium,12,330,D1,1,12.0,15
original_fixed,3x3,medium,12,330,D2,4,27.0,12
original_fixed,3x3,medium,12,330,D3,1,12.0,6
original_fixed,3x3,medium,12,335,B1,2,8.0,9
original_fixed,3x3,medium,12,335,B2,2,33.0,13
original_fixed,3x3,medium,12,335,B3,5,52.0,13
original_fixed,3x3,medium,12,335,C1,6,76.0,10
original_fixed,3x3,medium,12,335,C2,3,22.0,10
original_fixed,3x3,medium,12,335,C3,6,81.0,13
original_fixed,3x3,medium,12,335,D1,1,17.0,12
original_fixed,3x3,medium,12,335,D2,2,21.0,13
original_fixed,3x3,medium,12,335,D3,1,17.0,7
original_fixed,3x3,medium,12,340,B1,2,18.0,7
original_fixed,3x3,medium,12,340,B2,4,47.0,12
original_fixed,3x3,medium,12,340,B3,9,91.0,13
original_fixed,3x3,medium,12,340,C1,7,110.0,12
original_fixed,3x3,medium,12,340,C2,2,5.0,9
original_fixed,3x3,medium,12,340,C3,6,111.0,12
original_fixed,3x3,medium,12,340,D1,1,22.0,10
original_fixed,3x3,medium,12,340,D2,4,36.0,10
original_fixed,3x3,medium,12,340,D3,1,22.0,5
original_fixed,3x3,medium,12,345,B1,3,30.0,4
original_fixed,3x3,medium,12,345,B2,6,73.0,12
original_fixed,3x3,medium,12,345,B3,12,148.0,14
original_fixed,3x3,medium,12,345,C1,8,150.0,13
original_fixed,3x3,medium,12,345,C2,3,20.0,8
original_fixed,3x3,medium,12,345,C3,6,141.0,12
original_fixed,3x3,medium,12,345,D1,4,32.0,9
original_fixed,3x3,medium,12,345,D2,5,59.0,11
original_fixed,3x3,medium,12,345,D3,1,27.0,7
original_fixed,3x3,medium,12,350,B1,3,45.0,5
original_fixed,3x3,medium,12,350,B2,8,109.0,11
original_fixed,3x3,medium,12,350,B3,13,211.0,17
original_fixed,3x3,medium,12,350,C1,9,195.0,14
original_fixed,3x3,medium,12,350,C2,3,35.0,7
original_fixed,3x3,medium,12,350,C3,7,172.0,11
original_fixed,3x3,medium,12,350,D1,6,57.0,8
original_fixed,3x3,medium,12,350,D2,7,87.0,14
original_fixed,3x3,medium,12,350,D3,2,37.0,7
original_fixed,3x3,medium,12,355,B1,4,65.0,8
original_fixed,3x3,medium,12,355,B2,8,149.0,11
original_fixed,3x3,medium,12,355,B3,13,276.0,19
original_fixed,3x3,medium,12,355,C1,10,242.0,14
original_fixed,3x3,medium,12,355,C2,3,50.0,7
original_fixed,3x3,medium,12,355,C3,8,210.0,13
original_fixed,3x3,medium,12,355,D1,3,58.0,8
original_fixed,3x3,medium,12,355,D2,7,122.0,15
original_fixed,3x3,medium,12,355,D3,2,47.0,8
original_fixed,3x3,medium,12,360,B1,4,85.0,10
original_fixed,3x3,medium,12,360,B2,9,189.0,13
original_fixed,3x3,medium,12,360,B3,12,294.0,19
original_fixed,3x3,medium,12,360,C1,10,292.0,15
original_fixed,3x3,medium,12,360,C2,3,65.0,6
original_fixed,3x3,medium,12,360,C3,9,251.0,14
original_fixed,3x3,medium,12,360,D1,3,73.0,7
original_fixed,3x3,medium,12,360,D2,9,162.0,14
original_fixed,3x3,medium,12,360,D3,2,57.0,10
original_fixed,3x3,medium,12,365,B1,1,1.0,7
original_fixed,3x3,medium,12,365,B2,3,8.0,12
original_fixed,3x3,medium,12,365,B3,7,72.0,17
original_fixed,3x3,medium,12,365,C1,4,86.0,12
original_fixed,3x3,medium,12,365,C2,0,0.0,5
original_fixed,3x3,medium,12,365,C3,2,18.0,10
original_fixed,3x3,medium,12,365,D1,2,7.0,4
original_fixed,3x3,medium,12,365,D2,2,4.0,13
original_fixed,3x3,medium,12,365,D3,2,4.0,9
original_fixed,3x3,medium,12,370,B1,0,0.0,4
original_fixed,3x3,medium,12,370,B2,3,10.0,11
original_fixed,3x3,medium,12,370,B3,6,34.0,20
original_fixed,3x3,medium,12,370,C1,2,11.0,13
original_fixed,3x3,medium,12,370,C2,0,0.0,5
original_fixed,3x3,medium,12,370,C3,2,5.0,11
original_fixed,3x3,medium,12,370,D1,3,21.0,4
original_fixed,3x3,medium,12,370,D2,3,14.0,11
original_fixed,3x3,medium,12,370,D3,3,19.0,10
original_fixed,3x3,medium,12,375,B1,2,6.0,4
original_fixed,3x3,medium,12,375,B2,4,29.0,10
original_fixed,3x3,medium,12,375,B3,8,70.0,19
original_fixed,3x3,medium,12,375,C1,4,27.0,12
original_fixed,3x3,medium,12,375,C2,1,4.0,10
original_fixed,3x3,medium,12,375,C3,3,11.0,11
original_fixed,3x3,medium,12,375,D1,3,36.0,6
original_fixed,3x3,medium,12,375,D2,3,29.0,9
original_fixed,3x3,medium,12,375,D3,6,43.0,11
original_fixed,3x3,medium,12,380,B1,3,18.0,5
original_fixed,3x3,medium,12,380,B2,6,55.0,11
original_fixed,3x3,medium,12,380,B3,9,112.0,17
original_fixed,3x3,medium,12,380,C1,4,47.0,11
original_fixed,3x3,medium,12,380,C2,1,9.0,12
original_fixed,3x3,medium,12,380,C3,3,20.0,12
original_fixed,3x3,medium,12,380,D1,3,51.0,7
original_fixed,3x3,medium,12,380,D2,3,44.0,7
original_fixed,3x3,medium,12,380,D3,7,77.0,11
original_fixed,3x3,medium,12,385,B1,3,33.0,8
original_fixed,3x3,medium,12,385,B2,3,39.0,11
original_fixed,3x3,medium,12,385,B3,10,160.0,16
original_fixed,3x3,medium,12,385,C1,4,67.0,9
original_fixed,3x3,medium,12,385,C2,2,15.0,14
original_fixed,3x3,medium,12,385,C3,5,41.0,12
original_fixed,3x3,medium,12,385,D1,4,69.0,10
original_fixed,3x3,medium,12,385,D2,5,63.0,6
original_fixed,3x3,medium,12,385,D3,8,115.0,12
original_fixed,3x3,medium,12,390,B1,3,48.0,8
original_fixed,3x3,medium,12,390,B2,3,54.0,9
original_fixed,3x3,medium,12,390,B3,11,213.0,15
original_fixed,3x3,medium,12,390,C1,5,90.0,8
original_fixed,3x3,medium,12,390,C2,5,32.0,15
original_fixed,3x3,medium,12,390,C3,6,70.0,11
original_fixed,3x3,medium,12,390,D1,5,90.0,10
original_fixed,3x3,medium,12,390,D2,5,88.0,6
original_fixed,3x3,medium,12,390,D3,8,155.0,13
original_fixed,3x3,medium,12,395,B1,3,63.0,12
original_fixed,3x3,medium,12,395,B2,5,76.0,6
original_fixed,3x3,medium,12,395,B3,11,268.0,14
original_fixed,3x3,medium,12,395,C1,4,92.0,7
original_fixed,3x3,medium,12,395,C2,8,68.0,15
original_fixed,3x3,medium,12,395,C3,6,100.0,12
original_fixed,3x3,medium,12,395,D1,7,122.0,11
original_fixed,3x3,medium,12,395,D2,6,116.0,7
original_fixed,3x3,medium,12,395,D3,9,198.0,12
original_fixed,3x3,medium,12,400,B1,4,80.0,12
original_fixed,3x3,medium,12,400,B2,5,101.0,6
original_fixed,3x3,medium,12,400,B3,11,323.0,14
original_fixed,3x3,medium,12,400,C1,4,112.0,6
original_fixed,3x3,medium,12,400,C2,9,112.0,16
original_fixed,3x3,medium,12,400,C3,9,139.0,14
original_fixed,3x3,medium,12,400,D1,8,160.0,10
original_fixed,3x3,medium,12,400,D2,6,146.0,9
original_fixed,3x3,medium,12,400,D3,9,243.0,11
original_fixed,3x3,medium,12,405,B1,6,108.0,12
original_fixed,3x3,medium,12,405,B2,6,130.0,8
original_fixed,3x3,medium,12,405,B3,12,379.0,15
original_fixed,3x3,medium,12,405,C1,4,132.0,10
original_fixed,3x3,medium,12,405,C2,10,159.0,15
original_fixed,3x3,medium,12,405,C3,10,186.0,14
original_fixed,3x3,medium,12,405,D1,9,204.0,10
original_fixed,3x3,medium,12,405,D2,6,176.0,11
original_fixed,3x3,medium,12,405,D3,10,292.0,12
original_fixed,3x3,medium,12,410,B1,2,5.0,8
original_fixed,3x3,medium,12,410,B2,0,0.0,6
original_fixed,3x3,medium,12,410,B3,5,129.0,13
original_fixed,3x3,medium,12,410,C1,0,0.0,10
original_fixed,3x3,medium,12,410,C2,0,0.0,16
original_fixed,3x3,medium,12,410,C3,1,1.0,13
original_fixed,3x3,medium,12,410,D1,4,35.0,8
original_fixed,3x3,medium,12,410,D2,0,0.0,9
original_fixed,3x3,medium,12,410,D3,1,1.0,9
original_fixed,3x3,medium,12,415,B1,2,9.0,5
original_fixed,3x3,medium,12,415,B2,0,0.0,6
original_fixed,3x3,medium,12,415,B3,2,13.0,12
original_fixed,3x3,medium,12,415,C1,1,1.0,8
original_fixed,3x3,medium,12,415,C2,5,16.0,18
original_fixed,3x3,medium,12,415,C3,1,3.0,13
original_fixed,3x3,medium,12,415,D1,2,10.0,8
original_fixed,3x3,medium,12,415,D2,2,6.0,9
original_fixed,3x3,medium,12,415,D3,2,3.0,10
original_fixed,3x3,medium,12,420,B1,2,19.0,2
original_fixed,3x3,medium,12,420,B2,0,0.0,7
original_fixed,3x3,medium,12,420,B3,2,11.0,12
original_fixed,3x3,medium,12,420,C1,3,10.0,10
original_fixed,3x3,medium,12,420,C2,8,51.0,21
original_fixed,3x3,medium,12,420,C3,3,13.0,13
original_fixed,3x3,medium,12,420,D1,1,13.0,11
original_fixed,3x3,medium,12,420,D2,0,0.0,7
original_fixed,3x3,medium,12,420,D3,3,18.0,10
original_fixed,3x3,medium,12,425,B1,2,29.0,3
original_fixed,3x3,medium,12,425,B2,1,3.0,7
original_fixed,3x3,medium,12,425,B3,3,26.0,11
original_fixed,3x3,medium,12,425,C1,5,31.0,9
original_fixed,3x3,medium,12,425,C2,12,105.0,20
original_fixed,3x3,medium,12,425,C3,3,28.0,13
original_fixed,3x3,medium,12,425,D1,1,18.0,10
original_fixed,3x3,medium,12,425,D2,0,0.0,7
original_fixed,3x3,medium,12,425,D3,5,38.0,14
original_fixed,3x3,medium,12,430,B1,2,39.0,5
original_fixed,3x3,medium,12,430,B2,2,10.0,9
original_fixed,3x3,medium,12,430,B3,5,51.0,12
original_fixed,3x3,medium,12,430,C1,5,56.0,8
original_fixed,3x3,medium,12,430,C2,15,175.0,20
original_fixed,3x3,medium,12,430,C3,6,53.0,11
original_fixed,3x3,medium,12,430,D1,1,23.0,10
original_fixed,3x3,medium,12,430,D2,1,4.0,8
original_fixed,3x3,medium,12,430,D3,8,75.0,15
original_fixed,3x3,medium,12,435,B1,2,49.0,5
original_fixed,3x3,medium,12,435,B2,3,23.0,9
original_fixed,3x3,medium,12,435,B3,5,76.0,12
original_fixed,3x3,medium,12,435,C1,6,83.0,9
original_fixed,3x3,medium,12,435,C2,18,257.0,20
original_fixed,3x3,medium,12,435,C3,5,59.0,11
original_fixed,3x3,medium,12,435,D1,2,31.0,11
original_fixed,3x3,medium,12,435,D2,4,20.0,8
original_fixed,3x3,medium,12,435,D3,9,118.0,15
original_fixed,3x3,medium,12,440,B1,2,59.0,5
original_fixed,3x3,medium,12,440,B2,5,47.0,10
original_fixed,3x3,medium,12,440,B3,6,106.0,10
original_fixed,3x3,medium,12,440,C1,6,113.0,11
original_fixed,3x3,medium,12,440,C2,15,262.0,20
original_fixed,3x3,medium,12,440,C3,4,72.0,12
original_fixed,3x3,medium,12,440,D1,3,45.0,10
original_fixed,3x3,medium,12,440,D2,5,42.0,8
original_fixed,3x3,medium,12,440,D3,10,164.0,15
original_fixed,3x3,medium,12,445,B1,3,70.0,4
original_fixed,3x3,medium,12,445,B2,6,76.0,9
original_fixed,3x3,medium,12,445,B3,6,136.0,9
original_fixed,3x3,medium,12,445,C1,6,143.0,11
original_fixed,3x3,medium,12,445,C2,11,223.0,19
original_fixed,3x3,medium,12,445,C3,4,92.0,13
original_fixed,3x3,medium,12,445,D1,4,64.0,10
original_fixed,3x3,medium,12,445,D2,7,72.0,11
original_fixed,3x3,medium,12,445,D3,10,111.0,16
original_fixed,3x3,medium,12,450,B1,3,85.0,4
original_fixed,3x3,medium,12,450,B2,6,106.0,10
original_fixed,3x3,medium,12,450,B3,6,166.0,8
original_fixed,3x3,medium,12,450,C1,7,174.0,14
original_fixed,3x3,medium,12,450,C2,12,279.0,20
original_fixed,3x3,medium,12,450,C3,5,115.0,13
original_fixed,3x3,medium,12,450,D1,6,90.0,9
original_fixed,3x3,medium,12,450,D2,7,107.0,12
original_fixed,3x3,medium,12,450,D3,8,113.0,15
original_fixed,3x3,medium,12,455,B1,1,1.0,4
original_fixed,3x3,medium,12,455,B2,0,0.0,8
original_fixed,3x3,medium,12,455,B3,2,4.0,7
original_fixed,3x3,medium,12,455,C1,3,11.0,12
original_fixed,3x3,medium,12,455,C2,6,97.0,19
original_fixed,3x3,medium,12,455,C3,0,0.0,13
original_fixed,3x3,medium,12,455,D1,1,3.0,6
original_fixed,3x3,medium,12,455,D2,0,0.0,9
original_fixed,3x3,medium,12,455,D3,3,7.0,13
original_fixed,3x3,medium,12,460,B1,1,6.0,8
original_fixed,3x3,medium,12,460,B2,0,0.0,6
original_fixed,3x3,medium,12,460,B3,3,17.0,8
original_fixed,3x3,medium,12,460,C1,4,29.0,13
original_fixed,3x3,medium,12,460,C2,5,29.0,16
original_fixed,3x3,medium,12,460,C3,5,15.0,13
original_fixed,3x3,medium,12,460,D1,1,8.0,5
original_fixed,3x3,medium,12,460,D2,2,4.0,10
original_fixed,3x3,medium,12,460,D3,6,31.0,12
original_fixed,3x3,medium,12,465,B1,1,11.0,11
original_fixed,3x3,medium,12,465,B2,0,0.0,4
original_fixed,3x3,medium,12,465,B3,3,32.0,7
original_fixed,3x3,medium,12,465,C1,6,53.0,15
original_fixed,3x3,medium,12,465,C2,6,59.0,15
original_fixed,3x3,medium,12,465,C3,7,48.0,15
original_fixed,3x3,medium,12,465,D1,1,13.0,7
original_fixed,3x3,medium,12,465,D2,4,22.0,12
original_fixed,3x3,medium,12,465,D3,7,66.0,13
original_fixed,3x3,medium,12,470,B1,1,16.0,10
original_fixed,3x3,medium,12,470,B2,1,3.0,3
original_fixed,3x3,medium,12,470,B3,4,51.0,8
original_fixed,3x3,medium,12,470,C1,7,87.0,15
original_fixed,3x3,medium,12,470,C2,6,89.0,14
original_fixed,3x3,medium,12,470,C3,6,68.0,14
original_fixed,3x3,medium,12,470,D1,2,22.0,7
original_fixed,3x3,medium,12,470,D2,4,42.0,11
original_fixed,3x3,medium,12,470,D3,8,103.0,15
original_fixed,3x3,medium,12,475,B1,2,23.0,8
original_fixed,3x3,medium,12,475,B2,2,11.0,2
original_fixed,3x3,medium,12,475,B3,4,52.0,10
original_fixed,3x3,medium,12,475,C1,8,126.0,12
original_fixed,3x3,medium,12,475,C2,8,124.0,13
original_fixed,3x3,medium,12,475,C3,6,60.0,15
original_fixed,3x3,medium,12,475,D1,2,32.0,9
original_fixed,3x3,medium,12,475,D2,5,65.0,10
original_fixed,3x3,medium,12,475,D3,9,148.0,14
original_fixed,3x3,medium,12,480,B1,3,36.0,6
original_fixed,3x3,medium,12,480,B2,2,21.0,4
original_fixed,3x3,medium,12,480,B3,3,45.0,7
original_fixed,3x3,medium,12,480,C1,10,176.0,12
original_fixed,3x3,medium,12,480,C2,8,164.0,14
original_fixed,3x3,medium,12,480,C3,6,84.0,16
original_fixed,3x3,medium,12,480,D1,3,44.0,10
original_fixed,3x3,medium,12,480,D2,6,91.0,9
original_fixed,3x3,medium,12,480,D3,9,193.0,15
original_fixed,3x3,medium,12,485,B1,4,56.0,6
original_fixed,3x3,medium,12,485,B2,2,31.0,5
original_fixed,3x3,medium,12,485,B3,3,60.0,9
original_fixed,3x3,medium,12,485,C1,10,226.0,13
original_fixed,3x3,medium,12,485,C2,9,208.0,14
original_fixed,3x3,medium,12,485,C3,6,114.0,15
original_fixed,3x3,medium,12,485,D1,4,62.0,12
original_fixed,3x3,medium,12,485,D2,6,121.0,10
original_fixed,3x3,medium,12,485,D3,10,240.0,14
original_fixed,3x3,medium,12,490,B1,4,76.0,5
original_fixed,3x3,medium,12,490,B2,2,41.0,6
original_fixed,3x3,medium,12,490,B3,6,82.0,10
original_fixed,3x3,medium,12,490,C1,10,276.0,15
original_fixed,3x3,medium,12,490,C2,10,256.0,12
original_fixed,3x3,medium,12,490,C3,7,146.0,15
original_fixed,3x3,medium,12,490,D1,4,82.0,10
original_fixed,3x3,medium,12,490,D2,8,155.0,12
original_fixed,3x3,medium,12,490,D3,11,286.0,15
original_fixed,3x3,medium,12,495,B1,4,96.0,5
original_fixed,3x3,medium,12,495,B2,2,51.0,6
original_fixed,3x3,medium,12,495,B3,6,112.0,12
original_fixed,3x3,medium,12,495,C1,10,326.0,15
original_fixed,3x3,medium,12,495,C2,10,306.0,12
original_fixed,3x3,medium,12,495,C3,9,187.0,15
original_fixed,3x3,medium,12,495,D1,6,111.0,9
original_fixed,3x3,medium,12,495,D2,8,195.0,12
original_fixed,3x3,medium,12,495,D3,11,341.0,15
original_fixed,3x3,medium,12,500,B1,0,0.0,2
original_fixed,3x3,medium,12,500,B2,1,4.0,5
original_fixed,3x3,medium,12,500,B3,1,5.0,10
original_fixed,3x3,medium,12,500,C1,3,60.0,13
original_fixed,3x3,medium,12,500,C2,6,104.0,11
original_fixed,3x3,medium,12,500,C3,2,2.0,14
original_fixed,3x3,medium,12,500,D1,0,0.0,7
original_fixed,3x3,medium,12,500,D2,2,13.0,10
original_fixed,3x3,medium,12,500,D3,6,158.0,13
original_fixed,3x3,medium,12,505,B1,0,0.0,2
original_fixed,3x3,medium,12,505,B2,1,9.0,4
original_fixed,3x3,medium,12,505,B3,2,12.0,12
original_fixed,3x3,medium,12,505,C1,2,7.0,13
original_fixed,3x3,medium,12,505,C2,2,15.0,12
original_fixed,3x3,medium,12,505,C3,1,6.0,13
original_fixed,3x3,medium,12,505,D1,1,2.0,8
original_fixed,3x3,medium,12,505,D2,3,13.0,9
original_fixed,3x3,medium,12,505,D3,3,13.0,12
original_fixed,3x3,medium,12,510,B1,0,0.0,4
original_fixed,3x3,medium,12,510,B2,1,14.0,3
original_fixed,3x3,medium,12,510,B3,5,32.0,14
original_fixed,3x3,medium,12,510,C1,2,14.0,12
original_fixed,3x3,medium,12,510,C2,2,25.0,11
original_fixed,3x3,medium,12,510,C3,2,12.0,12
original_fixed,3x3,medium,12,510,D1,0,0.0,7
original_fixed,3x3,medium,12,510,D2,3,28.0,11
original_fixed,3x3,medium,12,510,D3,2,19.0,10
original_fixed,3x3,medium,12,515,B1,0,0.0,4
original_fixed,3x3,medium,12,515,B2,1,19.0,5
original_fixed,3x3,medium,12,515,B3,6,62.0,14
original_fixed,3x3,medium,12,515,C1,4,30.0,12
original_fixed,3x3,medium,12,515,C2,3,36.0,10
original_fixed,3x3,medium,12,515,C3,2,22.0,8
original_fixed,3x3,medium,12,515,D1,0,0.0,6
original_fixed,3x3,medium,12,515,D2,4,46.0,11
original_fixed,3x3,medium,12,515,D3,2,29.0,7
original_fixed,3x3,medium,12,520,B1,1,3.0,5
original_fixed,3x3,medium,12,520,B2,2,27.0,5
original_fixed,3x3,medium,12,520,B3,4,39.0,15
original_fixed,3x3,medium,12,520,C1,7,56.0,13
original_fixed,3x3,medium,12,520,C2,5,57.0,9
original_fixed,3x3,medium,12,520,C3,2,32.0,7
original_fixed,3x3,medium,12,520,D1,1,5.0,5
original_fixed,3x3,medium,12,520,D2,4,66.0,13
original_fixed,3x3,medium,12,520,D3,2,39.0,6
original_fixed,3x3,medium,12,525,B1,2,13.0,6
original_fixed,3x3,medium,12,525,B2,2,37.0,5
original_fixed,3x3,medium,12,525,B3,5,45.0,14
original_fixed,3x3,medium,12,525,C1,8,92.0,13
original_fixed,3x3,medium,12,525,C2,5,82.0,8
original_fixed,3x3,medium,12,525,C3,2,42.0,8
original_fixed,3x3,medium,12,525,D1,1,10.0,4
original_fixed,3x3,medium,12,525,D2,5,87.0,14
original_fixed,3x3,medium,12,525,D3,2,49.0,8
original_fixed,3x3,medium,12,530,B1,3,28.0,8
original_fixed,3x3,medium,12,530,B2,2,47.0,5
original_fixed,3x3,medium,12,530,B3,8,78.0,13
original_fixed,3x3,medium,12,530,C1,8,132.0,13
original_fixed,3x3,medium,12,530,C2,5,107.0,10
original_fixed,3x3,medium,12,530,C3,4,62.0,8
original_fixed,3x3,medium,12,530,D1,2,16.0,6
original_fixed,3x3,medium,12,530,D2,6,116.0,14
original_fixed,3x3,medium,12,530,D3,2,59.0,11
original_fixed,3x3,medium,12,535,B1,3,43.0,8
original_fixed,3x3,medium,12,535,B2,3,62.0,8
original_fixed,3x3,medium,12,535,B3,5,78.0,12
original_fixed,3x3,medium,12,535,C1,9,175.0,13
original_fixed,3x3,medium,12,535,C2,7,138.0,10
original_fixed,3x3,medium,12,535,C3,5,84.0,8
original_fixed,3x3,medium,12,535,D1,2,26.0,8
original_fixed,3x3,medium,12,535,D2,7,147.0,12
original_fixed,3x3,medium,12,535,D3,3,71.0,10
original_fixed,3x3,medium,12,540,B1,3,58.0,7
original_fixed,3x3,medium,12,540,B2,4,82.0,8
original_fixed,3x3,medium,12,540,B3,3,86.0,12
original_fixed,3x3,medium,12,540,C1,7,145.0,13
original_fixed,3x3,medium,12,540,C2,7,173.0,13
original_fixed,3x3,medium,12,540,C3,5,109.0,6
original_fixed,3x3,medium,12,540,D1,2,36.0,9
original_fixed,3x3,medium,12,540,D2,7,182.0,12
original_fixed,3x3,medium,12,540,D3,5,92.0,11
original_fixed,3x3,medium,12,545,B1,3,9.0,7
original_fixed,3x3,medium,12,545,B2,0,0.0,8
original_fixed,3x3,medium,12,545,B3,2,6.0,12
original_fixed,3x3,medium,12,545,C1,4,9.0,12
original_fixed,3x3,medium,12,545,C2,1,4.0,12
original_fixed,3x3,medium,12,545,C3,0,0.0,5
original_fixed,3x3,medium,12,545,D1,0,0.0,8
original_fixed,3x3,medium,12,545,D2,1,1.0,10
original_fixed,3x3,medium,12,545,D3,1,4.0,10
original_fixed,3x3,medium,12,550,B1,3,18.0,8
original_fixed,3x3,medium,12,550,B2,2,6.0,9
original_fixed,3x3,medium,12,550,B3,6,26.0,12
original_fixed,3x3,medium,12,550,C1,4,29.0,10
original_fixed,3x3,medium,12,550,C2,3,12.0,14
original_fixed,3x3,medium,12,550,C3,1,4.0,8
original_fixed,3x3,medium,12,550,D1,1,5.0,7
original_fixed,3x3,medium,12,550,D2,2,10.0,8
original_fixed,3x3,medium,12,550,D3,2,13.0,10
original_fixed,3x3,medium,12,555,B1,4,38.0,9
original_fixed,3x3,medium,12,555,B2,2,16.0,8
original_fixed,3x3,medium,12,555,B3,9,61.0,12
original_fixed,3x3,medium,12,555,C1,4,49.0,8
original_fixed,3x3,medium,12,555,C2,4,26.0,15
original_fixed,3x3,medium,12,555,C3,1,9.0,10
original_fixed,3x3,medium,12,555,D1,2,13.0,9
original_fixed,3x3,medium,12,555,D2,3,21.0,8
original_fixed,3x3,medium,12,555,D3,3,24.0,9
original_fixed,3x3,medium,12,560,B1,5,59.0,9
original_fixed,3x3,medium,12,560,B2,3,29.0,6
original_fixed,3x3,medium,12,560,B3,9,106.0,12
original_fixed,3x3,medium,12,560,C1,6,75.0,9
original_fixed,3x3,medium,12,560,C2,3,35.0,13
original_fixed,3x3,medium,12,560,C3,2,16.0,11
original_fixed,3x3,medium,12,560,D1,2,23.0,9
original_fixed,3x3,medium,12,560,D2,3,36.0,8
original_fixed,3x3,medium,12,560,D3,5,43.0,10
original_fixed,3x3,medium,12,565,B1,6,87.0,8
original_fixed,3x3,medium,12,565,B2,3,44.0,4
original_fixed,3x3,medium,12,565,B3,10,154.0,13
original_fixed,3x3,medium,12,565,C1,6,105.0,15
original_fixed,3x3,medium,12,565,C2,5,56.0,11
original_fixed,3x3,medium,12,565,C3,4,35.0,9
original_fixed,3x3,medium,12,565,D1,2,33.0,7
original_fixed,3x3,medium,12,565,D2,4,55.0,11
original_fixed,3x3,medium,12,565,D3,5,65.0,10
original_fixed,3x3,medium,12,570,B1,6,117.0,11
original_fixed,3x3,medium,12,570,B2,4,64.0,4
original_fixed,3x3,medium,12,570,B3,10,204.0,15
original_fixed,3x3,medium,12,570,C1,6,135.0,17
original_fixed,3x3,medium,12,570,C2,5,77.0,11
original_fixed,3x3,medium,12,570,C3,4,55.0,8
original_fixed,3x3,medium,12,570,D1,3,45.0,10
original_fixed,3x3,medium,12,570,D2,5,80.0,10
original_fixed,3x3,medium,12,570,D3,6,94.0,11
original_fixed,3x3,medium,12,575,B1,8,154.0,11
original_fixed,3x3,medium,12,575,B2,4,84.0,4
original_fixed,3x3,medium,12,575,B3,10,254.0,15
original_fixed,3x3,medium,12,575,C1,7,166.0,16
original_fixed,3x3,medium,12,575,C2,6,104.0,9
original_fixed,3x3,medium,12,575,C3,5,79.0,11
original_fixed,3x3,medium,12,575,D1,4,62.0,10
original_fixed,3x3,medium,12,575,D2,6,108.0,9
original_fixed,3x3,medium,12,575,D3,6,124.0,11
original_fixed,3x3,medium,12,580,B1,8,194.0,11
original_fixed,3x3,medium,12,580,B2,4,104.0,5
original_fixed,3x3,medium,12,580,B3,11,308.0,15
original_fixed,3x3,medium,12,580,C1,11,208.0,15
original_fixed,3x3,medium,12,580,C2,6,134.0,9
original_fixed,3x3,medium,12,580,C3,6,104.0,13
original_fixed,3x3,medium,12,580,D1,4,82.0,10
original_fixed,3x3,medium,12,580,D2,6,138.0,9
original_fixed,3x3,medium,12,580,D3,8,157.0,9
original_fixed,3x3,medium,12,585,B1,9,239.0,12
original_fixed,3x3,medium,12,585,B2,4,124.0,5
original_fixed,3x3,medium,12,585,B3,11,363.0,14
original_fixed,3x3,medium,12,585,C1,11,263.0,17
original_fixed,3x3,medium,12,585,C2,7,167.0,9
original_fixed,3x3,medium,12,585,C3,6,131.0,15
original_fixed,3x3,medium,12,585,D1,4,102.0,9
original_fixed,3x3,medium,12,585,D2,8,173.0,10
original_fixed,3x3,medium,12,585,D3,8,197.0,10
original_fixed,3x3,medium,12,590,B1,2,14.0,11
original_fixed,3x3,medium,12,590,B2,0,0.0,3
original_fixed,3x3,medium,12,590,B3,5,120.0,12
original_fixed,3x3,medium,12,590,C1,4,23.0,15
original_fixed,3x3,medium,12,590,C2,2,10.0,9
original_fixed,3x3,medium,12,590,C3,2,5.0,14
original_fixed,3x3,medium,12,590,D1,2,5.0,9
original_fixed,3x3,medium,12,590,D2,0,0.0,7
original_fixed,3x3,medium,12,590,D3,0,0.0,7
original_fixed,3x3,medium,12,595,B1,2,12.0,11
original_fixed,3x3,medium,12,595,B2,1,2.0,5
original_fixed,3x3,medium,12,595,B3,2,8.0,10
original_fixed,3x3,medium,12,595,C1,4,22.0,15
original_fixed,3x3,medium,12,595,C2,1,3.0,12
original_fixed,3x3,medium,12,595,C3,5,22.0,13
original_fixed,3x3,medium,12,595,D1,3,16.0,10
original_fixed,3x3,medium,12,595,D2,0,0.0,4
original_fixed,3x3,medium,12,595,D3,0,0.0,4
original_fixed,3x3,medium,12,600,B1,3,23.0,12
original_fixed,3x3,medium,12,600,B2,1,7.0,8
original_fixed,3x3,medium,12,600,B3,3,20.0,8
original_fixed,3x3,medium,12,600,C1,5,46.0,15
original_fixed,3x3,medium,12,600,C2,1,8.0,12
original_fixed,3x3,medium,12,600,C3,6,50.0,12
original_fixed,3x3,medium,12,600,D1,3,31.0,9
original_fixed,3x3,medium,12,600,D2,2,5.0,6
original_fixed,3x3,medium,12,600,D3,0,0.0,4
original_fixed,3x3,medium,12,605,B1,4,29.0,13
original_fixed,3x3,medium,12,605,B2,1,12.0,10
original_fixed,3x3,medium,12,605,B3,4,38.0,7
original_fixed,3x3,medium,12,605,C1,7,79.0,16
original_fixed,3x3,medium,12,605,C2,1,13.0,11
original_fixed,3x3,medium,12,605,C3,5,72.0,12
original_fixed,3x3,medium,12,605,D1,4,47.0,9
original_fixed,3x3,medium,12,605,D2,2,15.0,6
original_fixed,3x3,medium,12,605,D3,0,0.0,2
original_fixed,3x3,medium,12,610,B1,3,34.0,13
original_fixed,3x3,medium,12,610,B2,2,19.0,11
original_fixed,3x3,medium,12,610,B3,4,58.0,6
original_fixed,3x3,medium,12,610,C1,8,116.0,16
original_fixed,3x3,medium,12,610,C2,4,28.0,10
original_fixed,3x3,medium,12,610,C3,6,100.0,10
original_fixed,3x3,medium,12,610,D1,7,75.0,10
original_fixed,3x3,medium,12,610,D2,2,25.0,8
original_fixed,3x3,medium,12,610,D3,0,0.0,4
original_fixed,3x3,medium,12,615,B1,5,53.0,12
original_fixed,3x3,medium,12,615,B2,4,34.0,13
original_fixed,3x3,medium,12,615,B3,4,78.0,9
original_fixed,3x3,medium,12,615,C1,11,165.0,17
original_fixed,3x3,medium,12,615,C2,5,52.0,10
original_fixed,3x3,medium,12,615,C3,6,130.0,11
original_fixed,3x3,medium,12,615,D1,7,110.0,10
original_fixed,3x3,medium,12,615,D2,3,39.0,8
original_fixed,3x3,medium,12,615,D3,0,0.0,3
original_fixed,3x3,medium,12,620,B1,5,78.0,12
original_fixed,3x3,medium,12,620,B2,6,61.0,12
original_fixed,3x3,medium,12,620,B3,4,98.0,9
original_fixed,3x3,medium,12,620,C1,14,232.0,19
original_fixed,3x3,medium,12,620,C2,6,79.0,11
original_fixed,3x3,medium,12,620,C3,5,147.0,11
original_fixed,3x3,medium,12,620,D1,7,145.0,11
original_fixed,3x3,medium,12,620,D2,4,58.0,9
original_fixed,3x3,medium,12,620,D3,0,0.0,6
original_fixed,3x3,medium,12,625,B1,5,103.0,12
original_fixed,3x3,medium,12,625,B2,7,94.0,11
original_fixed,3x3,medium,12,625,B3,4,118.0,10
original_fixed,3x3,medium,12,625,C1,10,184.0,19
original_fixed,3x3,medium,12,625,C2,7,111.0,12
original_fixed,3x3,medium,12,625,C3,6,175.0,10
original_fixed,3x3,medium,12,625,D1,7,180.0,9
original_fixed,3x3,medium,12,625,D2,4,78.0,8
original_fixed,3x3,medium,12,625,D3,1,1.0,5
original_fixed,3x3,medium,12,630,B1,5,128.0,13
original_fixed,3x3,medium,12,630,B2,9,134.0,14
original_fixed,3x3,medium,12,630,B3,5,139.0,9
original_fixed,3x3,medium,12,630,C1,5,137.0,17
original_fixed,3x3,medium,12,630,C2,8,150.0,12
original_fixed,3x3,medium,12,630,C3,9,216.0,10
original_fixed,3x3,medium,12,630,D1,7,215.0,9
original_fixed,3x3,medium,12,630,D2,5,102.0,8
original_fixed,3x3,medium,12,630,D3,2,10.0,6
original_fixed,3x3,medium,12,635,B1,3,10.0,11
original_fixed,3x3,medium,12,635,B2,1,13.0,12
original_fixed,3x3,medium,12,635,B3,0,0.0,7
original_fixed,3x3,medium,12,635,C1,2,5.0,16
original_fixed,3x3,medium,12,635,C2,3,18.0,11
original_fixed,3x3,medium,12,635,C3,2,7.0,10
original_fixed,3x3,medium,12,635,D1,0,0.0,6
original_fixed,3x3,medium,12,635,D2,0,0.0,7
original_fixed,3x3,medium,12,635,D3,1,3.0,4
original_fixed,3x3,medium,12,640,B1,4,28.0,11
original_fixed,3x3,medium,12,640,B2,2,3.0,14
original_fixed,3x3,medium,12,640,B3,0,0.0,12
original_fixed,3x3,medium,12,640,C1,4,19.0,13
original_fixed,3x3,medium,12,640,C2,8,34.0,15
original_fixed,3x3,medium,12,640,C3,2,11.0,9
original_fixed,3x3,medium,12,640,D1,2,7.0,6
original_fixed,3x3,medium,12,640,D2,1,4.0,6
original_fixed,3x3,medium,12,640,D3,2,11.0,3
original_fixed,3x3,medium,12,645,B1,6,55.0,11
original_fixed,3x3,medium,12,645,B2,2,13.0,12
original_fixed,3x3,medium,12,645,B3,2,6.0,11
original_fixed,3x3,medium,12,645,C1,7,49.0,13
original_fixed,3x3,medium,12,645,C2,9,79.0,18
original_fixed,3x3,medium,12,645,C3,2,21.0,9
original_fixed,3x3,medium,12,645,D1,5,27.0,8
original_fixed,3x3,medium,12,645,D2,1,9.0,6
original_fixed,3x3,medium,12,645,D3,2,21.0,3
original_fixed,3x3,medium,12,650,B1,7,86.0,12
original_fixed,3x3,medium,12,650,B2,3,24.0,11
original_fixed,3x3,medium,12,650,B3,2,16.0,13
original_fixed,3x3,medium,12,650,C1,11,95.0,12
original_fixed,3x3,medium,12,650,C2,11,128.0,20
original_fixed,3x3,medium,12,650,C3,1,1.0,7
original_fixed,3x3,medium,12,650,D1,5,52.0,7
original_fixed,3x3,medium,12,650,D2,1,14.0,5
original_fixed,3x3,medium,12,650,D3,3,34.0,5
original_fixed,3x3,medium,12,655,B1,9,126.0,13
original_fixed,3x3,medium,12,655,B2,3,39.0,10
original_fixed,3x3,medium,12,655,B3,4,32.0,11
original_fixed,3x3,medium,12,655,C1,11,150.0,13
original_fixed,3x3,medium,12,655,C2,14,192.0,21
original_fixed,3x3,medium,12,655,C3,1,6.0,4
original_fixed,3x3,medium,12,655,D1,5,77.0,10
original_fixed,3x3,medium,12,655,D2,1,19.0,5
original_fixed,3x3,medium,12,655,D3,3,49.0,10
original_fixed,3x3,medium,12,660,B1,9,171.0,15
original_fixed,3x3,medium,12,660,B2,3,54.0,9
original_fixed,3x3,medium,12,660,B3,5,56.0,12
original_fixed,3x3,medium,12,660,C1,11,205.0,14
original_fixed,3x3,medium,12,660,C2,14,197.0,22
original_fixed,3x3,medium,12,660,C3,3,15.0,5
original_fixed,3x3,medium,12,660,D1,6,106.0,9
original_fixed,3x3,medium,12,660,D2,2,25.0,5
original_fixed,3x3,medium,12,660,D3,3,64.0,12
original_fixed,3x3,medium,12,665,B1,9,216.0,16
original_fixed,3x3,medium,12,665,B2,4,72.0,9
original_fixed,3x3,medium,12,665,B3,7,87.0,12
original_fixed,3x3,medium,12,665,C1,12,263.0,18
original_fixed,3x3,medium,12,665,C2,14,223.0,22
original_fixed,3x3,medium,12,665,C3,3,30.0,4
original_fixed,3x3,medium,12,665,D1,6,136.0,9
original_fixed,3x3,medium,12,665,D2,2,35.0,6
original_fixed,3x3,medium,12,665,D3,3,79.0,11
original_fixed,3x3,medium,12,670,B1,10,264.0,17
original_fixed,3x3,medium,12,670,B2,5,97.0,7
original_fixed,3x3,medium,12,670,B3,7,122.0,10
original_fixed,3x3,medium,12,670,C1,13,325.0,20
original_fixed,3x3,medium,12,670,C2,14,293.0,21
original_fixed,3x3,medium,12,670,C3,3,45.0,4
original_fixed,3x3,medium,12,670,D1,6,166.0,7
original_fixed,3x3,medium,12,670,D2,3,48.0,7
original_fixed,3x3,medium,12,670,D3,5,98.0,9
original_fixed,3x3,medium,12,675,B1,10,314.0,16
original_fixed,3x3,medium,12,675,B2,5,122.0,7
original_fixed,3x3,medium,12,675,B3,8,160.0,13
original_fixed,3x3,medium,12,675,C1,13,390.0,22
original_fixed,3x3,medium,12,675,C2,15,329.0,20
original_fixed,3x3,medium,12,675,C3,4,63.0,4
original_fixed,3x3,medium,12,675,D1,3,62.0,7
original_fixed,3x3,medium,12,675,D2,3,63.0,10
original_fixed,3x3,medium,12,675,D3,7,131.0,9
original_fixed,3x3,medium,12,680,B1,2,18.0,12
original_fixed,3x3,medium,12,680,B2,1,3.0,8
original_fixed,3x3,medium,12,680,B3,2,5.0,11
original_fixed,3x3,medium,12,680,C1,8,171.0,20
original_fixed,3x3,medium,12,680,C2,5,34.0,17
original_fixed,3x3,medium,12,680,C3,0,0.0,2
original_fixed,3x3,medium,12,680,D1,4,14.0,5
original_fixed,3x3,medium,12,680,D2,2,3.0,9
original_fixed,3x3,medium,12,680,D3,0,0.0,6
original_fixed,3x3,medium,12,685,B1,2,5.0,10
original_fixed,3x3,medium,12,685,B2,1,8.0,7
original_fixed,3x3,medium,12,685,B3,4,19.0,9
original_fixed,3x3,medium,12,685,C1,9,72.0,20
original_fixed,3x3,medium,12,685,C2,7,33.0,17
original_fixed,3x3,medium,12,685,C3,0,0.0,3
original_fixed,3x3,medium,12,685,D1,4,34.0,5
original_fixed,3x3,medium,12,685,D2,3,16.0,10
original_fixed,3x3,medium,12,685,D3,1,3.0,7
original_fixed,3x3,medium,12,690,B1,4,18.0,9
original_fixed,3x3,medium,12,690,B2,1,13.0,9
original_fixed,3x3,medium,12,690,B3,7,46.0,9
original_fixed,3x3,medium,12,690,C1,9,59.0,22
original_fixed,3x3,medium,12,690,C2,11,84.0,16
original_fixed,3x3,medium,12,690,C3,0,0.0,4
original_fixed,3x3,medium,12,690,D1,4,54.0,6
original_fixed,3x3,medium,12,690,D2,3,22.0,11
original_fixed,3x3,medium,12,690,D3,1,8.0,7
original_fixed,3x3,medium,12,695,B1,4,38.0,10
original_fixed,3x3,medium,12,695,B2,1,18.0,10
original_fixed,3x3,medium,12,695,B3,5,42.0,9
original_fixed,3x3,medium,12,695,C1,12,113.0,24
original_fixed,3x3,medium,12,695,C2,12,142.0,16
original_fixed,3x3,medium,12,695,C3,0,0.0,5
original_fixed,3x3,medium,12,695,D1,4,74.0,5
original_fixed,3x3,medium,12,695,D2,4,38.0,8
original_fixed,3x3,medium,12,695,D3,1,13.0,5
original_fixed,3x3,medium,12,700,B1,4,58.0,9
original_fixed,3x3,medium,12,700,B2,1,23.0,9
original_fixed,3x3,medium,12,700,B3,3,42.0,10
original_fixed,3x3,medium,12,700,C1,15,183.0,24
original_fixed,3x3,medium,12,700,C2,11,179.0,16
original_fixed,3x3,medium,12,700,C3,0,0.0,4
original_fixed,3x3,medium,12,700,D1,4,94.0,6
original_fixed,3x3,medium,12,700,D2,4,58.0,8
original_fixed,3x3,medium,12,700,D3,2,19.0,5
original_fixed,3x3,medium,12,705,B1,4,78.0,6
original_fixed,3x3,medium,12,705,B2,2,29.0,8
original_fixed,3x3,medium,12,705,B3,3,57.0,8
original_fixed,3x3,medium,12,705,C1,19,250.0,26
original_fixed,3x3,medium,12,705,C2,12,236.0,16
original_fixed,3x3,medium,12,705,C3,0,0.0,7
original_fixed,3x3,medium,12,705,D1,4,114.0,6
original_fixed,3x3,medium,12,705,D2,6,87.0,10
original_fixed,3x3,medium,12,705,D3,3,30.0,7
original_fixed,3x3,medium,12,710,B1,4,98.0,5
original_fixed,3x3,medium,12,710,B2,3,41.0,8
original_fixed,3x3,medium,12,710,B3,4,77.0,8
original_fixed,3x3,medium,12,710,C1,16,227.0,25
original_fixed,3x3,medium,12,710,C2,12,296.0,19
original_fixed,3x3,medium,12,710,C3,2,4.0,9
original_fixed,3x3,medium,12,710,D1,4,134.0,7
original_fixed,3x3,medium,12,710,D2,7,118.0,11
original_fixed,3x3,medium,12,710,D3,3,45.0,8
original_fixed,3x3,medium,12,715,B1,4,118.0,6
original_fixed,3x3,medium,12,715,B2,3,56.0,7
original_fixed,3x3,medium,12,715,B3,4,97.0,10
original_fixed,3x3,medium,12,715,C1,13,220.0,22
original_fixed,3x3,medium,12,715,C2,12,356.0,18
original_fixed,3x3,medium,12,715,C3,2,14.0,9
original_fixed,3x3,medium,12,715,D1,5,156.0,8
original_fixed,3x3,medium,12,715,D2,7,153.0,13
original_fixed,3x3,medium,12,715,D3,3,60.0,8
original_fixed,3x3,medium,12,720,B1,4,138.0,7
original_fixed,3x3,medium,12,720,B2,5,75.0,8
original_fixed,3x3,medium,12,720,B3,6,125.0,10
original_fixed,3x3,medium,12,720,C1,11,191.0,21
original_fixed,3x3,medium,12,720,C2,14,422.0,20
original_fixed,3x3,medium,12,720,C3,4,29.0,7
original_fixed,3x3,medium,12,720,D1,5,181.0,11
original_fixed,3x3,medium,12,720,D2,8,193.0,12
original_fixed,3x3,medium,12,720,D3,5,79.0,9
original_fixed,3x3,medium,12,725,B1,1,4.0,5
original_fixed,3x3,medium,12,725,B2,0,0.0,7
original_fixed,3x3,medium,12,725,B3,1,2.0,10
original_fixed,3x3,medium,12,725,C1,6,29.0,20
original_fixed,3x3,medium,12,725,C2,9,207.0,19
original_fixed,3x3,medium,12,725,C3,1,4.0,6
original_fixed,3x3,medium,12,725,D1,0,0.0,11
original_fixed,3x3,medium,12,725,D2,3,28.0,11
original_fixed,3x3,medium,12,725,D3,1,3.0,7
original_fixed,3x3,medium,12,730,B1,2,10.0,7
original_fixed,3x3,medium,12,730,B2,0,0.0,6
original_fixed,3x3,medium,12,730,B3,2,6.0,11
original_fixed,3x3,medium,12,730,C1,6,36.0,18
original_fixed,3x3,medium,12,730,C2,8,91.0,18
original_fixed,3x3,medium,12,730,C3,1,9.0,5
original_fixed,3x3,medium,12,730,D1,1,3.0,12
original_fixed,3x3,medium,12,730,D2,2,9.0,13
original_fixed,3x3,medium,12,730,D3,3,10.0,6
original_fixed,3x3,medium,12,735,B1,2,20.0,8
original_fixed,3x3,medium,12,735,B2,0,0.0,6
original_fixed,3x3,medium,12,735,B3,3,18.0,8
original_fixed,3x3,medium,12,735,C1,9,75.0,17
original_fixed,3x3,medium,12,735,C2,4,30.0,20
original_fixed,3x3,medium,12,735,C3,1,14.0,6
original_fixed,3x3,medium,12,735,D1,3,16.0,11
original_fixed,3x3,medium,12,735,D2,2,19.0,13
original_fixed,3x3,medium,12,735,D3,2,19.0,7
original_fixed,3x3,medium,12,740,B1,2,30.0,6
original_fixed,3x3,medium,12,740,B2,1,4.0,6
original_fixed,3x3,medium,12,740,B3,3,33.0,8
original_fixed,3x3,medium,12,740,C1,13,132.0,19
original_fixed,3x3,medium,12,740,C2,5,13.0,19
original_fixed,3x3,medium,12,740,C3,1,19.0,7
original_fixed,3x3,medium,12,740,D1,5,34.0,10
original_fixed,3x3,medium,12,740,D2,2,29.0,17
original_fixed,3x3,medium,12,740,D3,2,29.0,8
original_fixed,3x3,medium,12,745,B1,2,40.0,6
original_fixed,3x3,medium,12,745,B2,2,13.0,7
original_fixed,3x3,medium,12,745,B3,4,49.0,7
original_fixed,3x3,medium,12,745,C1,16,205.0,20
original_fixed,3x3,medium,12,745,C2,8,47.0,18
original_fixed,3x3,medium,12,745,C3,1,24.0,7
original_fixed,3x3,medium,12,745,D1,6,61.0,8
original_fixed,3x3,medium,12,745,D2,6,51.0,17
original_fixed,3x3,medium,12,745,D3,2,39.0,8
original_fixed,3x3,medium,12,750,B1,2,50.0,5
original_fixed,3x3,medium,12,750,B2,3,28.0,8
original_fixed,3x3,medium,12,750,B3,5,73.0,9
original_fixed,3x3,medium,12,750,C1,16,285.0,21
original_fixed,3x3,medium,12,750,C2,11,94.0,18
original_fixed,3x3,medium,12,750,C3,2,33.0,7
original_fixed,3x3,medium,12,750,D1,7,92.0,8
original_fixed,3x3,medium,12,750,D2,4,59.0,13
original_fixed,3x3,medium,12,750,D3,3,51.0,9
original_fixed,3x3,medium,12,755,B1,2,60.0,5
original_fixed,3x3,medium,12,755,B2,4,46.0,11
original_fixed,3x3,medium,12,755,B3,5,98.0,8
original_fixed,3x3,medium,12,755,C1,17,370.0,20
original_fixed,3x3,medium,12,755,C2,15,163.0,18
original_fixed,3x3,medium,12,755,C3,5,55.0,7
original_fixed,3x3,medium,12,755,D1,7,127.0,10
original_fixed,3x3,medium,12,755,D2,6,82.0,13
original_fixed,3x3,medium,12,755,D3,6,76.0,9
original_fixed,3x3,medium,12,760,B1,3,74.0,5
original_fixed,3x3,medium,12,760,B2,5,67.0,11
original_fixed,3x3,medium,12,760,B3,5,123.0,11
original_fixed,3x3,medium,12,760,C1,18,456.0,19
original_fixed,3x3,medium,12,760,C2,15,218.0,18
original_fixed,3x3,medium,12,760,C3,5,80.0,8
original_fixed,3x3,medium,12,760,D1,7,162.0,12
original_fixed,3x3,medium,12,760,D2,8,118.0,14
original_fixed,3x3,medium,12,760,D3,7,110.0,11
original_fixed,3x3,medium,12,765,B1,4,92.0,5
original_fixed,3x3,medium,12,765,B2,6,97.0,12
original_fixed,3x3,medium,12,765,B3,6,151.0,12
original_fixed,3x3,medium,12,765,C1,18,546.0,20
original_fixed,3x3,medium,12,765,C2,11,170.0,17
original_fixed,3x3,medium,12,765,C3,6,109.0,8
original_fixed,3x3,medium,12,765,D1,8,200.0,12
original_fixed,3x3,medium,12,765,D2,8,153.0,14
original_fixed,3x3,medium,12,765,D3,7,145.0,13
original_fixed,3x3,medium,12,770,B1,1,1.0,2
original_fixed,3x3,medium,12,770,B2,2,2.0,10
original_fixed,3x3,medium,12,770,B3,1,1.0,12
original_fixed,3x3,medium,12,770,C1,14,405.0,21
original_fixed,3x3,medium,12,770,C2,4,37.0,17
original_fixed,3x3,medium,12,770,C3,0,0.0,6
original_fixed,3x3,medium,12,770,D1,0,0.0,9
original_fixed,3x3,medium,12,770,D2,4,17.0,10
original_fixed,3x3,medium,12,770,D3,0,0.0,9
original_fixed,3x3,medium,12,775,B1,1,6.0,2
original_fixed,3x3,medium,12,775,B2,2,7.0,12
original_fixed,3x3,medium,12,775,B3,2,8.0,16
original_fixed,3x3,medium,12,775,C1,12,306.0,20
original_fixed,3x3,medium,12,775,C2,6,29.0,15
original_fixed,3x3,medium,12,775,C3,0,0.0,8
original_fixed,3x3,medium,12,775,D1,2,6.0,7
original_fixed,3x3,medium,12,775,D2,6,42.0,9
original_fixed,3x3,medium,12,775,D3,0,0.0,8
original_fixed,3x3,medium,12,780,B1,1,11.0,2
original_fixed,3x3,medium,12,780,B2,5,27.0,12
original_fixed,3x3,medium,12,780,B3,3,23.0,14
original_fixed,3x3,medium,12,780,C1,8,158.0,19
original_fixed,3x3,medium,12,780,C2,9,66.0,16
original_fixed,3x3,medium,12,780,C3,0,0.0,11
original_fixed,3x3,medium,12,780,D1,2,16.0,6
original_fixed,3x3,medium,12,780,D2,5,65.0,8
original_fixed,3x3,medium,12,780,D3,0,0.0,7
original_fixed,3x3,medium,12,785,B1,1,16.0,3
original_fixed,3x3,medium,12,785,B2,6,53.0,13
original_fixed,3x3,medium,12,785,B3,5,47.0,13
original_fixed,3x3,medium,12,785,C1,3,39.0,19
original_fixed,3x3,medium,12,785,C2,12,120.0,14
original_fixed,3x3,medium,12,785,C3,1,2.0,12
original_fixed,3x3,medium,12,785,D1,2,26.0,5
original_fixed,3x3,medium,12,785,D2,5,90.0,8
original_fixed,3x3,medium,12,785,D3,3,10.0,9
original_fixed,3x3,medium,12,790,B1,1,21.0,4
original_fixed,3x3,medium,12,790,B2,7,88.0,12
original_fixed,3x3,medium,12,790,B3,5,72.0,10
original_fixed,3x3,medium,12,790,C1,4,32.0,19
original_fixed,3x3,medium,12,790,C2,13,182.0,14
original_fixed,3x3,medium,12,790,C3,3,14.0,12
original_fixed,3x3,medium,12,790,D1,3,37.0,6
original_fixed,3x3,medium,12,790,D2,5,115.0,8
original_fixed,3x3,medium,12,790,D3,4,27.0,9
original_fixed,3x3,medium,12,795,B1,0,0.0,7
original_fixed,3x3,medium,12,795,B2,8,127.0,11
original_fixed,3x3,medium,12,795,B3,6,98.0,10
original_fixed,3x3,medium,12,795,C1,7,60.0,18
original_fixed,3x3,medium,12,795,C2,14,251.0,15
original_fixed,3x3,medium,12,795,C3,5,35.0,16
original_fixed,3x3,medium,12,795,D1,3,52.0,6
original_fixed,3x3,medium,12,795,D2,6,143.0,8
original_fixed,3x3,medium,12,795,D3,3,30.0,10
original_fixed,3x3,medium,12,800,B1,0,0.0,6
original_fixed,3x3,medium,12,800,B2,7,141.0,12
original_fixed,3x3,medium,12,800,B3,7,133.0,12
original_fixed,3x3,medium,12,800,C1,10,105.0,20
original_fixed,3x3,medium,12,800,C2,14,321.0,15
original_fixed,3x3,medium,12,800,C3,7,54.0,16
original_fixed,3x3,medium,12,800,D1,4,71.0,5
original_fixed,3x3,medium,12,800,D2,7,178.0,8
original_fixed,3x3,medium,12,800,D3,5,51.0,11
original_fixed,3x3,medium,12,805,B1,0,0.0,6
original_fixed,3x3,medium,12,805,B2,4,74.0,10
original_fixed,3x3,medium,12,805,B3,7,168.0,12
original_fixed,3x3,medium,12,805,C1,15,172.0,21
original_fixed,3x3,medium,12,805,C2,14,391.0,17
original_fixed,3x3,medium,12,805,C3,4,56.0,14
original_fixed,3x3,medium,12,805,D1,5,94.0,5
original_fixed,3x3,medium,12,805,D2,7,213.0,8
original_fixed,3x3,medium,12,805,D3,6,80.0,15
original_fixed,3x3,medium,12,810,B1,2,6.0,4
original_fixed,3x3,medium,12,810,B2,4,94.0,9
original_fixed,3x3,medium,12,810,B3,7,203.0,14
original_fixed,3x3,medium,12,810,C1,16,209.0,23
original_fixed,3x3,medium,12,810,C2,15,462.0,20
original_fixed,3x3,medium,12,810,C3,5,80.0,12
original_fixed,3x3,medium,12,810,D1,5,119.0,5
original_fixed,3x3,medium,12,810,D2,7,248.0,11
original_fixed,3x3,medium,12,810,D3,7,113.0,14
original_fixed,3x3,medium,12,815,B1,1,1.0,3
original_fixed,3x3,medium,12,815,B2,3,8.0,9
original_fixed,3x3,medium,12,815,B3,3,8.0,11
original_fixed,3x3,medium,12,815,C1,14,108.0,23
original_fixed,3x3,medium,12,815,C2,8,276.0,17
original_fixed,3x3,medium,12,815,C3,6,12.0,11
original_fixed,3x3,medium,12,815,D1,0,0.0,3
original_fixed,3x3,medium,12,815,D2,2,43.0,13
original_fixed,3x3,medium,12,815,D3,1,2.0,11
original_fixed,3x3,medium,12,820,B1,1,6.0,3
original_fixed,3x3,medium,12,820,B2,1,9.0,11
original_fixed,3x3,medium,12,820,B3,6,30.0,13
original_fixed,3x3,medium,12,820,C1,14,109.0,23
original_fixed,3x3,medium,12,820,C2,4,105.0,15
original_fixed,3x3,medium,12,820,C3,8,47.0,13
original_fixed,3x3,medium,12,820,D1,0,0.0,4
original_fixed,3x3,medium,12,820,D2,0,0.0,11
original_fixed,3x3,medium,12,820,D3,4,20.0,14
original_fixed,3x3,medium,12,825,B1,1,11.0,5
original_fixed,3x3,medium,12,825,B2,2,15.0,11
original_fixed,3x3,medium,12,825,B3,3,30.0,13
original_fixed,3x3,medium,12,825,C1,16,125.0,26
original_fixed,3x3,medium,12,825,C2,2,5.0,12
original_fixed,3x3,medium,12,825,C3,7,76.0,15
original_fixed,3x3,medium,12,825,D1,0,0.0,3
original_fixed,3x3,medium,12,825,D2,1,2.0,9
original_fixed,3x3,medium,12,825,D3,6,46.0,13
original_fixed,3x3,medium,12,830,B1,1,16.0,5
original_fixed,3x3,medium,12,830,B2,2,25.0,8
original_fixed,3x3,medium,12,830,B3,3,45.0,11
original_fixed,3x3,medium,12,830,C1,17,182.0,24
original_fixed,3x3,medium,12,830,C2,2,9.0,12
original_fixed,3x3,medium,12,830,C3,7,99.0,16
original_fixed,3x3,medium,12,830,D1,0,0.0,4
original_fixed,3x3,medium,12,830,D2,3,11.0,9
original_fixed,3x3,medium,12,830,D3,6,76.0,15
original_fixed,3x3,medium,12,835,B1,1,21.0,5
original_fixed,3x3,medium,12,835,B2,3,36.0,8
original_fixed,3x3,medium,12,835,B3,5,62.0,11
original_fixed,3x3,medium,12,835,C1,20,274.0,27
original_fixed,3x3,medium,12,835,C2,3,23.0,13
original_fixed,3x3,medium,12,835,C3,10,143.0,17
original_fixed,3x3,medium,12,835,D1,0,0.0,3
original_fixed,3x3,medium,12,835,D2,5,29.0,8
original_fixed,3x3,medium,12,835,D3,7,108.0,13
original_fixed,3x3,medium,12,840,B1,2,28.0,3
original_fixed,3x3,medium,12,840,B2,4,56.0,8
original_fixed,3x3,medium,12,840,B3,6,91.0,11
original_fixed,3x3,medium,12,840,C1,22,382.0,27
original_fixed,3x3,medium,12,840,C2,4,42.0,12
original_fixed,3x3,medium,12,840,C3,12,199.0,17
original_fixed,3x3,medium,12,840,D1,0,0.0,4
original_fixed,3x3,medium,12,840,D2,5,54.0,9
original_fixed,3x3,medium,12,840,D3,7,143.0,12
original_fixed,3x3,medium,12,845,B1,2,38.0,4
original_fixed,3x3,medium,12,845,B2,5,79.0,8
original_fixed,3x3,medium,12,845,B3,6,121.0,11
original_fixed,3x3,medium,12,845,C1,23,497.0,28
original_fixed,3x3,medium,12,845,C2,4,62.0,10
original_fixed,3x3,medium,12,845,C3,13,261.0,19
original_fixed,3x3,medium,12,845,D1,0,0.0,3
original_fixed,3x3,medium,12,845,D2,6,81.0,12
original_fixed,3x3,medium,12,845,D3,7,178.0,12
original_fixed,3x3,medium,12,850,B1,2,48.0,5
original_fixed,3x3,medium,12,850,B2,6,107.0,7
original_fixed,3x3,medium,12,850,B3,6,151.0,13
original_fixed,3x3,medium,12,850,C1,25,617.0,26
original_fixed,3x3,medium,12,850,C2,8,95.0,12
original_fixed,3x3,medium,12,850,C3,14,331.0,21
original_fixed,3x3,medium,12,850,D1,1,1.0,3
original_fixed,3x3,medium,12,850,D2,6,111.0,10
original_fixed,3x3,medium,12,850,D3,8,218.0,11
original_fixed,3x3,medium,12,855,B1,2,58.0,6
original_fixed,3x3,medium,12,855,B2,6,137.0,8
original_fixed,3x3,medium,12,855,B3,7,183.0,12
original_fixed,3x3,medium,12,855,C1,25,742.0,26
original_fixed,3x3,medium,12,855,C2,9,137.0,11
original_fixed,3x3,medium,12,855,C3,14,401.0,21
original_fixed,3x3,medium,12,855,D1,1,6.0,4
original_fixed,3x3,medium,12,855,D2,7,145.0,11
original_fixed,3x3,medium,12,855,D3,9,259.0,11
original_fixed,3x3,medium,12,860,B1,0,0.0,4
original_fixed,3x3,medium,12,860,B2,1,2.0,5
original_fixed,3x3,medium,12,860,B3,1,2.0,12
original_fixed,3x3,medium,12,860,C1,15,474.0,21
original_fixed,3x3,medium,12,860,C2,1,7.0,13
original_fixed,3x3,medium,12,860,C3,6,85.0,18
original_fixed,3x3,medium,12,860,D1,0,0.0,4
original_fixed,3x3,medium,12,860,D2,0,0.0,8
original_fixed,3x3,medium,12,860,D3,1,2.0,10
original_fixed,3x3,medium,12,865,B1,2,6.0,3
original_fixed,3x3,medium,12,865,B2,1,7.0,3
original_fixed,3x3,medium,12,865,B3,4,14.0,13
original_fixed,3x3,medium,12,865,C1,11,328.0,21
original_fixed,3x3,medium,12,865,C2,2,8.0,16
original_fixed,3x3,medium,12,865,C3,1,7.0,16
original_fixed,3x3,medium,12,865,D1,0,0.0,6
original_fixed,3x3,medium,12,865,D2,2,8.0,7
original_fixed,3x3,medium,12,865,D3,0,0.0,10
original_fixed,3x3,medium,12,870,B1,3,21.0,3
original_fixed,3x3,medium,12,870,B2,1,12.0,5
original_fixed,3x3,medium,12,870,B3,3,27.0,13
original_fixed,3x3,medium,12,870,C1,6,204.0,18
original_fixed,3x3,medium,12,870,C2,7,35.0,18
original_fixed,3x3,medium,12,870,C3,3,17.0,12
original_fixed,3x3,medium,12,870,D1,1,4.0,8
original_fixed,3x3,medium,12,870,D2,2,18.0,9
original_fixed,3x3,medium,12,870,D3,3,9.0,13
original_fixed,3x3,medium,12,875,B1,3,36.0,3
original_fixed,3x3,medium,12,875,B2,2,21.0,5
original_fixed,3x3,medium,12,875,B3,5,44.0,12
original_fixed,3x3,medium,12,875,C1,3,72.0,19
original_fixed,3x3,medium,12,875,C2,6,35.0,18
original_fixed,3x3,medium,12,875,C3,5,39.0,11
original_fixed,3x3,medium,12,875,D1,1,9.0,8
original_fixed,3x3,medium,12,875,D2,3,33.0,10
original_fixed,3x3,medium,12,875,D3,1,2.0,14
original_fixed,3x3,medium,12,880,B1,3,51.0,3
original_fixed,3x3,medium,12,880,B2,3,32.0,7
original_fixed,3x3,medium,12,880,B3,6,70.0,12
original_fixed,3x3,medium,12,880,C1,1,1.0,17
original_fixed,3x3,medium,12,880,C2,4,29.0,18
original_fixed,3x3,medium,12,880,C3,5,58.0,13
original_fixed,3x3,medium,12,880,D1,1,14.0,6
original_fixed,3x3,medium,12,880,D2,5,53.0,12
original_fixed,3x3,medium,12,880,D3,1,7.0,12
original_fixed,3x3,medium,12,885,B1,3,66.0,3
original_fixed,3x3,medium,12,885,B2,4,48.0,7
original_fixed,3x3,medium,12,885,B3,6,100.0,13
original_fixed,3x3,medium,12,885,C1,1,6.0,16
original_fixed,3x3,medium,12,885,C2,6,54.0,16
original_fixed,3x3,medium,12,885,C3,7,91.0,13
original_fixed,3x3,medium,12,885,D1,3,27.0,6
original_fixed,3x3,medium,12,885,D2,6,82.0,15
original_fixed,3x3,medium,12,885,D3,1,12.0,8
original_fixed,3x3,medium,12,890,B1,3,81.0,5
original_fixed,3x3,medium,12,890,B2,5,72.0,8
original_fixed,3x3,medium,12,890,B3,6,130.0,13
original_fixed,3x3,medium,12,890,C1,2,15.0,14
original_fixed,3x3,medium,12,890,C2,7,81.0,17
original_fixed,3x3,medium,12,890,C3,4,97.0,11
original_fixed,3x3,medium,12,890,D1,3,42.0,7
original_fixed,3x3,medium,12,890,D2,7,114.0,16
original_fixed,3x3,medium,12,890,D3,2,20.0,6
original_fixed,3x3,medium,12,895,B1,3,96.0,6
original_fixed,3x3,medium,12,895,B2,6,98.0,8
original_fixed,3x3,medium,12,895,B3,8,166.0,14
original_fixed,3x3,medium,12,895,C1,3,27.0,12
original_fixed,3x3,medium,12,895,C2,7,112.0,15
original_fixed,3x3,medium,12,895,C3,6,123.0,12
original_fixed,3x3,medium,12,895,D1,3,57.0,12
original_fixed,3x3,medium,12,895,D2,9,155.0,16
original_fixed,3x3,medium,12,895,D3,3,35.0,5
original_fixed,3x3,medium,12,900,B1,3,111.0,6
original_fixed,3x3,medium,12,900,B2,6,128.0,10
original_fixed,3x3,medium,12,900,B3,9,203.0,13
original_fixed,3x3,medium,12,900,C1,3,42.0,12
original_fixed,3x3,medium,12,900,C2,9,155.0,17
original_fixed,3x3,medium,12,900,C3,6,153.0,11
original_fixed,3x3,medium,12,900,D1,3,72.0,12
original_fixed,3x3,medium,12,900,D2,12,208.0,16
original_fixed,3x3,medium,12,900,D3,4,51.0,8
original_fixed,3x3,medium,12,905,B1,0,0.0,6
original_fixed,3x3,medium,12,905,B2,1,3.0,7
original_fixed,3x3,medium,12,905,B3,2,7.0,11
original_fixed,3x3,medium,12,905,C1,1,1.0,10
original_fixed,3x3,medium,12,905,C2,4,43.0,16
original_fixed,3x3,medium,12,905,C3,3,10.0,8
original_fixed,3x3,medium,12,905,D1,0,0.0,10
original_fixed,3x3,medium,12,905,D2,5,45.0,15
original_fixed,3x3,medium,12,905,D3,0,0.0,7
original_fixed,3x3,medium,12,910,B1,1,5.0,7
original_fixed,3x3,medium,12,910,B2,0,0.0,7
original_fixed,3x3,medium,12,910,B3,5,24.0,11
original_fixed,3x3,medium,12,910,C1,3,11.0,11
original_fixed,3x3,medium,12,910,C2,2,7.0,15
original_fixed,3x3,medium,12,910,C3,3,25.0,9
original_fixed,3x3,medium,12,910,D1,2,5.0,12
original_fixed,3x3,medium,12,910,D2,2,11.0,14
original_fixed,3x3,medium,12,910,D3,2,5.0,9
original_fixed,3x3,medium,12,915,B1,1,10.0,8
original_fixed,3x3,medium,12,915,B2,1,4.0,6
original_fixed,3x3,medium,12,915,B3,8,61.0,12
original_fixed,3x3,medium,12,915,C1,6,32.0,11
original_fixed,3x3,medium,12,915,C2,2,10.0,12
original_fixed,3x3,medium,12,915,C3,3,40.0,8
original_fixed,3x3,medium,12,915,D1,6,24.0,14
original_fixed,3x3,medium,12,915,D2,3,26.0,15
original_fixed,3x3,medium,12,915,D3,3,17.0,9
original_fixed,3x3,medium,12,920,B1,2,17.0,8
original_fixed,3x3,medium,12,920,B2,1,9.0,5
original_fixed,3x3,medium,12,920,B3,9,104.0,11
original_fixed,3x3,medium,12,920,C1,6,62.0,10
original_fixed,3x3,medium,12,920,C2,2,20.0,10
original_fixed,3x3,medium,12,920,C3,3,55.0,10
original_fixed,3x3,medium,12,920,D1,7,58.0,15
original_fixed,3x3,medium,12,920,D2,4,46.0,13
original_fixed,3x3,medium,12,920,D3,2,18.0,6
original_fixed,3x3,medium,12,925,B1,3,29.0,7
original_fixed,3x3,medium,12,925,B2,2,15.0,4
original_fixed,3x3,medium,12,925,B3,7,109.0,12
original_fixed,3x3,medium,12,925,C1,7,96.0,10
original_fixed,3x3,medium,12,925,C2,3,34.0,8
original_fixed,3x3,medium,12,925,C3,5,76.0,13
original_fixed,3x3,medium,12,925,D1,7,93.0,16
original_fixed,3x3,medium,12,925,D2,4,66.0,10
original_fixed,3x3,medium,12,925,D3,2,28.0,6
original_fixed,3x3,medium,12,930,B1,3,44.0,7
original_fixed,3x3,medium,12,930,B2,3,28.0,7
original_fixed,3x3,medium,12,930,B3,4,67.0,9
original_fixed,3x3,medium,12,930,C1,8,133.0,10
original_fixed,3x3,medium,12,930,C2,5,54.0,8
original_fixed,3x3,medium,12,930,C3,6,103.0,14
original_fixed,3x3,medium,12,930,D1,9,136.0,16
original_fixed,3x3,medium,12,930,D2,6,75.0,9
original_fixed,3x3,medium,12,930,D3,4,44.0,7
original_fixed,3x3,medium,12,935,B1,1,17.0,7
original_fixed,3x3,medium,12,935,B2,3,43.0,10
original_fixed,3x3,medium,12,935,B3,4,87.0,6
original_fixed,3x3,medium,12,935,C1,8,173.0,11
original_fixed,3x3,medium,12,935,C2,4,65.0,8
original_fixed,3x3,medium,12,935,C3,7,135.0,15
original_fixed,3x3,medium,12,935,D1,10,182.0,16
original_fixed,3x3,medium,12,935,D2,6,69.0,8
original_fixed,3x3,medium,12,935,D3,5,68.0,9
original_fixed,3x3,medium,12,940,B1,1,22.0,5
original_fixed,3x3,medium,12,940,B2,4,62.0,14
original_fixed,3x3,medium,12,940,B3,4,107.0,4
original_fixed,3x3,medium,12,940,C1,9,214.0,13
original_fixed,3x3,medium,12,940,C2,4,85.0,7
original_fixed,3x3,medium,12,940,C3,8,172.0,14
original_fixed,3x3,medium,12,940,D1,12,239.0,15
original_fixed,3x3,medium,12,940,D2,6,99.0,7
original_fixed,3x3,medium,12,940,D3,5,93.0,11
original_fixed,3x3,medium,12,945,B1,1,27.0,4
original_fixed,3x3,medium,12,945,B2,5,86.0,16
original_fixed,3x3,medium,12,945,B3,4,127.0,5
original_fixed,3x3,medium,12,945,C1,10,261.0,14
original_fixed,3x3,medium,12,945,C2,4,105.0,6
original_fixed,3x3,medium,12,945,C3,9,214.0,12
original_fixed,3x3,medium,12,945,D1,11,268.0,16
original_fixed,3x3,medium,12,945,D2,6,129.0,7
original_fixed,3x3,medium,12,945,D3,7,126.0,12
original_fixed,3x3,medium,12,950,B1,1,3.0,5
original_fixed,3x3,medium,12,950,B2,3,8.0,14
original_fixed,3x3,medium,12,950,B3,0,0.0,6
original_fixed,3x3,medium,12,950,C1,2,34.0,11
original_fixed,3x3,medium,12,950,C2,1,5.0,4
original_fixed,3x3,medium,12,950,C3,3,22.0,9
original_fixed,3x3,medium,12,950,D1,6,95.0,14
original_fixed,3x3,medium,12,950,D2,0,0.0,3
original_fixed,3x3,medium,12,950,D3,1,1.0,12
original_fixed,3x3,medium,12,955,B1,3,16.0,7
original_fixed,3x3,medium,12,955,B2,6,30.0,13
original_fixed,3x3,medium,12,955,B3,0,0.0,6
original_fixed,3x3,medium,12,955,C1,1,4.0,8
original_fixed,3x3,medium,12,955,C2,1,10.0,8
original_fixed,3x3,medium,12,955,C3,3,16.0,8
original_fixed,3x3,medium,12,955,D1,4,28.0,16
original_fixed,3x3,medium,12,955,D2,0,0.0,4
original_fixed,3x3,medium,12,955,D3,2,5.0,10
original_fixed,3x3,medium,12,960,B1,3,31.0,9
original_fixed,3x3,medium,12,960,B2,9,63.0,15
original_fixed,3x3,medium,12,960,B3,0,0.0,8
original_fixed,3x3,medium,12,960,C1,3,16.0,6
original_fixed,3x3,medium,12,960,C2,1,15.0,8
original_fixed,3x3,medium,12,960,C3,3,31.0,8
original_fixed,3x3,medium,12,960,D1,4,48.0,16
original_fixed,3x3,medium,12,960,D2,0,0.0,6
original_fixed,3x3,medium,12,960,D3,4,23.0,9
original_fixed,3x3,medium,12,965,B1,3,46.0,9
original_fixed,3x3,medium,12,965,B2,9,108.0,14
original_fixed,3x3,medium,12,965,B3,0,0.0,8
original_fixed,3x3,medium,12,965,C1,3,31.0,5
original_fixed,3x3,medium,12,965,C2,1,20.0,9
original_fixed,3x3,medium,12,965,C3,1,18.0,6
original_fixed,3x3,medium,12,965,D1,5,73.0,17
original_fixed,3x3,medium,12,965,D2,0,0.0,10
original_fixed,3x3,medium,12,965,D3,4,43.0,9
original_fixed,3x3,medium,12,970,B1,4,66.0,8
original_fixed,3x3,medium,12,970,B2,10,155.0,15
original_fixed,3x3,medium,12,970,B3,0,0.0,5
original_fixed,3x3,medium,12,970,C1,3,46.0,6
original_fixed,3x3,medium,12,970,C2,2,26.0,6
original_fixed,3x3,medium,12,970,C3,2,24.0,6
original_fixed,3x3,medium,12,970,D1,8,107.0,17
original_fixed,3x3,medium,12,970,D2,2,5.0,14
original_fixed,3x3,medium,12,970,D3,8,74.0,10
original_fixed,3x3,medium,12,975,B1,4,86.0,8
original_fixed,3x3,medium,12,975,B2,11,210.0,15
original_fixed,3x3,medium,12,975,B3,2,7.0,6
original_fixed,3x3,medium,12,975,C1,3,61.0,7
original_fixed,3x3,medium,12,975,C2,4,39.0,7
original_fixed,3x3,medium,12,975,C3,3,36.0,7
original_fixed,3x3,medium,12,975,D1,9,149.0,15
original_fixed,3x3,medium,12,975,D2,3,19.0,16
original_fixed,3x3,medium,12,975,D3,8,114.0,10
original_fixed,3x3,medium,12,980,B1,5,111.0,8
original_fixed,3x3,medium,12,980,B2,11,265.0,14
original_fixed,3x3,medium,12,980,B3,5,26.0,7
original_fixed,3x3,medium,12,980,C1,3,76.0,10
original_fixed,3x3,medium,12,980,C2,5,61.0,8
original_fixed,3x3,medium,12,980,C3,4,56.0,9
original_fixed,3x3,medium,12,980,D1,9,194.0,14
original_fixed,3x3,medium,12,980,D2,5,38.0,14
original_fixed,3x3,medium,12,980,D3,8,154.0,9
original_fixed,3x3,medium,12,985,B1,5,136.0,11
original_fixed,3x3,medium,12,985,B2,12,322.0,14
original_fixed,3x3,medium,12,985,B3,4,46.0,8
original_fixed,3x3,medium,12,985,C1,4,96.0,12
original_fixed,3x3,medium,12,985,C2,5,86.0,8
original_fixed,3x3,medium,12,985,C3,5,81.0,9
original_fixed,3x3,medium,12,985,D1,10,209.0,12
original_fixed,3x3,medium,12,985,D2,8,72.0,14
original_fixed,3x3,medium,12,985,D3,8,194.0,10
original_fixed,3x3,medium,12,990,B1,5,161.0,11
original_fixed,3x3,medium,12,990,B2,13,384.0,14
original_fixed,3x3,medium,12,990,B3,3,46.0,9
original_fixed,3x3,medium,12,990,C1,6,123.0,13
original_fixed,3x3,medium,12,990,C2,5,111.0,7
original_fixed,3x3,medium,12,990,C3,5,106.0,11
original_fixed,3x3,medium,12,990,D1,6,172.0,13
original_fixed,3x3,medium,12,990,D2,9,111.0,14
original_fixed,3x3,medium,12,990,D3,8,234.0,13
original_fixed,3x3,medium,12,995,B1,0,0.0,9
original_fixed,3x3,medium,12,995,B2,3,90.0,11
original_fixed,3x3,medium,12,995,B3,1,2.0,9
original_fixed,3x3,medium,12,995,C1,1,2.0,11
original_fixed,3x3,medium,12,995,C2,1,1.0,6
original_fixed,3x3,medium,12,995,C3,1,2.0,11
original_fixed,3x3,medium,12,995,D1,3,9.0,9
original_fixed,3x3,medium,12,995,D2,3,7.0,12
original_fixed,3x3,medium,12,995,D3,0,0.0,13
original_fixed,3x3,medium,12,1000,B1,0,0.0,8
original_fixed,3x3,medium,12,1000,B2,3,4.0,12
original_fixed,3x3,medium,12,1000,B3,4,17.0,10
original_fixed,3x3,medium,12,1000,C1,3,13.0,9
original_fixed,3x3,medium,12,1000,C2,2,9.0,8
original_fixed,3x3,medium,12,1000,C3,3,14.0,13
original_fixed,3x3,medium,12,1000,D1,4,27.0,9
original_fixed,3x3,medium,12,1000,D2,3,22.0,10
original_fixed,3x3,medium,12,1000,D3,1,1.0,15
original_fixed,3x3,medium,12,1005,B1,2,8.0,9
original_fixed,3x3,medium,12,1005,B2,6,25.0,16
original_fixed,3x3,medium,12,1005,B3,7,48.0,10
original_fixed,3x3,medium,12,1005,C1,6,37.0,9
original_fixed,3x3,medium,12,1005,C2,1,8.0,7
original_fixed,3x3,medium,12,1005,C3,3,29.0,13
original_fixed,3x3,medium,12,1005,D1,6,56.0,10
original_fixed,3x3,medium,12,1005,D2,3,37.0,9
original_fixed,3x3,medium,12,1005,D3,3,10.0,16
original_fixed,3x3,medium,12,1010,B1,2,18.0,8
original_fixed,3x3,medium,12,1010,B2,10,69.0,17
original_fixed,3x3,medium,12,1010,B3,7,83.0,9
original_fixed,3x3,medium,12,1010,C1,6,67.0,11
original_fixed,3x3,medium,12,1010,C2,1,13.0,5
original_fixed,3x3,medium,12,1010,C3,4,49.0,13
original_fixed,3x3,medium,12,1010,D1,6,86.0,10
original_fixed,3x3,medium,12,1010,D2,3,52.0,7
original_fixed,3x3,medium,12,1010,D3,5,30.0,15
original_fixed,3x3,medium,12,1015,B1,4,34.0,9
original_fixed,3x3,medium,12,1015,B2,9,80.0,17
original_fixed,3x3,medium,12,1015,B3,7,118.0,8
original_fixed,3x3,medium,12,1015,C1,7,102.0,13
original_fixed,3x3,medium,12,1015,C2,3,23.0,4
original_fixed,3x3,medium,12,1015,C3,6,77.0,15
original_fixed,3x3,medium,12,1015,D1,6,116.0,11
original_fixed,3x3,medium,12,1015,D2,4,69.0,5
original_fixed,3x3,medium,12,1015,D3,6,58.0,12
original_fixed,3x3,medium,12,1020,B1,5,55.0,11
original_fixed,3x3,medium,12,1020,B2,9,89.0,16
original_fixed,3x3,medium,12,1020,B3,7,153.0,8
original_fixed,3x3,medium,12,1020,C1,7,137.0,13
original_fixed,3x3,medium,12,1020,C2,3,38.0,5
original_fixed,3x3,medium,12,1020,C3,9,119.0,17
original_fixed,3x3,medium,12,1020,D1,6,146.0,11
original_fixed,3x3,medium,12,1020,D2,4,83.0,6
original_fixed,3x3,medium,12,1020,D3,9,98.0,10
original_fixed,3x3,medium,12,1025,B1,6,85.0,13
original_fixed,3x3,medium,12,1025,B2,10,137.0,14
original_fixed,3x3,medium,12,1025,B3,8,192.0,8
original_fixed,3x3,medium,12,1025,C1,8,173.0,12
original_fixed,3x3,medium,12,1025,C2,3,53.0,6
original_fixed,3x3,medium,12,1025,C3,11,171.0,18
original_fixed,3x3,medium,12,1025,D1,6,176.0,12
original_fixed,3x3,medium,12,1025,D2,4,103.0,6
original_fixed,3x3,medium,12,1025,D3,10,144.0,11
original_fixed,3x3,medium,12,1030,B1,7,116.0,15
original_fixed,3x3,medium,12,1030,B2,7,103.0,12
original_fixed,3x3,medium,12,1030,B3,8,232.0,9
original_fixed,3x3,medium,12,1030,C1,9,216.0,12
original_fixed,3x3,medium,12,1030,C2,3,68.0,7
original_fixed,3x3,medium,12,1030,C3,13,205.0,18
original_fixed,3x3,medium,12,1030,D1,8,212.0,12
original_fixed,3x3,medium,12,1030,D2,4,123.0,6
original_fixed,3x3,medium,12,1030,D3,10,194.0,12
original_fixed,3x3,medium,12,1035,B1,7,151.0,13
original_fixed,3x3,medium,12,1035,B2,4,61.0,11
original_fixed,3x3,medium,12,1035,B3,8,272.0,11
original_fixed,3x3,medium,12,1035,C1,10,266.0,13
original_fixed,3x3,medium,12,1035,C2,5,88.0,8
original_fixed,3x3,medium,12,1035,C3,15,247.0,18
original_fixed,3x3,medium,12,1035,D1,8,252.0,12
original_fixed,3x3,medium,12,1035,D2,5,146.0,7
original_fixed,3x3,medium,12,1035,D3,10,244.0,12
original_fixed,3x3,medium,12,1040,B1,3,5.0,10
original_fixed,3x3,medium,12,1040,B2,1,2.0,10
original_fixed,3x3,medium,12,1040,B3,1,38.0,11
original_fixed,3x3,medium,12,1040,C1,1,10.0,10
original_fixed,3x3,medium,12,1040,C2,0,0.0,7
original_fixed,3x3,medium,12,1040,C3,8,52.0,16
original_fixed,3x3,medium,12,1040,D1,3,56.0,12
original_fixed,3x3,medium,12,1040,D2,1,5.0,7
original_fixed,3x3,medium,12,1040,D3,1,24.0,9
original_fixed,3x3,medium,12,1045,B1,7,31.0,11
original_fixed,3x3,medium,12,1045,B2,4,17.0,10
original_fixed,3x3,medium,12,1045,B3,1,5.0,9
original_fixed,3x3,medium,12,1045,C1,2,3.0,14
original_fixed,3x3,medium,12,1045,C2,1,1.0,8
original_fixed,3x3,medium,12,1045,C3,5,40.0,16
original_fixed,3x3,medium,12,1045,D1,3,18.0,10
original_fixed,3x3,medium,12,1045,D2,1,10.0,8
original_fixed,3x3,medium,12,1045,D3,1,5.0,7
original_fixed,3x3,medium,12,1050,B1,6,49.0,10
original_fixed,3x3,medium,12,1050,B2,6,46.0,11
original_fixed,3x3,medium,12,1050,B3,3,14.0,9
original_fixed,3x3,medium,12,1050,C1,3,10.0,14
original_fixed,3x3,medium,12,1050,C2,1,6.0,9
original_fixed,3x3,medium,12,1050,C3,6,69.0,16
original_fixed,3x3,medium,12,1050,D1,3,33.0,7
original_fixed,3x3,medium,12,1050,D2,1,15.0,10
original_fixed,3x3,medium,12,1050,D3,1,10.0,6
original_fixed,3x3,medium,12,1055,B1,6,79.0,12
original_fixed,3x3,medium,12,1055,B2,6,76.0,11
original_fixed,3x3,medium,12,1055,B3,4,18.0,10
original_fixed,3x3,medium,12,1055,C1,1,1.0,13
original_fixed,3x3,medium,12,1055,C2,3,18.0,10
original_fixed,3x3,medium,12,1055,C3,7,101.0,13
original_fixed,3x3,medium,12,1055,D1,4,49.0,9
original_fixed,3x3,medium,12,1055,D2,1,20.0,11
original_fixed,3x3,medium,12,1055,D3,1,15.0,4
original_fixed,3x3,medium,12,1060,B1,6,109.0,12
original_fixed,3x3,medium,12,1060,B2,7,109.0,14
original_fixed,3x3,medium,12,1060,B3,3,25.0,9
original_fixed,3x3,medium,12,1060,C1,1,1.0,13
original_fixed,3x3,medium,12,1060,C2,3,33.0,12
original_fixed,3x3,medium,12,1060,C3,7,136.0,13
original_fixed,3x3,medium,12,1060,D1,4,69.0,8
original_fixed,3x3,medium,12,1060,D2,4,35.0,12
original_fixed,3x3,medium,12,1060,D3,1,20.0,3
original_fixed,3x3,medium,12,1065,B1,6,139.0,13
original_fixed,3x3,medium,12,1065,B2,8,149.0,15
original_fixed,3x3,medium,12,1065,B3,3,40.0,14
original_fixed,3x3,medium,12,1065,C1,1,5.0,10
original_fixed,3x3,medium,12,1065,C2,6,53.0,13
original_fixed,3x3,medium,12,1065,C3,9,176.0,12
original_fixed,3x3,medium,12,1065,D1,5,90.0,10
original_fixed,3x3,medium,12,1065,D2,8,65.0,13
original_fixed,3x3,medium,12,1065,D3,2,27.0,3
original_fixed,3x3,medium,12,1070,B1,6,169.0,10
original_fixed,3x3,medium,12,1070,B2,10,196.0,15
original_fixed,3x3,medium,12,1070,B3,4,56.0,12
original_fixed,3x3,medium,12,1070,C1,2,14.0,7
original_fixed,3x3,medium,12,1070,C2,8,88.0,12
original_fixed,3x3,medium,12,1070,C3,10,222.0,12
original_fixed,3x3,medium,12,1070,D1,7,120.0,11
original_fixed,3x3,medium,12,1070,D2,9,109.0,14
original_fixed,3x3,medium,12,1070,D3,3,42.0,4
original_fixed,3x3,medium,12,1075,B1,7,200.0,10
original_fixed,3x3,medium,12,1075,B2,12,253.0,17
original_fixed,3x3,medium,12,1075,B3,5,77.0,11
original_fixed,3x3,medium,12,1075,C1,3,26.0,8
original_fixed,3x3,medium,12,1075,C2,9,133.0,13
original_fixed,3x3,medium,12,1075,C3,10,272.0,12
original_fixed,3x3,medium,12,1075,D1,7,155.0,13
original_fixed,3x3,medium,12,1075,D2,11,159.0,16
original_fixed,3x3,medium,12,1075,D3,3,57.0,4
original_fixed,3x3,medium,12,1080,B1,7,235.0,12
original_fixed,3x3,medium,12,1080,B2,11,293.0,17
original_fixed,3x3,medium,12,1080,B3,6,106.0,10
original_fixed,3x3,medium,12,1080,C1,3,41.0,6
original_fixed,3x3,medium,12,1080,C2,10,182.0,17
original_fixed,3x3,medium,12,1080,C3,10,322.0,11
original_fixed,3x3,medium,12,1080,D1,7,190.0,14
original_fixed,3x3,medium,12,1080,D2,9,190.0,15
original_fixed,3x3,medium,12,1080,D3,3,72.0,6
original_fixed,3x3,medium,12,1085,B1,3,45.0,11
original_fixed,3x3,medium,12,1085,B2,6,88.0,16
original_fixed,3x3,medium,12,1085,B3,1,2.0,6
original_fixed,3x3,medium,12,1085,C1,1,2.0,7
original_fixed,3x3,medium,12,1085,C2,1,3.0,15
original_fixed,3x3,medium,12,1085,C3,1,16.0,10
original_fixed,3x3,medium,12,1085,D1,3,5.0,14
original_fixed,3x3,medium,12,1085,D2,3,8.0,13
original_fixed,3x3,medium,12,1085,D3,0,0.0,3
original_fixed,3x3,medium,12,1090,B1,2,9.0,11
original_fixed,3x3,medium,12,1090,B2,4,23.0,17
original_fixed,3x3,medium,12,1090,B3,2,11.0,5
original_fixed,3x3,medium,12,1090,C1,1,1.0,8
original_fixed,3x3,medium,12,1090,C2,1,8.0,17
original_fixed,3x3,medium,12,1090,C3,0,0.0,9
original_fixed,3x3,medium,12,1090,D1,2,14.0,12
original_fixed,3x3,medium,12,1090,D2,9,37.0,15
original_fixed,3x3,medium,12,1090,D3,0,0.0,5
original_fixed,3x3,medium,12,1095,B1,2,19.0,9
original_fixed,3x3,medium,12,1095,B2,4,32.0,16
original_fixed,3x3,medium,12,1095,B3,3,26.0,6
original_fixed,3x3,medium,12,1095,C1,2,11.0,11
original_fixed,3x3,medium,12,1095,C2,3,21.0,15
original_fixed,3x3,medium,12,1095,C3,0,0.0,8
original_fixed,3x3,medium,12,1095,D1,4,30.0,13
original_fixed,3x3,medium,12,1095,D2,8,71.0,17
original_fixed,3x3,medium,12,1095,D3,0,0.0,5
original_fixed,3x3,medium,12,1100,B1,4,39.0,8
original_fixed,3x3,medium,12,1100,B2,7,59.0,17
original_fixed,3x3,medium,12,1100,B3,3,41.0,7
original_fixed,3x3,medium,12,1100,C1,2,21.0,10
original_fixed,3x3,medium,12,1100,C2,5,39.0,15
original_fixed,3x3,medium,12,1100,C3,1,5.0,9
original_fixed,3x3,medium,12,1100,D1,5,51.0,11
original_fixed,3x3,medium,12,1100,D2,5,78.0,17
original_fixed,3x3,medium,12,1100,D3,2,7.0,6
original_fixed,3x3,medium,12,1105,B1,6,63.0,10
original_fixed,3x3,medium,12,1105,B2,9,98.0,16
original_fixed,3x3,medium,12,1105,B3,3,56.0,7
original_fixed,3x3,medium,12,1105,C1,4,38.0,11
original_fixed,3x3,medium,12,1105,C2,7,70.0,16
original_fixed,3x3,medium,12,1105,C3,3,14.0,10
original_fixed,3x3,medium,12,1105,D1,6,77.0,10
original_fixed,3x3,medium,12,1105,D2,5,103.0,17
original_fixed,3x3,medium,12,1105,D3,3,18.0,7
original_fixed,3x3,medium,12,1110,B1,6,93.0,10
original_fixed,3x3,medium,12,1110,B2,8,113.0,16
original_fixed,3x3,medium,12,1110,B3,4,74.0,6
original_fixed,3x3,medium,12,1110,C1,5,60.0,10
original_fixed,3x3,medium,12,1110,C2,9,110.0,18
original_fixed,3x3,medium,12,1110,C3,4,33.0,10
original_fixed,3x3,medium,12,1110,D1,8,115.0,11
original_fixed,3x3,medium,12,1110,D2,7,137.0,17
original_fixed,3x3,medium,12,1110,D3,3,33.0,7
original_fixed,3x3,medium,12,1115,B1,5,101.0,12
original_fixed,3x3,medium,12,1115,B2,8,142.0,13
original_fixed,3x3,medium,12,1115,B3,4,94.0,7
original_fixed,3x3,medium,12,1115,C1,7,94.0,12
original_fixed,3x3,medium,12,1115,C2,11,157.0,18
original_fixed,3x3,medium,12,1115,C3,6,59.0,9
original_fixed,3x3,medium,12,1115,D1,8,155.0,10
original_fixed,3x3,medium,12,1115,D2,7,172.0,15
original_fixed,3x3,medium,12,1115,D3,3,48.0,6
original_fixed,3x3,medium,12,1120,B1,7,130.0,10
original_fixed,3x3,medium,12,1120,B2,10,186.0,14
original_fixed,3x3,medium,12,1120,B3,4,114.0,7
original_fixed,3x3,medium,12,1120,C1,7,129.0,11
original_fixed,3x3,medium,12,1120,C2,13,219.0,18
original_fixed,3x3,medium,12,1120,C3,6,89.0,9
original_fixed,3x3,medium,12,1120,D1,8,195.0,12
original_fixed,3x3,medium,12,1120,D2,8,212.0,14
original_fixed,3x3,medium,12,1120,D3,3,63.0,7
original_fixed,3x3,medium,12,1125,B1,7,165.0,13
original_fixed,3x3,medium,12,1125,B2,10,236.0,13
original_fixed,3x3,medium,12,1125,B3,4,134.0,9
original_fixed,3x3,medium,12,1125,C1,7,164.0,11
original_fixed,3x3,medium,12,1125,C2,14,288.0,19
original_fixed,3x3,medium,12,1125,C3,6,119.0,8
original_fixed,3x3,medium,12,1125,D1,10,240.0,12
original_fixed,3x3,medium,12,1125,D2,10,258.0,15
original_fixed,3x3,medium,12,1125,D3,4,83.0,9
original_fixed,3x3,medium,12,1130,B1,1,1.0,10
original_fixed,3x3,medium,12,1130,B2,2,16.0,12
original_fixed,3x3,medium,12,1130,B3,0,0.0,7
original_fixed,3x3,medium,12,1130,C1,0,0.0,8
original_fixed,3x3,medium,12,1130,C2,5,64.0,18
original_fixed,3x3,medium,12,1130,C3,0,0.0,6
original_fixed,3x3,medium,12,1130,D1,3,56.0,10
original_fixed,3x3,medium,12,1130,D2,5,44.0,15
original_fixed,3x3,medium,12,1130,D3,1,1.0,7
original_fixed,3x3,medium,12,1135,B1,3,13.0,8
original_fixed,3x3,medium,12,1135,B2,4,11.0,12
original_fixed,3x3,medium,12,1135,B3,1,4.0,6
original_fixed,3x3,medium,12,1135,C1,0,0.0,7
original_fixed,3x3,medium,12,1135,C2,4,9.0,18
original_fixed,3x3,medium,12,1135,C3,1,2.0,4
original_fixed,3x3,medium,12,1135,D1,0,0.0,11
original_fixed,3x3,medium,12,1135,D2,3,25.0,17
original_fixed,3x3,medium,12,1135,D3,1,6.0,9
original_fixed,3x3,medium,12,1140,B1,4,32.0,8
original_fixed,3x3,medium,12,1140,B2,4,14.0,13
original_fixed,3x3,medium,12,1140,B3,1,9.0,8
original_fixed,3x3,medium,12,1140,C1,3,12.0,9
original_fixed,3x3,medium,12,1140,C2,5,21.0,19
original_fixed,3x3,medium,12,1140,C3,1,7.0,6
original_fixed,3x3,medium,12,1140,D1,0,0.0,10
original_fixed,3x3,medium,12,1140,D2,3,40.0,13
original_fixed,3x3,medium,12,1140,D3,2,12.0,7
original_fixed,3x3,medium,12,1145,B1,5,55.0,7
original_fixed,3x3,medium,12,1145,B2,1,8.0,12
original_fixed,3x3,medium,12,1145,B3,1,14.0,7
original_fixed,3x3,medium,12,1145,C1,3,27.0,11
original_fixed,3x3,medium,12,1145,C2,4,17.0,18
original_fixed,3x3,medium,12,1145,C3,1,12.0,6
original_fixed,3x3,medium,12,1145,D1,0,0.0,9
original_fixed,3x3,medium,12,1145,D2,4,56.0,12
original_fixed,3x3,medium,12,1145,D3,2,22.0,8
original_fixed,3x3,medium,12,1150,B1,6,83.0,9
original_fixed,3x3,medium,12,1150,B2,2,17.0,12
original_fixed,3x3,medium,12,1150,B3,1,19.0,7
original_fixed,3x3,medium,12,1150,C1,3,42.0,12
original_fixed,3x3,medium,12,1150,C2,0,0.0,18
original_fixed,3x3,medium,12,1150,C3,2,20.0,7
original_fixed,3x3,medium,12,1150,D1,0,0.0,9
original_fixed,3x3,medium,12,1150,D2,7,85.0,15
original_fixed,3x3,medium,12,1150,D3,2,32.0,9
original_fixed,3x3,medium,12,1155,B1,6,113.0,12
original_fixed,3x3,medium,12,1155,B2,4,35.0,10
original_fixed,3x3,medium,12,1155,B3,2,26.0,7
original_fixed,3x3,medium,12,1155,C1,0,0.0,10
original_fixed,3x3,medium,12,1155,C2,0,0.0,16
original_fixed,3x3,medium,12,1155,C3,3,31.0,8
original_fixed,3x3,medium,12,1155,D1,1,5.0,8
original_fixed,3x3,medium,12,1155,D2,8,124.0,18
original_fixed,3x3,medium,12,1155,D3,4,47.0,10
original_fixed,3x3,medium,12,1160,B1,6,143.0,11
original_fixed,3x3,medium,12,1160,B2,5,56.0,8
original_fixed,3x3,medium,12,1160,B3,3,41.0,8
original_fixed,3x3,medium,12,1160,C1,1,2.0,8
original_fixed,3x3,medium,12,1160,C2,4,11.0,18
original_fixed,3x3,medium,12,1160,C3,3,46.0,7
original_fixed,3x3,medium,12,1160,D1,2,12.0,7
original_fixed,3x3,medium,12,1160,D2,9,169.0,17
original_fixed,3x3,medium,12,1160,D3,6,72.0,9
original_fixed,3x3,medium,12,1165,B1,8,177.0,12
original_fixed,3x3,medium,12,1165,B2,6,82.0,8
original_fixed,3x3,medium,12,1165,B3,3,56.0,9
original_fixed,3x3,medium,12,1165,C1,3,14.0,9
original_fixed,3x3,medium,12,1165,C2,7,37.0,17
original_fixed,3x3,medium,12,1165,C3,5,70.0,7
original_fixed,3x3,medium,12,1165,D1,2,22.0,5
original_fixed,3x3,medium,12,1165,D2,12,228.0,18
original_fixed,3x3,medium,12,1165,D3,6,102.0,9
original_fixed,3x3,medium,12,1170,B1,8,217.0,12
original_fixed,3x3,medium,12,1170,B2,6,112.0,8
original_fixed,3x3,medium,12,1170,B3,3,71.0,8
original_fixed,3x3,medium,12,1170,C1,5,35.0,10
original_fixed,3x3,medium,12,1170,C2,5,33.0,18
original_fixed,3x3,medium,12,1170,C3,5,95.0,8
original_fixed,3x3,medium,12,1170,D1,3,36.0,5
original_fixed,3x3,medium,12,1170,D2,15,294.0,18
original_fixed,3x3,medium,12,1170,D3,7,135.0,10
original_fixed,3x3,medium,12,1175,B1,2,7.0,8
original_fixed,3x3,medium,12,1175,B2,0,0.0,4
original_fixed,3x3,medium,12,1175,B3,1,2.0,7
original_fixed,3x3,medium,12,1175,C1,1,3.0,9
original_fixed,3x3,medium,12,1175,C2,7,22.0,18
original_fixed,3x3,medium,12,1175,C3,0,0.0,5
original_fixed,3x3,medium,12,1175,D1,1,3.0,3
original_fixed,3x3,medium,12,1175,D2,6,49.0,16
original_fixed,3x3,medium,12,1175,D3,0,0.0,9
original_fixed,3x3,medium,12,1180,B1,4,24.0,7
original_fixed,3x3,medium,12,1180,B2,1,1.0,5
original_fixed,3x3,medium,12,1180,B3,2,10.0,8
original_fixed,3x3,medium,12,1180,C1,2,11.0,9
original_fixed,3x3,medium,12,1180,C2,13,78.0,22
original_fixed,3x3,medium,12,1180,C3,1,3.0,8
original_fixed,3x3,medium,12,1180,D1,1,8.0,4
original_fixed,3x3,medium,12,1180,D2,1,7.0,15
original_fixed,3x3,medium,12,1180,D3,3,10.0,9
original_fixed,3x3,medium,12,1185,B1,4,44.0,6
original_fixed,3x3,medium,12,1185,B2,0,0.0,3
original_fixed,3x3,medium,12,1185,B3,3,24.0,8
original_fixed,3x3,medium,12,1185,C1,2,21.0,8
original_fixed,3x3,medium,12,1185,C2,13,143.0,24
original_fixed,3x3,medium,12,1185,C3,1,8.0,8
original_fixed,3x3,medium,12,1185,D1,1,13.0,6
original_fixed,3x3,medium,12,1185,D2,5,27.0,15
original_fixed,3x3,medium,12,1185,D3,2,8.0,9
original_fixed,3x3,medium,12,1190,B1,4,64.0,9
original_fixed,3x3,medium,12,1190,B2,0,0.0,5
original_fixed,3x3,medium,12,1190,B3,3,39.0,7
original_fixed,3x3,medium,12,1190,C1,2,31.0,7
original_fixed,3x3,medium,12,1190,C2,15,214.0,23
original_fixed,3x3,medium,12,1190,C3,1,13.0,9
original_fixed,3x3,medium,12,1190,D1,3,22.0,8
original_fixed,3x3,medium,12,1190,D2,8,61.0,15
original_fixed,3x3,medium,12,1190,D3,2,18.0,7
original_fixed,3x3,medium,12,1195,B1,4,84.0,11
original_fixed,3x3,medium,12,1195,B2,0,0.0,4
original_fixed,3x3,medium,12,1195,B3,3,54.0,10
original_fixed,3x3,medium,12,1195,C1,6,51.0,8
original_fixed,3x3,medium,12,1195,C2,15,289.0,21
original_fixed,3x3,medium,12,1195,C3,2,20.0,9
original_fixed,3x3,medium,12,1195,D1,3,37.0,10
original_fixed,3x3,medium,12,1195,D2,10,109.0,15
original_fixed,3x3,medium,12,1195,D3,2,28.0,6
original_fixed,3x3,medium,12,1200,B1,4,104.0,10
original_fixed,3x3,medium,12,1200,B2,0,0.0,2
original_fixed,3x3,medium,12,1200,B3,5,77.0,12
original_fixed,3x3,medium,12,1200,C1,6,81.0,11
original_fixed,3x3,medium,12,1200,C2,16,369.0,19
original_fixed,3x3,medium,12,1200,C3,3,31.0,11
original_fixed,3x3,medium,12,1200,D1,3,52.0,11
original_fixed,3x3,medium,12,1200,D2,7,86.0,14
original_fixed,3x3,medium,12,1200,D3,2,38.0,5
original_fixed,3x3,medium,12,1205,B1,5,128.0,8
original_fixed,3x3,medium,12,1205,B2,0,0.0,3
original_fixed,3x3,medium,12,1205,B3,5,102.0,13
original_fixed,3x3,medium,12,1205,C1,7,116.0,12
original_fixed,3x3,medium,12,1205,C2,17,454.0,21
original_fixed,3x3,medium,12,1205,C3,3,46.0,8
original_fixed,3x3,medium,12,1205,D1,3,67.0,11
original_fixed,3x3,medium,12,1205,D2,3,67.0,13
original_fixed,3x3,medium,12,1205,D3,2,48.0,8
original_fixed,3x3,medium,12,1210,B1,7,157.0,9
original_fixed,3x3,medium,12,1210,B2,1,1.0,3
original_fixed,3x3,medium,12,1210,B3,7,134.0,12
original_fixed,3x3,medium,12,1210,C1,7,151.0,10
original_fixed,3x3,medium,12,1210,C2,18,544.0,21
original_fixed,3x3,medium,12,1210,C3,4,65.0,8
original_fixed,3x3,medium,12,1210,D1,6,91.0,8
original_fixed,3x3,medium,12,1210,D2,4,87.0,11
original_fixed,3x3,medium,12,1210,D3,2,58.0,10
original_fixed,3x3,medium,12,1215,B1,7,192.0,10
original_fixed,3x3,medium,12,1215,B2,1,6.0,4
original_fixed,3x3,medium,12,1215,B3,9,175.0,12
original_fixed,3x3,medium,12,1215,C1,8,188.0,12
original_fixed,3x3,medium,12,1215,C2,19,635.0,22
original_fixed,3x3,medium,12,1215,C3,6,88.0,7
original_fixed,3x3,medium,12,1215,D1,7,123.0,7
original_fixed,3x3,medium,12,1215,D2,5,110.0,9
original_fixed,3x3,medium,12,1215,D3,2,68.0,12
original_fixed,3x3,medium,12,1220,B1,0,0.0,8
original_fixed,3x3,medium,12,1220,B2,0,0.0,5
original_fixed,3x3,medium,12,1220,B3,1,4.0,12
original_fixed,3x3,medium,12,1220,C1,0,0.0,9
original_fixed,3x3,medium,12,1220,C2,10,263.0,21
original_fixed,3x3,medium,12,1220,C3,1,7.0,8
original_fixed,3x3,medium,12,1220,D1,1,1.0,5
original_fixed,3x3,medium,12,1220,D2,1,3.0,8
original_fixed,3x3,medium,12,1220,D3,2,2.0,8
original_fixed,3x3,medium,12,1225,B1,1,3.0,10
original_fixed,3x3,medium,12,1225,B2,1,5.0,6
original_fixed,3x3,medium,12,1225,B3,2,5.0,12
original_fixed,3x3,medium,12,1225,C1,1,4.0,5
original_fixed,3x3,medium,12,1225,C2,5,35.0,22
original_fixed,3x3,medium,12,1225,C3,2,16.0,10
original_fixed,3x3,medium,12,1225,D1,4,14.0,8
original_fixed,3x3,medium,12,1225,D2,4,13.0,8
original_fixed,3x3,medium,12,1225,D3,4,17.0,8
original_fixed,3x3,medium,12,1230,B1,2,13.0,9
original_fixed,3x3,medium,12,1230,B2,2,12.0,7
original_fixed,3x3,medium,12,1230,B3,0,0.0,12
original_fixed,3x3,medium,12,1230,C1,2,11.0,5
original_fixed,3x3,medium,12,1230,C2,8,44.0,20
original_fixed,3x3,medium,12,1230,C3,2,26.0,11
original_fixed,3x3,medium,12,1230,D1,4,34.0,11
original_fixed,3x3,medium,12,1230,D2,3,25.0,6
original_fixed,3x3,medium,12,1230,D3,5,40.0,13
original_fixed,3x3,medium,12,1235,B1,2,23.0,7
original_fixed,3x3,medium,12,1235,B2,2,22.0,8
original_fixed,3x3,medium,12,1235,B3,1,5.0,10
original_fixed,3x3,medium,12,1235,C1,2,21.0,6
original_fixed,3x3,medium,12,1235,C2,6,37.0,18
original_fixed,3x3,medium,12,1235,C3,2,36.0,12
original_fixed,3x3,medium,12,1235,D1,4,54.0,11
original_fixed,3x3,medium,12,1235,D2,4,42.0,6
original_fixed,3x3,medium,12,1235,D3,7,74.0,14
original_fixed,3x3,medium,12,1240,B1,4,39.0,7
original_fixed,3x3,medium,12,1240,B2,3,33.0,10
original_fixed,3x3,medium,12,1240,B3,2,14.0,9
original_fixed,3x3,medium,12,1240,C1,2,31.0,6
original_fixed,3x3,medium,12,1240,C2,6,36.0,18
original_fixed,3x3,medium,12,1240,C3,5,54.0,12
original_fixed,3x3,medium,12,1240,D1,1,16.0,10
original_fixed,3x3,medium,12,1240,D2,6,71.0,6
original_fixed,3x3,medium,12,1240,D3,7,109.0,15
original_fixed,3x3,medium,12,1245,B1,5,64.0,7
original_fixed,3x3,medium,12,1245,B2,5,54.0,15
original_fixed,3x3,medium,12,1245,B3,4,28.0,8
original_fixed,3x3,medium,12,1245,C1,3,43.0,8
original_fixed,3x3,medium,12,1245,C2,9,65.0,17
original_fixed,3x3,medium,12,1245,C3,8,86.0,14
original_fixed,3x3,medium,12,1245,D1,1,2.0,5
original_fixed,3x3,medium,12,1245,D2,7,101.0,7
original_fixed,3x3,medium,12,1245,D3,9,151.0,13
original_fixed,3x3,medium,12,1250,B1,5,89.0,7
original_fixed,3x3,medium,12,1250,B2,6,80.0,15
original_fixed,3x3,medium,12,1250,B3,4,48.0,7
original_fixed,3x3,medium,12,1250,C1,5,64.0,10
original_fixed,3x3,medium,12,1250,C2,8,76.0,17
original_fixed,3x3,medium,12,1250,C3,10,131.0,15
original_fixed,3x3,medium,12,1250,D1,2,12.0,5
original_fixed,3x3,medium,12,1250,D2,6,131.0,7
original_fixed,3x3,medium,12,1250,D3,12,209.0,14
original_fixed,3x3,medium,12,1255,B1,5,114.0,7
original_fixed,3x3,medium,12,1255,B2,8,116.0,16
original_fixed,3x3,medium,12,1255,B3,5,71.0,6
original_fixed,3x3,medium,12,1255,C1,5,89.0,11
original_fixed,3x3,medium,12,1255,C2,9,97.0,17
original_fixed,3x3,medium,12,1255,C3,11,186.0,15
original_fixed,3x3,medium,12,1255,D1,3,23.0,6
original_fixed,3x3,medium,12,1255,D2,6,161.0,8
original_fixed,3x3,medium,12,1255,D3,12,269.0,15
original_fixed,3x3,medium,12,1260,B1,5,139.0,9
original_fixed,3x3,medium,12,1260,B2,11,164.0,14
original_fixed,3x3,medium,12,1260,B3,6,97.0,7
original_fixed,3x3,medium,12,1260,C1,5,114.0,10
original_fixed,3x3,medium,12,1260,C2,7,114.0,17
original_fixed,3x3,medium,12,1260,C3,11,241.0,14
original_fixed,3x3,medium,12,1260,D1,3,38.0,6
original_fixed,3x3,medium,12,1260,D2,6,191.0,11
original_fixed,3x3,medium,12,1260,D3,13,329.0,16
original_fixed,3x3,medium,12,1265,B1,0,0.0,6
original_fixed,3x3,medium,12,1265,B2,2,7.0,10
original_fixed,3x3,medium,12,1265,B3,0,0.0,6
original_fixed,3x3,medium,12,1265,C1,2,5.0,8
original_fixed,3x3,medium,12,1265,C2,4,8.0,15
original_fixed,3x3,medium,12,1265,C3,3,37.0,12
original_fixed,3x3,medium,12,1265,D1,1,1.0,7
original_fixed,3x3,medium,12,1265,D2,0,0.0,11
original_fixed,3x3,medium,12,1265,D3,2,38.0,13
original_fixed,3x3,medium,12,1270,B1,0,0.0,9
original_fixed,3x3,medium,12,1270,B2,1,6.0,10
original_fixed,3x3,medium,12,1270,B3,0,0.0,5
original_fixed,3x3,medium,12,1270,C1,3,20.0,9
original_fixed,3x3,medium,12,1270,C2,7,33.0,15
original_fixed,3x3,medium,12,1270,C3,2,6.0,13
original_fixed,3x3,medium,12,1270,D1,3,9.0,7
original_fixed,3x3,medium,12,1270,D2,3,8.0,10
original_fixed,3x3,medium,12,1270,D3,3,8.0,13
original_fixed,3x3,medium,12,1275,B1,1,1.0,8
original_fixed,3x3,medium,12,1275,B2,4,19.0,8
original_fixed,3x3,medium,12,1275,B3,0,0.0,3
original_fixed,3x3,medium,12,1275,C1,3,35.0,8
original_fixed,3x3,medium,12,1275,C2,10,77.0,18
original_fixed,3x3,medium,12,1275,C3,4,18.0,14
original_fixed,3x3,medium,12,1275,D1,3,24.0,7
original_fixed,3x3,medium,12,1275,D2,6,37.0,10
original_fixed,3x3,medium,12,1275,D3,7,36.0,11
original_fixed,3x3,medium,12,1280,B1,1,6.0,7
original_fixed,3x3,medium,12,1280,B2,2,22.0,6
original_fixed,3x3,medium,12,1280,B3,1,3.0,3
original_fixed,3x3,medium,12,1280,C1,3,50.0,9
original_fixed,3x3,medium,12,1280,C2,11,132.0,17
original_fixed,3x3,medium,12,1280,C3,2,16.0,14
original_fixed,3x3,medium,12,1280,D1,3,39.0,7
original_fixed,3x3,medium,12,1280,D2,8,70.0,14
original_fixed,3x3,medium,12,1280,D3,6,48.0,11
original_fixed,3x3,medium,12,1285,B1,3,19.0,7
original_fixed,3x3,medium,12,1285,B2,2,24.0,6
original_fixed,3x3,medium,12,1285,B3,1,8.0,5
original_fixed,3x3,medium,12,1285,C1,6,72.0,9
original_fixed,3x3,medium,12,1285,C2,12,188.0,19
original_fixed,3x3,medium,12,1285,C3,3,24.0,12
original_fixed,3x3,medium,12,1285,D1,5,62.0,6
original_fixed,3x3,medium,12,1285,D2,8,110.0,13
original_fixed,3x3,medium,12,1285,D3,6,63.0,11
original_fixed,3x3,medium,12,1290,B1,5,38.0,6
original_fixed,3x3,medium,12,1290,B2,2,34.0,8
original_fixed,3x3,medium,12,1290,B3,2,17.0,7
original_fixed,3x3,medium,12,1290,C1,6,102.0,11
original_fixed,3x3,medium,12,1290,C2,13,250.0,17
original_fixed,3x3,medium,12,1290,C3,5,45.0,11
original_fixed,3x3,medium,12,1290,D1,5,87.0,7
original_fixed,3x3,medium,12,1290,D2,8,150.0,13
original_fixed,3x3,medium,12,1290,D3,6,93.0,11
original_fixed,3x3,medium,12,1295,B1,3,49.0,5
original_fixed,3x3,medium,12,1295,B2,2,44.0,9
original_fixed,3x3,medium,12,1295,B3,2,27.0,9
original_fixed,3x3,medium,12,1295,C1,8,136.0,13
original_fixed,3x3,medium,12,1295,C2,14,316.0,18
original_fixed,3x3,medium,12,1295,C3,6,75.0,10
original_fixed,3x3,medium,12,1295,D1,5,112.0,7
original_fixed,3x3,medium,12,1295,D2,7,134.0,11
original_fixed,3x3,medium,12,1295,D3,7,124.0,13
original_fixed,3x3,medium,12,1300,B1,3,64.0,3
original_fixed,3x3,medium,12,1300,B2,2,54.0,7
original_fixed,3x3,medium,12,1300,B3,3,40.0,7
original_fixed,3x3,medium,12,1300,C1,8,175.0,13
original_fixed,3x3,medium,12,1300,C2,14,386.0,20
original_fixed,3x3,medium,12,1300,C3,7,109.0,8
original_fixed,3x3,medium,12,1300,D1,5,137.0,8
original_fixed,3x3,medium,12,1300,D2,5,64.0,10
original_fixed,3x3,medium,12,1300,D3,7,159.0,13
original_fixed,3x3,medium,12,1305,B1,3,79.0,4
original_fixed,3x3,medium,12,1305,B2,3,67.0,6
original_fixed,3x3,medium,12,1305,B3,3,55.0,8
original_fixed,3x3,medium,12,1305,C1,8,215.0,14
original_fixed,3x3,medium,12,1305,C2,16,461.0,22
original_fixed,3x3,medium,12,1305,C3,7,144.0,10
original_fixed,3x3,medium,12,1305,D1,5,162.0,9
original_fixed,3x3,medium,12,1305,D2,5,89.0,10
original_fixed,3x3,medium,12,1305,D3,8,197.0,14
original_fixed,3x3,medium,12,1310,B1,0,0.0,2
original_fixed,3x3,medium,12,1310,B2,1,2.0,4
original_fixed,3x3,medium,12,1310,B3,1,4.0,6
original_fixed,3x3,medium,12,1310,C1,2,9.0,13
original_fixed,3x3,medium,12,1310,C2,9,258.0,21
original_fixed,3x3,medium,12,1310,C3,0,0.0,11
original_fixed,3x3,medium,12,1310,D1,1,4.0,8
original_fixed,3x3,medium,12,1310,D2,3,4.0,10
original_fixed,3x3,medium,12,1310,D3,2,6.0,10
original_fixed,3x3,medium,12,1315,B1,0,0.0,5
original_fixed,3x3,medium,12,1315,B2,1,7.0,5
original_fixed,3x3,medium,12,1315,B3,1,9.0,6
original_fixed,3x3,medium,12,1315,C1,4,24.0,14
original_fixed,3x3,medium,12,1315,C2,5,91.0,19
original_fixed,3x3,medium,12,1315,C3,0,0.0,10
original_fixed,3x3,medium,12,1315,D1,2,12.0,8
original_fixed,3x3,medium,12,1315,D2,4,19.0,13
original_fixed,3x3,medium,12,1315,D3,3,14.0,8
original_fixed,3x3,medium,12,1320,B1,1,1.0,5
original_fixed,3x3,medium,12,1320,B2,2,16.0,5
original_fixed,3x3,medium,12,1320,B3,2,16.0,6
original_fixed,3x3,medium,12,1320,C1,9,58.0,16
original_fixed,3x3,medium,12,1320,C2,2,10.0,16
original_fixed,3x3,medium,12,1320,C3,1,4.0,8
original_fixed,3x3,medium,12,1320,D1,3,24.0,10
original_fixed,3x3,medium,12,1320,D2,5,42.0,15
original_fixed,3x3,medium,12,1320,D3,4,32.0,5
original_fixed,3x3,medium,12,1325,B1,1,6.0,6
original_fixed,3x3,medium,12,1325,B2,2,26.0,6
original_fixed,3x3,medium,12,1325,B3,2,26.0,6
original_fixed,3x3,medium,12,1325,C1,7,72.0,15
original_fixed,3x3,medium,12,1325,C2,3,13.0,13
original_fixed,3x3,medium,12,1325,C3,1,9.0,7
original_fixed,3x3,medium,12,1325,D1,3,39.0,9
original_fixed,3x3,medium,12,1325,D2,5,67.0,16
original_fixed,3x3,medium,12,1325,D3,4,52.0,6
original_fixed,3x3,medium,12,1330,B1,1,11.0,6
original_fixed,3x3,medium,12,1330,B2,4,45.0,6
original_fixed,3x3,medium,12,1330,B3,2,36.0,7
original_fixed,3x3,medium,12,1330,C1,7,100.0,15
original_fixed,3x3,medium,12,1330,C2,6,36.0,12
original_fixed,3x3,medium,12,1330,C3,2,2.0,7
original_fixed,3x3,medium,12,1330,D1,4,57.0,11
original_fixed,3x3,medium,12,1330,D2,8,98.0,17
original_fixed,3x3,medium,12,1330,D3,4,72.0,6
original_fixed,3x3,medium,12,1335,B1,1,16.0,4
original_fixed,3x3,medium,12,1335,B2,4,65.0,6
original_fixed,3x3,medium,12,1335,B3,3,49.0,7
original_fixed,3x3,medium,12,1335,C1,8,136.0,15
original_fixed,3x3,medium,12,1335,C2,6,66.0,13
original_fixed,3x3,medium,12,1335,C3,2,12.0,5
original_fixed,3x3,medium,12,1335,D1,6,83.0,11
original_fixed,3x3,medium,12,1335,D2,8,138.0,17
original_fixed,3x3,medium,12,1335,D3,4,92.0,9
original_fixed,3x3,medium,12,1340,B1,1,21.0,6
original_fixed,3x3,medium,12,1340,B2,5,88.0,7
original_fixed,3x3,medium,12,1340,B3,3,64.0,7
original_fixed,3x3,medium,12,1340,C1,8,176.0,12
original_fixed,3x3,medium,12,1340,C2,6,96.0,12
original_fixed,3x3,medium,12,1340,C3,2,22.0,5
original_fixed,3x3,medium,12,1340,D1,8,117.0,12
original_fixed,3x3,medium,12,1340,D2,10,187.0,18
original_fixed,3x3,medium,12,1340,D3,4,112.0,11
original_fixed,3x3,medium,12,1345,B1,1,26.0,9
original_fixed,3x3,medium,12,1345,B2,5,113.0,7
original_fixed,3x3,medium,12,1345,B3,4,80.0,8
original_fixed,3x3,medium,12,1345,C1,7,188.0,13
original_fixed,3x3,medium,12,1345,C2,3,53.0,12
original_fixed,3x3,medium,12,1345,C3,2,32.0,5
original_fixed,3x3,medium,12,1345,D1,10,163.0,14
original_fixed,3x3,medium,12,1345,D2,10,237.0,18
original_fixed,3x3,medium,12,1345,D3,4,132.0,13
original_fixed,3x3,medium,12,1350,B1,2,34.0,10
original_fixed,3x3,medium,12,1350,B2,5,138.0,9
original_fixed,3x3,medium,12,1350,B3,4,100.0,9
original_fixed,3x3,medium,12,1350,C1,5,165.0,12
original_fixed,3x3,medium,12,1350,C2,3,30.0,14
original_fixed,3x3,medium,12,1350,C3,3,47.0,5
original_fixed,3x3,medium,12,1350,D1,11,218.0,17
original_fixed,3x3,medium,12,1350,D2,12,295.0,18
original_fixed,3x3,medium,12,1350,D3,5,157.0,13
original_fixed,3x3,medium,12,1355,B1,0,0.0,10
original_fixed,3x3,medium,12,1355,B2,1,1.0,7
original_fixed,3x3,medium,12,1355,B3,1,4.0,11
original_fixed,3x3,medium,12,1355,C1,3,4.0,14
original_fixed,3x3,medium,12,1355,C2,2,5.0,10
original_fixed,3x3,medium,12,1355,C3,1,4.0,6
original_fixed,3x3,medium,12,1355,D1,3,28.0,17
original_fixed,3x3,medium,12,1355,D2,3,37.0,16
original_fixed,3x3,medium,12,1355,D3,1,4.0,11
original_fixed,3x3,medium,12,1360,B1,5,11.0,11
original_fixed,3x3,medium,12,1360,B2,2,9.0,7
original_fixed,3x3,medium,12,1360,B3,1,9.0,11
original_fixed,3x3,medium,12,1360,C1,4,20.0,13
original_fixed,3x3,medium,12,1360,C2,5,23.0,12
original_fixed,3x3,medium,12,1360,C3,1,9.0,7
original_fixed,3x3,medium,12,1360,D1,0,0.0,13
original_fixed,3x3,medium,12,1360,D2,6,23.0,17
original_fixed,3x3,medium,12,1360,D3,6,22.0,9
original_fixed,3x3,medium,12,1365,B1,7,42.0,12
original_fixed,3x3,medium,12,1365,B2,4,24.0,6
original_fixed,3x3,medium,12,1365,B3,3,21.0,12
original_fixed,3x3,medium,12,1365,C1,4,40.0,12
original_fixed,3x3,medium,12,1365,C2,7,55.0,10
original_fixed,3x3,medium,12,1365,C3,1,14.0,9
original_fixed,3x3,medium,12,1365,D1,0,0.0,8
original_fixed,3x3,medium,12,1365,D2,10,67.0,18
original_fixed,3x3,medium,12,1365,D3,7,57.0,10
original_fixed,3x3,medium,12,1370,B1,7,77.0,11
original_fixed,3x3,medium,12,1370,B2,5,46.0,7
original_fixed,3x3,medium,12,1370,B3,4,38.0,12
original_fixed,3x3,medium,12,1370,C1,6,63.0,10
original_fixed,3x3,medium,12,1370,C2,7,90.0,11
original_fixed,3x3,medium,12,1370,C3,1,19.0,8
original_fixed,3x3,medium,12,1370,D1,2,3.0,8
original_fixed,3x3,medium,12,1370,D2,10,109.0,17
original_fixed,3x3,medium,12,1370,D3,7,92.0,10
original_fixed,3x3,medium,12,1375,B1,9,118.0,10
original_fixed,3x3,medium,12,1375,B2,6,73.0,10
original_fixed,3x3,medium,12,1375,B3,6,67.0,9
original_fixed,3x3,medium,12,1375,C1,6,93.0,11
original_fixed,3x3,medium,12,1375,C2,8,129.0,13
original_fixed,3x3,medium,12,1375,C3,3,27.0,8
original_fixed,3x3,medium,12,1375,D1,4,23.0,8
original_fixed,3x3,medium,12,1375,D2,9,114.0,15
original_fixed,3x3,medium,12,1375,D3,5,95.0,8
original_fixed,3x3,medium,12,1380,B1,9,163.0,9
original_fixed,3x3,medium,12,1380,B2,6,103.0,12
original_fixed,3x3,medium,12,1380,B3,6,97.0,11
original_fixed,3x3,medium,12,1380,C1,7,127.0,13
original_fixed,3x3,medium,12,1380,C2,8,169.0,13
original_fixed,3x3,medium,12,1380,C3,3,42.0,6
original_fixed,3x3,medium,12,1380,D1,4,43.0,13
original_fixed,3x3,medium,12,1380,D2,9,153.0,15
original_fixed,3x3,medium,12,1380,D3,5,120.0,8
original_fixed,3x3,medium,12,1385,B1,9,208.0,9
original_fixed,3x3,medium,12,1385,B2,7,137.0,13
original_fixed,3x3,medium,12,1385,B3,6,127.0,12
original_fixed,3x3,medium,12,1385,C1,7,162.0,13
original_fixed,3x3,medium,12,1385,C2,11,220.0,16
original_fixed,3x3,medium,12,1385,C3,3,57.0,7
original_fixed,3x3,medium,12,1385,D1,5,65.0,13
original_fixed,3x3,medium,12,1385,D2,9,198.0,14
original_fixed,3x3,medium,12,1385,D3,5,145.0,8
original_fixed,3x3,medium,12,1390,B1,9,253.0,9
original_fixed,3x3,medium,12,1390,B2,9,178.0,15
original_fixed,3x3,medium,12,1390,B3,7,161.0,13
original_fixed,3x3,medium,12,1390,C1,7,197.0,12
original_fixed,3x3,medium,12,1390,C2,11,275.0,17
original_fixed,3x3,medium,12,1390,C3,3,72.0,10
original_fixed,3x3,medium,12,1390,D1,8,99.0,12
original_fixed,3x3,medium,12,1390,D2,9,243.0,13
original_fixed,3x3,medium,12,1390,D3,7,175.0,10
original_fixed,3x3,medium,12,1395,B1,9,298.0,11
original_fixed,3x3,medium,12,1395,B2,10,185.0,14
original_fixed,3x3,medium,12,1395,B3,9,202.0,16
original_fixed,3x3,medium,12,1395,C1,9,238.0,11
original_fixed,3x3,medium,12,1395,C2,12,332.0,17
original_fixed,3x3,medium,12,1395,C3,5,93.0,9
original_fixed,3x3,medium,12,1395,D1,10,143.0,12
original_fixed,3x3,medium,12,1395,D2,9,288.0,12
original_fixed,3x3,medium,12,1395,D3,6,205.0,13
original_fixed,3x3,medium,12,1400,B1,0,0.0,8
original_fixed,3x3,medium,12,1400,B2,3,23.0,12
original_fixed,3x3,medium,12,1400,B3,1,5.0,12
original_fixed,3x3,medium,12,1400,C1,2,27.0,11
original_fixed,3x3,medium,12,1400,C2,10,181.0,19
original_fixed,3x3,medium,12,1400,C3,0,0.0,7
original_fixed,3x3,medium,12,1400,D1,3,20.0,10
original_fixed,3x3,medium,12,1400,D2,0,0.0,10
original_fixed,3x3,medium,12,1400,D3,1,2.0,9
original_fixed,3x3,medium,12,1405,B1,2,4.0,7
original_fixed,3x3,medium,12,1405,B2,4,18.0,13
original_fixed,3x3,medium,12,1405,B3,4,12.0,12
original_fixed,3x3,medium,12,1405,C1,3,11.0,10
original_fixed,3x3,medium,12,1405,C2,7,89.0,23
original_fixed,3x3,medium,12,1405,C3,1,2.0,8
original_fixed,3x3,medium,12,1405,D1,2,8.0,10
original_fixed,3x3,medium,12,1405,D2,2,4.0,11
original_fixed,3x3,medium,12,1405,D3,2,12.0,7
original_fixed,3x3,medium,12,1410,B1,3,16.0,7
original_fixed,3x3,medium,12,1410,B2,7,49.0,13
original_fixed,3x3,medium,12,1410,B3,3,20.0,10
original_fixed,3x3,medium,12,1410,C1,1,13.0,9
original_fixed,3x3,medium,12,1410,C2,5,32.0,23
original_fixed,3x3,medium,12,1410,C3,3,14.0,10
original_fixed,3x3,medium,12,1410,D1,0,0.0,9
original_fixed,3x3,medium,12,1410,D2,5,25.0,13
original_fixed,3x3,medium,12,1410,D3,4,31.0,6
original_fixed,3x3,medium,12,1415,B1,4,35.0,7
original_fixed,3x3,medium,12,1415,B2,8,89.0,16
original_fixed,3x3,medium,12,1415,B3,3,23.0,10
original_fixed,3x3,medium,12,1415,C1,1,18.0,8
original_fixed,3x3,medium,12,1415,C2,4,30.0,21
original_fixed,3x3,medium,12,1415,C3,3,29.0,11
original_fixed,3x3,medium,12,1415,D1,2,8.0,10
original_fixed,3x3,medium,12,1415,D2,5,50.0,15
original_fixed,3x3,medium,12,1415,D3,5,55.0,6
original_fixed,3x3,medium,12,1420,B1,3,37.0,7
original_fixed,3x3,medium,12,1420,B2,8,129.0,16
original_fixed,3x3,medium,12,1420,B3,5,44.0,15
original_fixed,3x3,medium,12,1420,C1,3,28.0,6
original_fixed,3x3,medium,12,1420,C2,5,43.0,20
original_fixed,3x3,medium,12,1420,C3,3,44.0,9
original_fixed,3x3,medium,12,1420,D1,3,23.0,11
original_fixed,3x3,medium,12,1420,D2,6,80.0,16
original_fixed,3x3,medium,12,1420,D3,5,80.0,6
original_fixed,3x3,medium,12,1425,B1,2,17.0,6
original_fixed,3x3,medium,12,1425,B2,9,171.0,16
original_fixed,3x3,medium,12,1425,B3,7,78.0,17
original_fixed,3x3,medium,12,1425,C1,3,43.0,7
original_fixed,3x3,medium,12,1425,C2,7,77.0,18
original_fixed,3x3,medium,12,1425,C3,4,62.0,8
original_fixed,3x3,medium,12,1425,D1,4,43.0,11
original_fixed,3x3,medium,12,1425,D2,7,114.0,18
original_fixed,3x3,medium,12,1425,D3,6,105.0,8
original_fixed,3x3,medium,12,1430,B1,2,27.0,8
original_fixed,3x3,medium,12,1430,B2,9,216.0,19
original_fixed,3x3,medium,12,1430,B3,4,70.0,17
original_fixed,3x3,medium,12,1430,C1,5,64.0,8
original_fixed,3x3,medium,12,1430,C2,8,116.0,17
original_fixed,3x3,medium,12,1430,C3,5,83.0,8
original_fixed,3x3,medium,12,1430,D1,4,63.0,9
original_fixed,3x3,medium,12,1430,D2,11,161.0,18
original_fixed,3x3,medium,12,1430,D3,5,130.0,8
original_fixed,3x3,medium,12,1435,B1,3,42.0,7
original_fixed,3x3,medium,12,1435,B2,9,261.0,16
original_fixed,3x3,medium,12,1435,B3,5,95.0,14
original_fixed,3x3,medium,12,1435,C1,5,89.0,8
original_fixed,3x3,medium,12,1435,C2,8,156.0,18
original_fixed,3x3,medium,12,1435,C3,5,108.0,11
original_fixed,3x3,medium,12,1435,D1,4,83.0,5
original_fixed,3x3,medium,12,1435,D2,15,224.0,17
original_fixed,3x3,medium,12,1435,D3,5,155.0,9
original_fixed,3x3,medium,12,1440,B1,3,57.0,6
original_fixed,3x3,medium,12,1440,B2,11,308.0,18
original_fixed,3x3,medium,12,1440,B3,7,122.0,15
original_fixed,3x3,medium,12,1440,C1,6,115.0,9
original_fixed,3x3,medium,12,1440,C2,7,160.0,19
original_fixed,3x3,medium,12,1440,C3,5,133.0,12
original_fixed,3x3,medium,12,1440,D1,4,103.0,5
original_fixed,3x3,medium,12,1440,D2,14,194.0,17
original_fixed,3x3,medium,12,1440,D3,5,180.0,10
original_fixed,3x3,medium,12,1445,B1,2,2.0,7
original_fixed,3x3,medium,12,1445,B2,8,149.0,18
original_fixed,3x3,medium,12,1445,B3,4,9.0,13
original_fixed,3x3,medium,12,1445,C1,1,1.0,6
original_fixed,3x3,medium,12,1445,C2,6,19.0,17
original_fixed,3x3,medium,12,1445,C3,0,0.0,13
original_fixed,3x3,medium,12,1445,D1,0,0.0,4
original_fixed,3x3,medium,12,1445,D2,11,102.0,15
original_fixed,3x3,medium,12,1445,D3,0,0.0,8
original_fixed,3x3,medium,12,1450,B1,3,16.0,11
original_fixed,3x3,medium,12,1450,B2,4,31.0,18
original_fixed,3x3,medium,12,1450,B3,6,36.0,9
original_fixed,3x3,medium,12,1450,C1,1,6.0,6
original_fixed,3x3,medium,12,1450,C2,9,61.0,16
original_fixed,3x3,medium,12,1450,C3,2,6.0,12
original_fixed,3x3,medium,12,1450,D1,0,0.0,5
original_fixed,3x3,medium,12,1450,D2,6,62.0,16
original_fixed,3x3,medium,12,1450,D3,1,4.0,8
original_fixed,3x3,medium,12,1455,B1,3,31.0,12
original_fixed,3x3,medium,12,1455,B2,5,53.0,16
original_fixed,3x3,medium,12,1455,B3,7,68.0,11
original_fixed,3x3,medium,12,1455,C1,2,14.0,6
original_fixed,3x3,medium,12,1455,C2,12,117.0,16
original_fixed,3x3,medium,12,1455,C3,4,21.0,12
original_fixed,3x3,medium,12,1455,D1,1,2.0,5
original_fixed,3x3,medium,12,1455,D2,3,40.0,15
original_fixed,3x3,medium,12,1455,D3,3,12.0,10
original_fixed,3x3,medium,12,1460,B1,4,47.0,12
original_fixed,3x3,medium,12,1460,B2,5,78.0,14
original_fixed,3x3,medium,12,1460,B3,7,103.0,13
original_fixed,3x3,medium,12,1460,C1,3,28.0,6
original_fixed,3x3,medium,12,1460,C2,12,177.0,16
original_fixed,3x3,medium,12,1460,C3,5,43.0,14
original_fixed,3x3,medium,12,1460,D1,1,7.0,4
original_fixed,3x3,medium,12,1460,D2,3,55.0,12
original_fixed,3x3,medium,12,1460,D3,5,34.0,14
original_fixed,3x3,medium,12,1465,B1,8,80.0,12
original_fixed,3x3,medium,12,1465,B2,8,111.0,17
original_fixed,3x3,medium,12,1465,B3,9,147.0,13
original_fixed,3x3,medium,12,1465,C1,4,46.0,6
original_fixed,3x3,medium,12,1465,C2,12,237.0,16
original_fixed,3x3,medium,12,1465,C3,6,72.0,13
original_fixed,3x3,medium,12,1465,D1,1,12.0,6
original_fixed,3x3,medium,12,1465,D2,3,70.0,10
original_fixed,3x3,medium,12,1465,D3,5,59.0,14
original_fixed,3x3,medium,12,1470,B1,8,97.0,14
original_fixed,3x3,medium,12,1470,B2,8,151.0,17
original_fixed,3x3,medium,12,1470,B3,9,192.0,14
original_fixed,3x3,medium,12,1470,C1,4,66.0,6
original_fixed,3x3,medium,12,1470,C2,12,297.0,16
original_fixed,3x3,medium,12,1470,C3,7,107.0,12
original_fixed,3x3,medium,12,1470,D1,2,19.0,6
original_fixed,3x3,medium,12,1470,D2,3,85.0,7
original_fixed,3x3,medium,12,1470,D3,7,89.0,15
original_fixed,3x3,medium,12,1475,B1,4,65.0,15
original_fixed,3x3,medium,12,1475,B2,8,191.0,16
original_fixed,3x3,medium,12,1475,B3,11,242.0,15
original_fixed,3x3,medium,12,1475,C1,4,86.0,6
original_fixed,3x3,medium,12,1475,C2,13,362.0,17
original_fixed,3x3,medium,12,1475,C3,9,151.0,10
original_fixed,3x3,medium,12,1475,D1,2,29.0,7
original_fixed,3x3,medium,12,1475,D2,3,100.0,5
original_fixed,3x3,medium,12,1475,D3,9,129.0,17
original_fixed,3x3,medium,12,1480,B1,3,69.0,15
original_fixed,3x3,medium,12,1480,B2,8,214.0,15
original_fixed,3x3,medium,12,1480,B3,12,301.0,17
original_fixed,3x3,medium,12,1480,C1,5,111.0,7
original_fixed,3x3,medium,12,1480,C2,15,433.0,16
original_fixed,3x3,medium,12,1480,C3,9,196.0,12
original_fixed,3x3,medium,12,1480,D1,3,43.0,5
original_fixed,3x3,medium,12,1480,D2,4,120.0,4
original_fixed,3x3,medium,12,1480,D3,11,182.0,19
original_fixed,3x3,medium,12,1485,B1,5,89.0,13
original_fixed,3x3,medium,12,1485,B2,8,236.0,15
original_fixed,3x3,medium,12,1485,B3,13,362.0,19
original_fixed,3x3,medium,12,1485,C1,5,136.0,10
original_fixed,3x3,medium,12,1485,C2,15,508.0,17
original_fixed,3x3,medium,12,1485,C3,9,241.0,12
original_fixed,3x3,medium,12,1485,D1,3,58.0,6
original_fixed,3x3,medium,12,1485,D2,4,140.0,5
original_fixed,3x3,medium,12,1485,D3,13,243.0,20
original_fixed,3x3,medium,12,1490,B1,4,14.0,11
original_fixed,3x3,medium,12,1490,B2,3,8.0,13
original_fixed,3x3,medium,12,1490,B3,5,60.0,15
original_fixed,3x3,medium,12,1490,C1,0,0.0,8
original_fixed,3x3,medium,12,1490,C2,5,128.0,14
original_fixed,3x3,medium,12,1490,C3,2,6.0,10
original_fixed,3x3,medium,12,1490,D1,0,0.0,4
original_fixed,3x3,medium,12,1490,D2,0,0.0,4
original_fixed,3x3,medium,12,1490,D3,5,51.0,19
original_fixed,3x3,medium,12,1495,B1,6,40.0,11
original_fixed,3x3,medium,12,1495,B2,6,35.0,13
original_fixed,3x3,medium,12,1495,B3,0,0.0,16
original_fixed,3x3,medium,12,1495,C1,1,3.0,12
original_fixed,3x3,medium,12,1495,C2,4,15.0,14
original_fixed,3x3,medium,12,1495,C3,4,22.0,10
original_fixed,3x3,medium,12,1495,D1,0,0.0,5
original_fixed,3x3,medium,12,1495,D2,0,0.0,2
original_fixed,3x3,medium,12,1495,D3,5,23.0,18
original_fixed,3x3,medium,12,1500,B1,7,75.0,12
original_fixed,3x3,medium,12,1500,B2,7,66.0,14
original_fixed,3x3,medium,12,1500,B3,0,0.0,14
original_fixed,3x3,medium,12,1500,C1,2,9.0,12
original_fixed,3x3,medium,12,1500,C2,1,8.0,11
original_fixed,3x3,medium,12,1500,C3,5,46.0,11
original_fixed,3x3,medium,12,1500,D1,1,1.0,6
original_fixed,3x3,medium,12,1500,D2,0,0.0,4
original_fixed,3x3,medium,12,1500,D3,9,54.0,17
original_fixed,3x3,medium,12,1505,B1,8,114.0,11
original_fixed,3x3,medium,12,1505,B2,8,103.0,13
original_fixed,3x3,medium,12,1505,B3,1,5.0,12
original_fixed,3x3,medium,12,1505,C1,2,19.0,11
original_fixed,3x3,medium,12,1505,C2,2,15.0,11
original_fixed,3x3,medium,12,1505,C3,5,71.0,9
original_fixed,3x3,medium,12,1505,D1,1,6.0,7
original_fixed,3x3,medium,12,1505,D2,1,5.0,6
original_fixed,3x3,medium,12,1505,D3,7,61.0,14
original_fixed,3x3,medium,12,1510,B1,9,158.0,13
original_fixed,3x3,medium,12,1510,B2,8,143.0,12
original_fixed,3x3,medium,12,1510,B3,3,15.0,12
original_fixed,3x3,medium,12,1510,C1,3,31.0,7
original_fixed,3x3,medium,12,1510,C2,6,36.0,12
original_fixed,3x3,medium,12,1510,C3,6,100.0,11
original_fixed,3x3,medium,12,1510,D1,3,17.0,10
original_fixed,3x3,medium,12,1510,D2,1,10.0,8
original_fixed,3x3,medium,12,1510,D3,5,69.0,13
original_fixed,3x3,medium,12,1515,B1,9,203.0,14
original_fixed,3x3,medium,12,1515,B2,9,184.0,12
original_fixed,3x3,medium,12,1515,B3,4,24.0,11
original_fixed,3x3,medium,12,1515,C1,4,49.0,8
original_fixed,3x3,medium,12,1515,C2,6,58.0,13
original_fixed,3x3,medium,12,1515,C3,7,131.0,11
original_fixed,3x3,medium,12,1515,D1,6,38.0,10
original_fixed,3x3,medium,12,1515,D2,1,15.0,7
original_fixed,3x3,medium,12,1515,D3,6,98.0,12
original_fixed,3x3,medium,12,1520,B1,10,252.0,17
original_fixed,3x3,medium,12,1520,B2,10,233.0,14
original_fixed,3x3,medium,12,1520,B3,2,27.0,10
original_fixed,3x3,medium,12,1520,C1,5,70.0,10
original_fixed,3x3,medium,12,1520,C2,2,41.0,10
original_fixed,3x3,medium,12,1520,C3,3,65.0,13
original_fixed,3x3,medium,12,1520,D1,5,63.0,9
original_fixed,3x3,medium,12,1520,D2,1,20.0,7
original_fixed,3x3,medium,12,1520,D3,6,128.0,11
original_fixed,3x3,medium,12,1525,B1,10,302.0,15
original_fixed,3x3,medium,12,1525,B2,10,283.0,15
original_fixed,3x3,medium,12,1525,B3,2,37.0,9
original_fixed,3x3,medium,12,1525,C1,7,99.0,11
original_fixed,3x3,medium,12,1525,C2,2,51.0,6
original_fixed,3x3,medium,12,1525,C3,3,80.0,11
original_fixed,3x3,medium,12,1525,D1,5,88.0,7
original_fixed,3x3,medium,12,1525,D2,3,32.0,11
original_fixed,3x3,medium,12,1525,D3,7,163.0,11
original_fixed,3x3,medium,12,1530,B1,10,352.0,18
original_fixed,3x3,medium,12,1530,B2,11,334.0,18
original_fixed,3x3,medium,12,1530,B3,3,48.0,11
original_fixed,3x3,medium,12,1530,C1,7,134.0,12
original_fixed,3x3,medium,12,1530,C2,2,61.0,6
original_fixed,3x3,medium,12,1530,C3,4,99.0,13
original_fixed,3x3,medium,12,1530,D1,5,113.0,8
original_fixed,3x3,medium,12,1530,D2,5,57.0,13
original_fixed,3x3,medium,12,1530,D3,7,198.0,11
original_fixed,3x3,medium,12,1535,B1,6,117.0,18
original_fixed,3x3,medium,12,1535,B2,2,9.0,16
original_fixed,3x3,medium,12,1535,B3,5,17.0,10
original_fixed,3x3,medium,12,1535,C1,1,2.0,12
original_fixed,3x3,medium,12,1535,C2,2,8.0,4
original_fixed,3x3,medium,12,1535,C3,3,10.0,10
original_fixed,3x3,medium,12,1535,D1,1,5.0,5
original_fixed,3x3,medium,12,1535,D2,0,0.0,9
original_fixed,3x3,medium,12,1535,D3,3,40.0,11
original_fixed,3x3,medium,12,1540,B1,8,38.0,19
original_fixed,3x3,medium,12,1540,B2,3,14.0,16
original_fixed,3x3,medium,12,1540,B3,5,42.0,11
original_fixed,3x3,medium,12,1540,C1,5,19.0,12
original_fixed,3x3,medium,12,1540,C2,2,18.0,7
original_fixed,3x3,medium,12,1540,C3,3,25.0,7
original_fixed,3x3,medium,12,1540,D1,1,10.0,4
original_fixed,3x3,medium,12,1540,D2,2,4.0,10
original_fixed,3x3,medium,12,1540,D3,2,9.0,12
original_fixed,3x3,medium,12,1545,B1,12,88.0,22
original_fixed,3x3,medium,12,1545,B2,9,49.0,16
original_fixed,3x3,medium,12,1545,B3,5,67.0,10
original_fixed,3x3,medium,12,1545,C1,5,44.0,11
original_fixed,3x3,medium,12,1545,C2,2,28.0,7
original_fixed,3x3,medium,12,1545,C3,4,42.0,8
original_fixed,3x3,medium,12,1545,D1,1,15.0,4
original_fixed,3x3,medium,12,1545,D2,4,21.0,11
original_fixed,3x3,medium,12,1545,D3,4,28.0,11
original_fixed,3x3,medium,12,1550,B1,14,141.0,21
original_fixed,3x3,medium,12,1550,B2,7,64.0,16
original_fixed,3x3,medium,12,1550,B3,5,92.0,11
original_fixed,3x3,medium,12,1550,C1,7,75.0,13
original_fixed,3x3,medium,12,1550,C2,2,38.0,6
original_fixed,3x3,medium,12,1550,C3,5,63.0,9
original_fixed,3x3,medium,12,1550,D1,1,20.0,5
original_fixed,3x3,medium,12,1550,D2,5,44.0,12
original_fixed,3x3,medium,12,1550,D3,5,49.0,9
original_fixed,3x3,medium,12,1555,B1,13,147.0,22
original_fixed,3x3,medium,12,1555,B2,7,99.0,14
original_fixed,3x3,medium,12,1555,B3,5,117.0,13
original_fixed,3x3,medium,12,1555,C1,8,115.0,14
original_fixed,3x3,medium,12,1555,C2,2,48.0,5
original_fixed,3x3,medium,12,1555,C3,6,93.0,9
original_fixed,3x3,medium,12,1555,D1,1,25.0,5
original_fixed,3x3,medium,12,1555,D2,4,47.0,12
original_fixed,3x3,medium,12,1555,D3,6,77.0,7
original_fixed,3x3,medium,12,1560,B1,10,152.0,22
original_fixed,3x3,medium,12,1560,B2,10,145.0,13
original_fixed,3x3,medium,12,1560,B3,8,152.0,14
original_fixed,3x3,medium,12,1560,C1,6,92.0,15
original_fixed,3x3,medium,12,1560,C2,2,58.0,5
original_fixed,3x3,medium,12,1560,C3,6,123.0,9
original_fixed,3x3,medium,12,1560,D1,2,32.0,5
original_fixed,3x3,medium,12,1560,D2,3,61.0,11
original_fixed,3x3,medium,12,1560,D3,6,107.0,11
original_fixed,3x3,medium,12,1565,B1,8,179.0,21
original_fixed,3x3,medium,12,1565,B2,12,200.0,13
original_fixed,3x3,medium,12,1565,B3,9,195.0,15
original_fixed,3x3,medium,12,1565,C1,6,115.0,13
original_fixed,3x3,medium,12,1565,C2,2,68.0,8
original_fixed,3x3,medium,12,1565,C3,8,161.0,11
original_fixed,3x3,medium,12,1565,D1,3,45.0,4
original_fixed,3x3,medium,12,1565,D2,4,81.0,10
original_fixed,3x3,medium,12,1565,D3,7,139.0,14
original_fixed,3x3,medium,12,1570,B1,10,221.0,19
original_fixed,3x3,medium,12,1570,B2,12,260.0,16
original_fixed,3x3,medium,12,1570,B3,9,240.0,14
original_fixed,3x3,medium,12,1570,C1,7,149.0,10
original_fixed,3x3,medium,12,1570,C2,2,78.0,7
original_fixed,3x3,medium,12,1570,C3,8,201.0,11
original_fixed,3x3,medium,12,1570,D1,3,60.0,6
original_fixed,3x3,medium,12,1570,D2,4,101.0,8
original_fixed,3x3,medium,12,1570,D3,8,175.0,15
original_fixed,3x3,medium,12,1575,B1,12,275.0,21
original_fixed,3x3,medium,12,1575,B2,12,320.0,16
original_fixed,3x3,medium,12,1575,B3,10,286.0,15
original_fixed,3x3,medium,12,1575,C1,8,188.0,10
original_fixed,3x3,medium,12,1575,C2,3,92.0,8
original_fixed,3x3,medium,12,1575,C3,8,241.0,12
original_fixed,3x3,medium,12,1575,D1,3,75.0,8
original_fixed,3x3,medium,12,1575,D2,5,122.0,8
original_fixed,3x3,medium,12,1575,D3,8,215.0,14
original_fixed,3x3,medium,12,1580,B1,5,24.0,19
original_fixed,3x3,medium,12,1580,B2,1,22.0,13
original_fixed,3x3,medium,12,1580,B3,3,50.0,14
original_fixed,3x3,medium,12,1580,C1,2,11.0,7
original_fixed,3x3,medium,12,1580,C2,1,2.0,8
original_fixed,3x3,medium,12,1580,C3,2,7.0,11
original_fixed,3x3,medium,12,1580,D1,0,0.0,7
original_fixed,3x3,medium,12,1580,D2,2,8.0,5
original_fixed,3x3,medium,12,1580,D3,4,46.0,12
original_fixed,3x3,medium,12,1585,B1,6,30.0,15
original_fixed,3x3,medium,12,1585,B2,2,7.0,11
original_fixed,3x3,medium,12,1585,B3,5,20.0,14
original_fixed,3x3,medium,12,1585,C1,0,0.0,9
original_fixed,3x3,medium,12,1585,C2,2,12.0,12
original_fixed,3x3,medium,12,1585,C3,2,17.0,13
original_fixed,3x3,medium,12,1585,D1,1,1.0,9
original_fixed,3x3,medium,12,1585,D2,2,18.0,5
original_fixed,3x3,medium,12,1585,D3,3,14.0,11
original_fixed,3x3,medium,12,1590,B1,7,62.0,12
original_fixed,3x3,medium,12,1590,B2,5,29.0,13
original_fixed,3x3,medium,12,1590,B3,5,31.0,14
original_fixed,3x3,medium,12,1590,C1,0,0.0,9
original_fixed,3x3,medium,12,1590,C2,2,22.0,11
original_fixed,3x3,medium,12,1590,C3,3,29.0,11
original_fixed,3x3,medium,12,1590,D1,1,6.0,8
original_fixed,3x3,medium,12,1590,D2,2,28.0,6
original_fixed,3x3,medium,12,1590,D3,4,30.0,10
original_fixed,3x3,medium,12,1595,B1,8,100.0,12
original_fixed,3x3,medium,12,1595,B2,6,59.0,13
original_fixed,3x3,medium,12,1595,B3,4,41.0,13
original_fixed,3x3,medium,12,1595,C1,0,0.0,9
original_fixed,3x3,medium,12,1595,C2,3,33.0,11
original_fixed,3x3,medium,12,1595,C3,5,48.0,12
original_fixed,3x3,medium,12,1595,D1,2,16.0,8
original_fixed,3x3,medium,12,1595,D2,2,38.0,6
original_fixed,3x3,medium,12,1595,D3,4,50.0,11
original_fixed,3x3,medium,12,1600,B1,9,142.0,13
original_fixed,3x3,medium,12,1600,B2,5,66.0,13
original_fixed,3x3,medium,12,1600,B3,5,66.0,13
original_fixed,3x3,medium,12,1600,C1,0,0.0,7
original_fixed,3x3,medium,12,1600,C2,5,50.0,10
original_fixed,3x3,medium,12,1600,C3,7,79.0,11
original_fixed,3x3,medium,12,1600,D1,3,28.0,9
original_fixed,3x3,medium,12,1600,D2,2,48.0,5
original_fixed,3x3,medium,12,1600,D3,6,75.0,12
original_fixed,3x3,medium,12,1605,B1,10,189.0,15
original_fixed,3x3,medium,12,1605,B2,6,94.0,12
original_fixed,3x3,medium,12,1605,B3,7,98.0,12
original_fixed,3x3,medium,12,1605,C1,0,0.0,4
original_fixed,3x3,medium,12,1605,C2,6,77.0,14
original_fixed,3x3,medium,12,1605,C3,7,109.0,10
original_fixed,3x3,medium,12,1605,D1,3,43.0,11
original_fixed,3x3,medium,12,1605,D2,3,60.0,7
original_fixed,3x3,medium,12,1605,D3,8,111.0,11
original_fixed,3x3,medium,12,1610,B1,11,243.0,16
original_fixed,3x3,medium,12,1610,B2,7,129.0,12
original_fixed,3x3,medium,12,1610,B3,8,134.0,12
original_fixed,3x3,medium,12,1610,C1,2,4.0,4
original_fixed,3x3,medium,12,1610,C2,9,116.0,15
original_fixed,3x3,medium,12,1610,C3,6,132.0,9
original_fixed,3x3,medium,12,1610,D1,4,59.0,9
original_fixed,3x3,medium,12,1610,D2,4,77.0,7
original_fixed,3x3,medium,12,1610,D3,9,154.0,10
original_fixed,3x3,medium,12,1615,B1,14,308.0,17
original_fixed,3x3,medium,12,1615,B2,7,164.0,11
original_fixed,3x3,medium,12,1615,B3,10,178.0,15
original_fixed,3x3,medium,12,1615,C1,3,15.0,4
original_fixed,3x3,medium,12,1615,C2,9,161.0,16
original_fixed,3x3,medium,12,1615,C3,7,166.0,9
original_fixed,3x3,medium,12,1615,D1,4,79.0,9
original_fixed,3x3,medium,12,1615,D2,4,97.0,8
original_fixed,3x3,medium,12,1615,D3,9,199.0,10
original_fixed,3x3,medium,12,1620,B1,15,383.0,17
original_fixed,3x3,medium,12,1620,B2,9,205.0,13
original_fixed,3x3,medium,12,1620,B3,11,232.0,15
original_fixed,3x3,medium,12,1620,C1,3,30.0,4
original_fixed,3x3,medium,12,1620,C2,8,185.0,16
original_fixed,3x3,medium,12,1620,C3,7,201.0,9
original_fixed,3x3,medium,12,1620,D1,4,99.0,8
original_fixed,3x3,medium,12,1620,D2,5,118.0,8
original_fixed,3x3,medium,12,1620,D3,9,244.0,10
original_fixed,3x3,medium,12,1625,B1,9,215.0,13
original_fixed,3x3,medium,12,1625,B2,2,43.0,11
original_fixed,3x3,medium,12,1625,B3,2,24.0,13
original_fixed,3x3,medium,12,1625,C1,0,0.0,4
original_fixed,3x3,medium,12,1625,C2,4,11.0,13
original_fixed,3x3,medium,12,1625,C3,1,5.0,8
original_fixed,3x3,medium,12,1625,D1,2,6.0,4
original_fixed,3x3,medium,12,1625,D2,1,6.0,7
original_fixed,3x3,medium,12,1625,D3,2,39.0,9
original_fixed,3x3,medium,12,1630,B1,5,77.0,13
original_fixed,3x3,medium,12,1630,B2,0,0.0,8
original_fixed,3x3,medium,12,1630,B3,1,5.0,11
original_fixed,3x3,medium,12,1630,C1,1,1.0,6
original_fixed,3x3,medium,12,1630,C2,3,21.0,13
original_fixed,3x3,medium,12,1630,C3,0,0.0,11
original_fixed,3x3,medium,12,1630,D1,2,16.0,5
original_fixed,3x3,medium,12,1630,D2,1,11.0,9
original_fixed,3x3,medium,12,1630,D3,1,4.0,9
original_fixed,3x3,medium,12,1635,B1,1,7.0,14
original_fixed,3x3,medium,12,1635,B2,1,3.0,5
original_fixed,3x3,medium,12,1635,B3,2,15.0,9
original_fixed,3x3,medium,12,1635,C1,1,6.0,8
original_fixed,3x3,medium,12,1635,C2,4,40.0,12
original_fixed,3x3,medium,12,1635,C3,0,0.0,10
original_fixed,3x3,medium,12,1635,D1,2,26.0,7
original_fixed,3x3,medium,12,1635,D2,1,16.0,13
original_fixed,3x3,medium,12,1635,D3,1,9.0,8
original_fixed,3x3,medium,12,1640,B1,1,12.0,14
original_fixed,3x3,medium,12,1640,B2,2,12.0,4
original_fixed,3x3,medium,12,1640,B3,2,25.0,10
original_fixed,3x3,medium,12,1640,C1,2,12.0,8
original_fixed,3x3,medium,12,1640,C2,4,60.0,9
original_fixed,3x3,medium,12,1640,C3,1,1.0,10
original_fixed,3x3,medium,12,1640,D1,3,39.0,7
original_fixed,3x3,medium,12,1640,D2,2,22.0,12
original_fixed,3x3,medium,12,1640,D3,1,14.0,10
original_fixed,3x3,medium,12,1645,B1,2,18.0,13
original_fixed,3x3,medium,12,1645,B2,2,22.0,5
original_fixed,3x3,medium,12,1645,B3,3,36.0,11
original_fixed,3x3,medium,12,1645,C1,4,30.0,11
original_fixed,3x3,medium,12,1645,C2,5,81.0,8
original_fixed,3x3,medium,12,1645,C3,2,8.0,9
original_fixed,3x3,medium,12,1645,D1,5,56.0,9
original_fixed,3x3,medium,12,1645,D2,3,36.0,12
original_fixed,3x3,medium,12,1645,D3,2,3.0,11
original_fixed,3x3,medium,12,1650,B1,2,28.0,12
original_fixed,3x3,medium,12,1650,B2,2,32.0,7
original_fixed,3x3,medium,12,1650,B3,5,56.0,11
original_fixed,3x3,medium,12,1650,C1,5,54.0,11
original_fixed,3x3,medium,12,1650,C2,6,109.0,9
original_fixed,3x3,medium,12,1650,C3,3,23.0,9
original_fixed,3x3,medium,12,1650,D1,5,77.0,10
original_fixed,3x3,medium,12,1650,D2,5,55.0,10
original_fixed,3x3,medium,12,1650,D3,2,8.0,10
original_fixed,3x3,medium,12,1655,B1,3,39.0,10
original_fixed,3x3,medium,12,1655,B2,2,42.0,8
original_fixed,3x3,medium,12,1655,B3,6,85.0,13
original_fixed,3x3,medium,12,1655,C1,6,80.0,10
original_fixed,3x3,medium,12,1655,C2,7,141.0,9
original_fixed,3x3,medium,12,1655,C3,5,44.0,10
original_fixed,3x3,medium,12,1655,D1,5,102.0,11
original_fixed,3x3,medium,12,1655,D2,7,86.0,10
original_fixed,3x3,medium,12,1655,D3,4,24.0,8
original_fixed,3x3,medium,12,1660,B1,5,57.0,10
original_fixed,3x3,medium,12,1660,B2,2,52.0,6
original_fixed,3x3,medium,12,1660,B3,8,121.0,13
original_fixed,3x3,medium,12,1660,C1,8,114.0,11
original_fixed,3x3,medium,12,1660,C2,7,176.0,9
original_fixed,3x3,medium,12,1660,C3,5,69.0,10
original_fixed,3x3,medium,12,1660,D1,6,132.0,15
original_fixed,3x3,medium,12,1660,D2,8,123.0,10
original_fixed,3x3,medium,12,1660,D3,4,44.0,6
original_fixed,3x3,medium,12,1665,B1,5,76.0,12
original_fixed,3x3,medium,12,1665,B2,4,68.0,7
original_fixed,3x3,medium,12,1665,B3,9,166.0,14
original_fixed,3x3,medium,12,1665,C1,8,154.0,13
original_fixed,3x3,medium,12,1665,C2,8,215.0,8
original_fixed,3x3,medium,12,1665,C3,7,102.0,11
original_fixed,3x3,medium,12,1665,D1,6,162.0,15
original_fixed,3x3,medium,12,1665,D2,8,163.0,11
original_fixed,3x3,medium,12,1665,D3,4,64.0,5
original_fixed,3x3,medium,12,1670,B1,3,14.0,10
original_fixed,3x3,medium,12,1670,B2,2,3.0,6
original_fixed,3x3,medium,12,1670,B3,1,5.0,12
original_fixed,3x3,medium,12,1670,C1,1,2.0,10
original_fixed,3x3,medium,12,1670,C2,2,32.0,6
original_fixed,3x3,medium,12,1670,C3,2,3.0,11
original_fixed,3x3,medium,12,1670,D1,1,3.0,15
original_fixed,3x3,medium,12,1670,D2,2,17.0,10
original_fixed,3x3,medium,12,1670,D3,0,0.0,3
original_fixed,3x3,medium,12,1675,B1,3,29.0,9
original_fixed,3x3,medium,12,1675,B2,2,13.0,6
original_fixed,3x3,medium,12,1675,B3,0,0.0,10
original_fixed,3x3,medium,12,1675,C1,3,10.0,11
original_fixed,3x3,medium,12,1675,C2,0,0.0,7
original_fixed,3x3,medium,12,1675,C3,5,23.0,13
original_fixed,3x3,medium,12,1675,D1,3,14.0,12
original_fixed,3x3,medium,12,1675,D2,0,0.0,11
original_fixed,3x3,medium,12,1675,D3,0,0.0,4
original_fixed,3x3,medium,12,1680,B1,5,51.0,8
original_fixed,3x3,medium,12,1680,B2,2,23.0,7
original_fixed,3x3,medium,12,1680,B3,1,2.0,10
original_fixed,3x3,medium,12,1680,C1,5,31.0,13
original_fixed,3x3,medium,12,1680,C2,0,0.0,6
original_fixed,3x3,medium,12,1680,C3,2,21.0,14
original_fixed,3x3,medium,12,1680,D1,6,38.0,12
original_fixed,3x3,medium,12,1680,D2,0,0.0,13
original_fixed,3x3,medium,12,1680,D3,0,0.0,6
original_fixed,3x3,medium,12,1685,B1,6,78.0,6
original_fixed,3x3,medium,12,1685,B2,3,37.0,6
original_fixed,3x3,medium,12,1685,B3,4,16.0,10
original_fixed,3x3,medium,12,1685,C1,7,64.0,18
original_fixed,3x3,medium,12,1685,C2,0,0.0,6
original_fixed,3x3,medium,12,1685,C3,3,35.0,13
original_fixed,3x3,medium,12,1685,D1,9,77.0,12
original_fixed,3x3,medium,12,1685,D2,1,3.0,12
original_fixed,3x3,medium,12,1685,D3,0,0.0,7
original_fixed,3x3,medium,12,1690,B1,6,108.0,6
original_fixed,3x3,medium,12,1690,B2,3,52.0,7
original_fixed,3x3,medium,12,1690,B3,2,13.0,8
original_fixed,3x3,medium,12,1690,C1,5,47.0,17
original_fixed,3x3,medium,12,1690,C2,1,2.0,5
original_fixed,3x3,medium,12,1690,C3,5,55.0,13
original_fixed,3x3,medium,12,1690,D1,9,122.0,14
original_fixed,3x3,medium,12,1690,D2,4,19.0,11
original_fixed,3x3,medium,12,1690,D3,1,2.0,8
original_fixed,3x3,medium,12,1695,B1,6,138.0,6
original_fixed,3x3,medium,12,1695,B2,5,75.0,7
original_fixed,3x3,medium,12,1695,B3,2,23.0,7
original_fixed,3x3,medium,12,1695,C1,7,70.0,16
original_fixed,3x3,medium,12,1695,C2,1,7.0,5
original_fixed,3x3,medium,12,1695,C3,7,89.0,11
original_fixed,3x3,medium,12,1695,D1,10,172.0,17
original_fixed,3x3,medium,12,1695,D2,7,48.0,13
original_fixed,3x3,medium,12,1695,D3,2,9.0,9
original_fixed,3x3,medium,12,1700,B1,6,168.0,8
original_fixed,3x3,medium,12,1700,B2,5,100.0,7
original_fixed,3x3,medium,12,1700,B3,2,33.0,5
original_fixed,3x3,medium,12,1700,C1,10,110.0,14
original_fixed,3x3,medium,12,1700,C2,3,17.0,4
original_fixed,3x3,medium,12,1700,C3,7,124.0,11
original_fixed,3x3,medium,12,1700,D1,12,229.0,20
original_fixed,3x3,medium,12,1700,D2,8,79.0,12
original_fixed,3x3,medium,12,1700,D3,4,23.0,10
original_fixed,3x3,medium,12,1705,B1,6,198.0,9
original_fixed,3x3,medium,12,1705,B2,5,125.0,9
original_fixed,3x3,medium,12,1705,B3,2,43.0,3
original_fixed,3x3,medium,12,1705,C1,12,156.0,15
original_fixed,3x3,medium,12,1705,C2,3,32.0,7
original_fixed,3x3,medium,12,1705,C3,7,159.0,11
original_fixed,3x3,medium,12,1705,D1,12,289.0,23
original_fixed,3x3,medium,12,1705,D2,8,119.0,12
original_fixed,3x3,medium,12,1705,D3,4,43.0,9
original_fixed,3x3,medium,12,1710,B1,6,228.0,9
original_fixed,3x3,medium,12,1710,B2,5,150.0,12
original_fixed,3x3,medium,12,1710,B3,2,53.0,4
original_fixed,3x3,medium,12,1710,C1,7,165.0,14
original_fixed,3x3,medium,12,1710,C2,4,50.0,7
original_fixed,3x3,medium,12,1710,C3,8,198.0,10
original_fixed,3x3,medium,12,1710,D1,12,349.0,25
original_fixed,3x3,medium,12,1710,D2,8,159.0,14
original_fixed,3x3,medium,12,1710,D3,4,63.0,10
original_fixed,3x3,medium,12,1715,B1,0,0.0,5
original_fixed,3x3,medium,12,1715,B2,1,1.0,12
original_fixed,3x3,medium,12,1715,B3,0,0.0,2
original_fixed,3x3,medium,12,1715,C1,2,7.0,12
original_fixed,3x3,medium,12,1715,C2,1,1.0,7
original_fixed,3x3,medium,12,1715,C3,2,11.0,9
original_fixed,3x3,medium,12,1715,D1,6,83.0,23
original_fixed,3x3,medium,12,1715,D2,2,4.0,11
original_fixed,3x3,medium,12,1715,D3,2,5.0,9
original_fixed,3x3,medium,12,1720,B1,0,0.0,4
original_fixed,3x3,medium,12,1720,B2,1,5.0,14
original_fixed,3x3,medium,12,1720,B3,0,0.0,4
original_fixed,3x3,medium,12,1720,C1,6,28.0,12
original_fixed,3x3,medium,12,1720,C2,2,6.0,8
original_fixed,3x3,medium,12,1720,C3,1,7.0,7
original_fixed,3x3,medium,12,1720,D1,4,20.0,23
original_fixed,3x3,medium,12,1720,D2,5,22.0,11
original_fixed,3x3,medium,12,1720,D3,5,27.0,10
original_fixed,3x3,medium,12,1725,B1,0,0.0,4
original_fixed,3x3,medium,12,1725,B2,2,14.0,13
original_fixed,3x3,medium,12,1725,B3,0,0.0,6
original_fixed,3x3,medium,12,1725,C1,7,63.0,11
original_fixed,3x3,medium,12,1725,C2,3,17.0,10
original_fixed,3x3,medium,12,1725,C3,1,12.0,5
original_fixed,3x3,medium,12,1725,D1,10,57.0,20
original_fixed,3x3,medium,12,1725,D2,5,39.0,9
original_fixed,3x3,medium,12,1725,D3,5,52.0,10
original_fixed,3x3,medium,12,1730,B1,0,0.0,8
original_fixed,3x3,medium,12,1730,B2,2,24.0,11
original_fixed,3x3,medium,12,1730,B3,1,5.0,7
original_fixed,3x3,medium,12,1730,C1,6,88.0,12
original_fixed,3x3,medium,12,1730,C2,4,33.0,12
original_fixed,3x3,medium,12,1730,C3,2,18.0,2
original_fixed,3x3,medium,12,1730,D1,12,115.0,18
original_fixed,3x3,medium,12,1730,D2,3,34.0,7
original_fixed,3x3,medium,12,1730,D3,8,88.0,12
original_fixed,3x3,medium,12,1735,B1,0,0.0,7
original_fixed,3x3,medium,12,1735,B2,5,44.0,9
original_fixed,3x3,medium,12,1735,B3,2,13.0,8
original_fixed,3x3,medium,12,1735,C1,7,121.0,14
original_fixed,3x3,medium,12,1735,C2,5,56.0,11
original_fixed,3x3,medium,12,1735,C3,2,28.0,6
original_fixed,3x3,medium,12,1735,D1,14,184.0,16
original_fixed,3x3,medium,12,1735,D2,4,51.0,6
original_fixed,3x3,medium,12,1735,D3,7,101.0,13
original_fixed,3x3,medium,12,1740,B1,0,0.0,6
original_fixed,3x3,medium,12,1740,B2,7,76.0,9
original_fixed,3x3,medium,12,1740,B3,3,26.0,8
original_fixed,3x3,medium,12,1740,C1,8,159.0,17
original_fixed,3x3,medium,12,1740,C2,7,90.0,12
original_fixed,3x3,medium,12,1740,C3,2,38.0,6
original_fixed,3x3,medium,12,1740,D1,14,254.0,15
original_fixed,3x3,medium,12,1740,D2,4,71.0,7
original_fixed,3x3,medium,12,1740,D3,7,136.0,15
original_fixed,3x3,medium,12,1745,B1,1,1.0,5
original_fixed,3x3,medium,12,1745,B2,7,111.0,10
original_fixed,3x3,medium,12,1745,B3,5,50.0,8
original_fixed,3x3,medium,12,1745,C1,11,206.0,21
original_fixed,3x3,medium,12,1745,C2,8,128.0,10
original_fixed,3x3,medium,12,1745,C3,2,48.0,6
original_fixed,3x3,medium,12,1745,D1,10,236.0,16
original_fixed,3x3,medium,12,1745,D2,4,91.0,9
original_fixed,3x3,medium,12,1745,D3,7,171.0,16
original_fixed,3x3,medium,12,1750,B1,3,16.0,4
original_fixed,3x3,medium,12,1750,B2,7,146.0,11
original_fixed,3x3,medium,12,1750,B3,6,78.0,6
original_fixed,3x3,medium,12,1750,C1,14,267.0,22
original_fixed,3x3,medium,12,1750,C2,8,168.0,10
original_fixed,3x3,medium,12,1750,C3,3,59.0,6
original_fixed,3x3,medium,12,1750,D1,7,224.0,16
original_fixed,3x3,medium,12,1750,D2,4,111.0,8
original_fixed,3x3,medium,12,1750,D3,9,212.0,16
original_fixed,3x3,medium,12,1755,B1,3,31.0,4
original_fixed,3x3,medium,12,1755,B2,9,189.0,11
original_fixed,3x3,medium,12,1755,B3,6,108.0,6
original_fixed,3x3,medium,12,1755,C1,15,339.0,23
original_fixed,3x3,medium,12,1755,C2,10,212.0,12
original_fixed,3x3,medium,12,1755,C3,4,78.0,7
original_fixed,3x3,medium,12,1755,D1,8,261.0,17
original_fixed,3x3,medium,12,1755,D2,4,131.0,7
original_fixed,3x3,medium,12,1755,D3,11,264.0,17
original_fixed,3x3,medium,12,1760,B1,0,0.0,4
original_fixed,3x3,medium,12,1760,B2,4,42.0,10
original_fixed,3x3,medium,12,1760,B3,0,0.0,2
original_fixed,3x3,medium,12,1760,C1,9,100.0,22
original_fixed,3x3,medium,12,1760,C2,0,0.0,9
original_fixed,3x3,medium,12,1760,C3,0,0.0,6
original_fixed,3x3,medium,12,1760,D1,4,80.0,15
original_fixed,3x3,medium,12,1760,D2,0,0.0,4
original_fixed,3x3,medium,12,1760,D3,3,35.0,15
original_fixed,3x3,medium,12,1765,B1,0,0.0,3
original_fixed,3x3,medium,12,1765,B2,0,0.0,10
original_fixed,3x3,medium,12,1765,B3,1,1.0,5
original_fixed,3x3,medium,12,1765,C1,6,29.0,22
original_fixed,3x3,medium,12,1765,C2,0,0.0,8
original_fixed,3x3,medium,12,1765,C3,0,0.0,9
original_fixed,3x3,medium,12,1765,D1,4,23.0,13
original_fixed,3x3,medium,12,1765,D2,1,5.0,5
original_fixed,3x3,medium,12,1765,D3,0,0.0,11
original_fixed,3x3,medium,12,1770,B1,0,0.0,2
original_fixed,3x3,medium,12,1770,B2,1,5.0,8
original_fixed,3x3,medium,12,1770,B3,1,6.0,7
original_fixed,3x3,medium,12,1770,C1,5,22.0,23
original_fixed,3x3,medium,12,1770,C2,1,1.0,7
original_fixed,3x3,medium,12,1770,C3,1,4.0,9
original_fixed,3x3,medium,12,1770,D1,6,51.0,14
original_fixed,3x3,medium,12,1770,D2,1,10.0,6
original_fixed,3x3,medium,12,1770,D3,1,2.0,8
original_fixed,3x3,medium,12,1775,B1,1,1.0,4
original_fixed,3x3,medium,12,1775,B2,1,10.0,6
original_fixed,3x3,medium,12,1775,B3,1,11.0,8
original_fixed,3x3,medium,12,1775,C1,7,45.0,23
original_fixed,3x3,medium,12,1775,C2,1,6.0,7
original_fixed,3x3,medium,12,1775,C3,1,9.0,13
original_fixed,3x3,medium,12,1775,D1,8,82.0,15
original_fixed,3x3,medium,12,1775,D2,1,15.0,5
original_fixed,3x3,medium,12,1775,D3,3,5.0,8
original_fixed,3x3,medium,12,1780,B1,1,6.0,5
original_fixed,3x3,medium,12,1780,B2,4,24.0,6
original_fixed,3x3,medium,12,1780,B3,3,21.0,8
original_fixed,3x3,medium,12,1780,C1,8,85.0,22
original_fixed,3x3,medium,12,1780,C2,1,11.0,9
original_fixed,3x3,medium,12,1780,C3,2,16.0,12
original_fixed,3x3,medium,12,1780,D1,5,88.0,14
original_fixed,3x3,medium,12,1780,D2,1,20.0,7
original_fixed,3x3,medium,12,1780,D3,3,18.0,7
original_fixed,3x3,medium,12,1785,B1,1,11.0,7
original_fixed,3x3,medium,12,1785,B2,3,29.0,5
original_fixed,3x3,medium,12,1785,B3,5,42.0,10
original_fixed,3x3,medium,12,1785,C1,8,125.0,20
original_fixed,3x3,medium,12,1785,C2,1,16.0,8
original_fixed,3x3,medium,12,1785,C3,2,26.0,9
original_fixed,3x3,medium,12,1785,D1,5,113.0,14
original_fixed,3x3,medium,12,1785,D2,2,26.0,11
original_fixed,3x3,medium,12,1785,D3,3,33.0,7
original_fixed,3x3,medium,12,1790,B1,1,16.0,6
original_fixed,3x3,medium,12,1790,B2,3,44.0,6
original_fixed,3x3,medium,12,1790,B3,6,72.0,13
original_fixed,3x3,medium,12,1790,C1,9,170.0,20
original_fixed,3x3,medium,12,1790,C2,1,21.0,8
original_fixed,3x3,medium,12,1790,C3,4,40.0,7
original_fixed,3x3,medium,12,1790,D1,6,141.0,15
original_fixed,3x3,medium,12,1790,D2,1,30.0,12
original_fixed,3x3,medium,12,1790,D3,3,48.0,7
original_fixed,3x3,medium,12,1795,B1,2,25.0,7
original_fixed,3x3,medium,12,1795,B2,3,59.0,8
original_fixed,3x3,medium,12,1795,B3,3,36.0,15
original_fixed,3x3,medium,12,1795,C1,11,219.0,18
original_fixed,3x3,medium,12,1795,C2,2,27.0,7
original_fixed,3x3,medium,12,1795,C3,5,65.0,9
original_fixed,3x3,medium,12,1795,D1,9,178.0,13
original_fixed,3x3,medium,12,1795,D2,2,37.0,13
original_fixed,3x3,medium,12,1795,D3,3,63.0,9
original_fixed,3x3,medium,12,1800,B1,2,35.0,7
original_fixed,3x3,medium,12,1800,B2,3,74.0,8
original_fixed,3x3,medium,12,1800,B3,3,18.0,14
original_fixed,3x3,medium,12,1800,C1,10,243.0,18
original_fixed,3x3,medium,12,1800,C2,3,41.0,8
original_fixed,3x3,medium,12,1800,C3,6,95.0,12
original_fixed,3x3,medium,12,1800,D1,10,225.0,13
original_fixed,3x3,medium,12,1800,D2,4,50.0,14
original_fixed,3x3,medium,12,1800,D3,3,78.0,9
