controller,grid,scenario,seed,time,intersection,queue_length,waiting_time,vehicle_count
original_fixed,4x4,medium,14,5,B1,0,0.0,0
original_fixed,4x4,medium,14,5,B2,0,0.0,0
original_fixed,4x4,medium,14,5,B3,0,0.0,0
original_fixed,4x4,medium,14,5,B4,0,0.0,0
original_fixed,4x4,medium,14,5,C1,0,0.0,0
original_fixed,4x4,medium,14,5,C2,0,0.0,1
original_fixed,4x4,medium,14,5,C3,0,0.0,0
original_fixed,4x4,medium,14,5,C4,0,0.0,0
original_fixed,4x4,medium,14,5,D1,0,0.0,0
original_fixed,4x4,medium,14,5,D2,0,0.0,0
original_fixed,4x4,medium,14,5,D3,0,0.0,1
original_fixed,4x4,medium,14,5,D4,0,0.0,0
original_fixed,4x4,medium,14,5,E1,0,0.0,0
original_fixed,4x4,medium,14,5,E2,0,0.0,0
original_fixed,4x4,medium,14,5,E3,0,0.0,0
original_fixed,4x4,medium,14,5,E4,0,0.0,0
original_fixed,4x4,medium,14,10,B1,0,0.0,0
original_fixed,4x4,medium,14,10,B2,0,0.0,0
original_fixed,4x4,medium,14,10,B3,0,0.0,0
original_fixed,4x4,medium,14,10,B4,0,0.0,0
original_fixed,4x4,medium,14,10,C1,0,0.0,0
original_fixed,4x4,medium,14,10,C2,0,0.0,3
original_fixed,4x4,medium,14,10,C3,0,0.0,0
original_fixed,4x4,medium,14,10,C4,0,0.0,0
original_fixed,4x4,medium,14,10,D1,0,0.0,0
original_fixed,4x4,medium,14,10,D2,0,0.0,0
original_fixed,4x4,medium,14,10,D3,0,0.0,1
original_fixed,4x4,medium,14,10,D4,0,0.0,1
original_fixed,4x4,medium,14,10,E1,0,0.0,0
original_fixed,4x4,medium,14,10,E2,0,0.0,0
original_fixed,4x4,medium,14,10,E3,0,0.0,0
original_fixed,4x4,medium,14,10,E4,0,0.0,0
original_fixed,4x4,medium,14,15,B1,0,0.0,0
original_fixed,4x4,medium,14,15,B2,0,0.0,0
original_fixed,4x4,medium,14,15,B3,0,0.0,0
original_fixed,4x4,medium,14,15,B4,0,0.0,0
original_fixed,4x4,medium,14,15,C1,0,0.0,0
original_fixed,4x4,medium,14,15,C2,0,0.0,3
original_fixed,4x4,medium,14,15,C3,0,0.0,0
original_fixed,4x4,medium,14,15,C4,0,0.0,0
original_fixed,4x4,medium,14,15,D1,0,0.0,0
original_fixed,4x4,medium,14,15,D2,0,0.0,0
original_fixed,4x4,medium,14,15,D3,0,0.0,0
original_fixed,4x4,medium,14,15,D4,0,0.0,1
original_fixed,4x4,medium,14,15,E1,0,0.0,0
original_fixed,4x4,medium,14,15,E2,0,0.0,0
original_fixed,4x4,medium,14,15,E3,0,0.0,0
original_fixed,4x4,medium,14,15,E4,0,0.0,0
original_fixed,4x4,medium,14,20,B1,0,0.0,0
original_fixed,4x4,medium,14,20,B2,0,0.0,2
original_fixed,4x4,medium,14,20,B3,0,0.0,0
original_fixed,4x4,medium,14,20,B4,0,0.0,1
original_fixed,4x4,medium,14,20,C1,0,0.0,1
original_fixed,4x4,medium,14,20,C2,0,0.0,2
original_fixed,4x4,medium,14,20,C3,0,0.0,0
original_fixed,4x4,medium,14,20,C4,0,0.0,0
original_fixed,4x4,medium,14,20,D1,0,0.0,0
original_fixed,4x4,medium,14,20,D2,0,0.0,1
original_fixed,4x4,medium,14,20,D3,0,0.0,0
original_fixed,4x4,medium,14,20,D4,0,0.0,1
original_fixed,4x4,medium,14,20,E1,0,0.0,1
original_fixed,4x4,medium,14,20,E2,0,0.0,0
original_fixed,4x4,medium,14,20,E3,0,0.0,0
original_fixed,4x4,medium,14,20,E4,0,0.0,0
original_fixed,4x4,medium,14,25,B1,0,0.0,0
original_fixed,4x4,medium,14,25,B2,0,0.0,2
original_fixed,4x4,medium,14,25,B3,0,0.0,1
original_fixed,4x4,medium,14,25,B4,0,0.0,1
original_fixed,4x4,medium,14,25,C1,0,0.0,1
original_fixed,4x4,medium,14,25,C2,0,0.0,2
original_fixed,4x4,medium,14,25,C3,0,0.0,0
original_fixed,4x4,medium,14,25,C4,0,0.0,0
original_fixed,4x4,medium,14,25,D1,0,0.0,1
original_fixed,4x4,medium,14,25,D2,0,0.0,1
original_fixed,4x4,medium,14,25,D3,0,0.0,1
original_fixed,4x4,medium,14,25,D4,0,0.0,1
original_fixed,4x4,medium,14,25,E1,0,0.0,1
original_fixed,4x4,medium,14,25,E2,0,0.0,0
original_fixed,4x4,medium,14,25,E3,0,0.0,0
original_fixed,4x4,medium,14,25,E4,0,0.0,0
original_fixed,4x4,medium,14,30,B1,0,0.0,0
original_fixed,4x4,medium,14,30,B2,0,0.0,2
original_fixed,4x4,medium,14,30,B3,0,0.0,1
original_fixed,4x4,medium,14,30,B4,0,0.0,1
original_fixed,4x4,medium,14,30,C1,0,0.0,1
original_fixed,4x4,medium,14,30,C2,2,8.0,2
original_fixed,4x4,medium,14,30,C3,0,0.0,0
original_fixed,4x4,medium,14,30,C4,0,0.0,0
original_fixed,4x4,medium,14,30,D1,0,0.0,1
original_fixed,4x4,medium,14,30,D2,0,0.0,0
original_fixed,4x4,medium,14,30,D3,0,0.0,1
original_fixed,4x4,medium,14,30,D4,1,2.0,2
original_fixed,4x4,medium,14,30,E1,0,0.0,2
original_fixed,4x4,medium,14,30,E2,0,0.0,0
original_fixed,4x4,medium,14,30,E3,0,0.0,0
original_fixed,4x4,medium,14,30,E4,0,0.0,1
original_fixed,4x4,medium,14,35,B1,0,0.0,0
original_fixed,4x4,medium,14,35,B2,1,4.0,2
original_fixed,4x4,medium,14,35,B3,0,0.0,3
original_fixed,4x4,medium,14,35,B4,0,0.0,0
original_fixed,4x4,medium,14,35,C1,0,0.0,0
original_fixed,4x4,medium,14,35,C2,2,18.0,2
original_fixed,4x4,medium,14,35,C3,0,0.0,0
original_fixed,4x4,medium,14,35,C4,0,0.0,0
original_fixed,4x4,medium,14,35,D1,0,0.0,3
original_fixed,4x4,medium,14,35,D2,0,0.0,0
original_fixed,4x4,medium,14,35,D3,0,0.0,1
original_fixed,4x4,medium,14,35,D4,1,7.0,2
original_fixed,4x4,medium,14,35,E1,0,0.0,2
original_fixed,4x4,medium,14,35,E2,0,0.0,0
original_fixed,4x4,medium,14,35,E3,0,0.0,0
original_fixed,4x4,medium,14,35,E4,0,0.0,2
original_fixed,4x4,medium,14,40,B1,0,0.0,1
original_fixed,4x4,medium,14,40,B2,2,12.0,2
original_fixed,4x4,medium,14,40,B3,0,0.0,2
original_fixed,4x4,medium,14,40,B4,0,0.0,1
original_fixed,4x4,medium,14,40,C1,0,0.0,0
original_fixed,4x4,medium,14,40,C2,2,28.0,3
original_fixed,4x4,medium,14,40,C3,0,0.0,1
original_fixed,4x4,medium,14,40,C4,0,0.0,0
original_fixed,4x4,medium,14,40,D1,0,0.0,3
original_fixed,4x4,medium,14,40,D2,0,0.0,1
original_fixed,4x4,medium,14,40,D3,0,0.0,0
original_fixed,4x4,medium,14,40,D4,1,12.0,2
original_fixed,4x4,medium,14,40,E1,1,3.0,2
original_fixed,4x4,medium,14,40,E2,0,0.0,2
original_fixed,4x4,medium,14,40,E3,0,0.0,0
original_fixed,4x4,medium,14,40,E4,0,0.0,2
original_fixed,4x4,medium,14,45,B1,0,0.0,1
original_fixed,4x4,medium,14,45,B2,2,22.0,3
original_fixed,4x4,medium,14,45,B3,0,0.0,3
original_fixed,4x4,medium,14,45,B4,0,0.0,2
original_fixed,4x4,medium,14,45,C1,0,0.0,0
original_fixed,4x4,medium,14,45,C2,2,38.0,3
original_fixed,4x4,medium,14,45,C3,0,0.0,2
original_fixed,4x4,medium,14,45,C4,0,0.0,0
original_fixed,4x4,medium,14,45,D1,1,4.0,3
original_fixed,4x4,medium,14,45,D2,0,0.0,1
original_fixed,4x4,medium,14,45,D3,0,0.0,0
original_fixed,4x4,medium,14,45,D4,1,17.0,2
original_fixed,4x4,medium,14,45,E1,1,8.0,2
original_fixed,4x4,medium,14,45,E2,0,0.0,2
original_fixed,4x4,medium,14,45,E3,0,0.0,0
original_fixed,4x4,medium,14,45,E4,0,0.0,3
original_fixed,4x4,medium,14,50,B1,0,0.0,2
original_fixed,4x4,medium,14,50,B2,0,0.0,1
original_fixed,4x4,medium,14,50,B3,1,1.0,4
original_fixed,4x4,medium,14,50,B4,0,0.0,3
original_fixed,4x4,medium,14,50,C1,0,0.0,0
original_fixed,4x4,medium,14,50,C2,0,0.0,1
original_fixed,4x4,medium,14,50,C3,0,0.0,3
original_fixed,4x4,medium,14,50,C4,0,0.0,2
original_fixed,4x4,medium,14,50,D1,1,2.0,3
original_fixed,4x4,medium,14,50,D2,0,0.0,3
original_fixed,4x4,medium,14,50,D3,0,0.0,0
original_fixed,4x4,medium,14,50,D4,1,4.0,3
original_fixed,4x4,medium,14,50,E1,0,0.0,0
original_fixed,4x4,medium,14,50,E2,0,0.0,2
original_fixed,4x4,medium,14,50,E3,0,0.0,0
original_fixed,4x4,medium,14,50,E4,0,0.0,2
original_fixed,4x4,medium,14,55,B1,0,0.0,1
original_fixed,4x4,medium,14,55,B2,0,0.0,1
original_fixed,4x4,medium,14,55,B3,2,11.0,3
original_fixed,4x4,medium,14,55,B4,0,0.0,3
original_fixed,4x4,medium,14,55,C1,0,0.0,0
original_fixed,4x4,medium,14,55,C2,0,0.0,0
original_fixed,4x4,medium,14,55,C3,0,0.0,4
original_fixed,4x4,medium,14,55,C4,0,0.0,2
original_fixed,4x4,medium,14,55,D1,2,12.0,3
original_fixed,4x4,medium,14,55,D2,1,1.0,5
original_fixed,4x4,medium,14,55,D3,0,0.0,0
original_fixed,4x4,medium,14,55,D4,1,9.0,5
original_fixed,4x4,medium,14,55,E1,0,0.0,0
original_fixed,4x4,medium,14,55,E2,0,0.0,1
original_fixed,4x4,medium,14,55,E3,0,0.0,2
original_fixed,4x4,medium,14,55,E4,0,0.0,1
original_fixed,4x4,medium,14,60,B1,0,0.0,1
original_fixed,4x4,medium,14,60,B2,0,0.0,3
original_fixed,4x4,medium,14,60,B3,2,21.0,4
original_fixed,4x4,medium,14,60,B4,0,0.0,4
original_fixed,4x4,medium,14,60,C1,0,0.0,0
original_fixed,4x4,medium,14,60,C2,0,0.0,0
original_fixed,4x4,medium,14,60,C3,1,5.0,3
original_fixed,4x4,medium,14,60,C4,0,0.0,3
original_fixed,4x4,medium,14,60,D1,2,22.0,3
original_fixed,4x4,medium,14,60,D2,1,6.0,5
original_fixed,4x4,medium,14,60,D3,0,0.0,2
original_fixed,4x4,medium,14,60,D4,1,14.0,5
original_fixed,4x4,medium,14,60,E1,0,0.0,0
original_fixed,4x4,medium,14,60,E2,0,0.0,1
original_fixed,4x4,medium,14,60,E3,0,0.0,2
original_fixed,4x4,medium,14,60,E4,1,3.0,1
original_fixed,4x4,medium,14,65,B1,1,2.0,1
original_fixed,4x4,medium,14,65,B2,0,0.0,2
original_fixed,4x4,medium,14,65,B3,2,31.0,5
original_fixed,4x4,medium,14,65,B4,0,0.0,3
original_fixed,4x4,medium,14,65,C1,0,0.0,0
original_fixed,4x4,medium,14,65,C2,0,0.0,1
original_fixed,4x4,medium,14,65,C3,1,10.0,3
original_fixed,4x4,medium,14,65,C4,1,1.0,4
original_fixed,4x4,medium,14,65,D1,2,32.0,2
original_fixed,4x4,medium,14,65,D2,1,11.0,6
original_fixed,4x4,medium,14,65,D3,0,0.0,2
original_fixed,4x4,medium,14,65,D4,2,20.0,5
original_fixed,4x4,medium,14,65,E1,0,0.0,0
original_fixed,4x4,medium,14,65,E2,0,0.0,2
original_fixed,4x4,medium,14,65,E3,0,0.0,4
original_fixed,4x4,medium,14,65,E4,1,8.0,2
original_fixed,4x4,medium,14,70,B1,1,7.0,2
original_fixed,4x4,medium,14,70,B2,0,0.0,2
original_fixed,4x4,medium,14,70,B3,3,43.0,5
original_fixed,4x4,medium,14,70,B4,0,0.0,4
original_fixed,4x4,medium,14,70,C1,0,0.0,0
original_fixed,4x4,medium,14,70,C2,0,0.0,2
original_fixed,4x4,medium,14,70,C3,3,21.0,3
original_fixed,4x4,medium,14,70,C4,1,6.0,4
original_fixed,4x4,medium,14,70,D1,2,42.0,3
original_fixed,4x4,medium,14,70,D2,2,18.0,3
original_fixed,4x4,medium,14,70,D3,0,0.0,3
original_fixed,4x4,medium,14,70,D4,3,31.0,6
original_fixed,4x4,medium,14,70,E1,0,0.0,1
original_fixed,4x4,medium,14,70,E2,0,0.0,1
original_fixed,4x4,medium,14,70,E3,1,1.0,4
original_fixed,4x4,medium,14,70,E4,1,13.0,2
original_fixed,4x4,medium,14,75,B1,1,12.0,3
original_fixed,4x4,medium,14,75,B2,1,3.0,1
original_fixed,4x4,medium,14,75,B3,4,60.0,6
original_fixed,4x4,medium,14,75,B4,1,4.0,3
original_fixed,4x4,medium,14,75,C1,0,0.0,0
original_fixed,4x4,medium,14,75,C2,0,0.0,4
original_fixed,4x4,medium,14,75,C3,3,36.0,3
original_fixed,4x4,medium,14,75,C4,1,11.0,4
original_fixed,4x4,medium,14,75,D1,2,52.0,3
original_fixed,4x4,medium,14,75,D2,2,28.0,3
original_fixed,4x4,medium,14,75,D3,0,0.0,1
original_fixed,4x4,medium,14,75,D4,4,50.0,8
original_fixed,4x4,medium,14,75,E1,0,0.0,2
original_fixed,4x4,medium,14,75,E2,0,0.0,2
original_fixed,4x4,medium,14,75,E3,2,10.0,5
original_fixed,4x4,medium,14,75,E4,1,18.0,2
original_fixed,4x4,medium,14,80,B1,1,17.0,3
original_fixed,4x4,medium,14,80,B2,1,8.0,2
original_fixed,4x4,medium,14,80,B3,4,80.0,6
original_fixed,4x4,medium,14,80,B4,2,14.0,6
original_fixed,4x4,medium,14,80,C1,0,0.0,0
original_fixed,4x4,medium,14,80,C2,0,0.0,3
original_fixed,4x4,medium,14,80,C3,3,51.0,4
original_fixed,4x4,medium,14,80,C4,1,16.0,3
original_fixed,4x4,medium,14,80,D1,2,62.0,3
original_fixed,4x4,medium,14,80,D2,2,38.0,5
original_fixed,4x4,medium,14,80,D3,0,0.0,1
original_fixed,4x4,medium,14,80,D4,4,70.0,9
original_fixed,4x4,medium,14,80,E1,0,0.0,2
original_fixed,4x4,medium,14,80,E2,0,0.0,1
original_fixed,4x4,medium,14,80,E3,2,20.0,6
original_fixed,4x4,medium,14,80,E4,1,23.0,2
original_fixed,4x4,medium,14,85,B1,1,22.0,3
original_fixed,4x4,medium,14,85,B2,1,13.0,4
original_fixed,4x4,medium,14,85,B3,4,100.0,7
original_fixed,4x4,medium,14,85,B4,2,24.0,5
original_fixed,4x4,medium,14,85,C1,0,0.0,0
original_fixed,4x4,medium,14,85,C2,1,1.0,4
original_fixed,4x4,medium,14,85,C3,3,66.0,5
original_fixed,4x4,medium,14,85,C4,1,21.0,2
original_fixed,4x4,medium,14,85,D1,2,72.0,3
original_fixed,4x4,medium,14,85,D2,3,53.0,6
original_fixed,4x4,medium,14,85,D3,0,0.0,1
original_fixed,4x4,medium,14,85,D4,5,93.0,9
original_fixed,4x4,medium,14,85,E1,0,0.0,1
original_fixed,4x4,medium,14,85,E2,0,0.0,3
original_fixed,4x4,medium,14,85,E3,3,35.0,5
original_fixed,4x4,medium,14,85,E4,2,30.0,4
original_fixed,4x4,medium,14,90,B1,2,29.0,2
original_fixed,4x4,medium,14,90,B2,1,18.0,5
original_fixed,4x4,medium,14,90,B3,4,120.0,7
original_fixed,4x4,medium,14,90,B4,2,34.0,8
original_fixed,4x4,medium,14,90,C1,0,0.0,2
original_fixed,4x4,medium,14,90,C2,2,7.0,4
original_fixed,4x4,medium,14,90,C3,3,81.0,5
original_fixed,4x4,medium,14,90,C4,1,26.0,1
original_fixed,4x4,medium,14,90,D1,3,84.0,4
original_fixed,4x4,medium,14,90,D2,3,68.0,7
original_fixed,4x4,medium,14,90,D3,0,0.0,0
original_fixed,4x4,medium,14,90,D4,7,124.0,9
original_fixed,4x4,medium,14,90,E1,1,2.0,2
original_fixed,4x4,medium,14,90,E2,0,0.0,3
original_fixed,4x4,medium,14,90,E3,3,50.0,4
original_fixed,4x4,medium,14,90,E4,2,40.0,4
original_fixed,4x4,medium,14,95,B1,0,0.0,0
original_fixed,4x4,medium,14,95,B2,0,0.0,6
original_fixed,4x4,medium,14,95,B3,1,5.0,3
original_fixed,4x4,medium,14,95,B4,0,0.0,7
original_fixed,4x4,medium,14,95,C1,0,0.0,4
original_fixed,4x4,medium,14,95,C2,1,6.0,3
original_fixed,4x4,medium,14,95,C3,0,0.0,3
original_fixed,4x4,medium,14,95,C4,0,0.0,1
original_fixed,4x4,medium,14,95,D1,0,0.0,3
original_fixed,4x4,medium,14,95,D2,0,0.0,6
original_fixed,4x4,medium,14,95,D3,0,0.0,2
original_fixed,4x4,medium,14,95,D4,2,9.0,7
original_fixed,4x4,medium,14,95,E1,0,0.0,3
original_fixed,4x4,medium,14,95,E2,0,0.0,3
original_fixed,4x4,medium,14,95,E3,1,2.0,2
original_fixed,4x4,medium,14,95,E4,0,0.0,2
original_fixed,4x4,medium,14,100,B1,0,0.0,1
original_fixed,4x4,medium,14,100,B2,0,0.0,7
original_fixed,4x4,medium,14,100,B3,1,10.0,4
original_fixed,4x4,medium,14,100,B4,1,3.0,6
original_fixed,4x4,medium,14,100,C1,0,0.0,4
original_fixed,4x4,medium,14,100,C2,1,11.0,5
original_fixed,4x4,medium,14,100,C3,1,5.0,5
original_fixed,4x4,medium,14,100,C4,0,0.0,1
original_fixed,4x4,medium,14,100,D1,0,0.0,4
original_fixed,4x4,medium,14,100,D2,1,4.0,5
original_fixed,4x4,medium,14,100,D3,0,0.0,5
original_fixed,4x4,medium,14,100,D4,2,12.0,6
original_fixed,4x4,medium,14,100,E1,0,0.0,4
original_fixed,4x4,medium,14,100,E2,0,0.0,3
original_fixed,4x4,medium,14,100,E3,1,7.0,2
original_fixed,4x4,medium,14,100,E4,1,1.0,4
original_fixed,4x4,medium,14,105,B1,0,0.0,1
original_fixed,4x4,medium,14,105,B2,1,1.0,9
original_fixed,4x4,medium,14,105,B3,1,15.0,5
original_fixed,4x4,medium,14,105,B4,1,8.0,5
original_fixed,4x4,medium,14,105,C1,1,1.0,4
original_fixed,4x4,medium,14,105,C2,1,16.0,4
original_fixed,4x4,medium,14,105,C3,0,0.0,4
original_fixed,4x4,medium,14,105,C4,0,0.0,2
original_fixed,4x4,medium,14,105,D1,0,0.0,4
original_fixed,4x4,medium,14,105,D2,2,13.0,5
original_fixed,4x4,medium,14,105,D3,0,0.0,9
original_fixed,4x4,medium,14,105,D4,2,22.0,4
original_fixed,4x4,medium,14,105,E1,0,0.0,6
original_fixed,4x4,medium,14,105,E2,1,3.0,2
original_fixed,4x4,medium,14,105,E3,1,12.0,3
original_fixed,4x4,medium,14,105,E4,1,6.0,3
original_fixed,4x4,medium,14,110,B1,0,0.0,1
original_fixed,4x4,medium,14,110,B2,2,10.0,9
original_fixed,4x4,medium,14,110,B3,1,20.0,5
original_fixed,4x4,medium,14,110,B4,2,18.0,5
original_fixed,4x4,medium,14,110,C1,3,12.0,5
original_fixed,4x4,medium,14,110,C2,1,21.0,6
original_fixed,4x4,medium,14,110,C3,0,0.0,7
original_fixed,4x4,medium,14,110,C4,0,0.0,3
original_fixed,4x4,medium,14,110,D1,0,0.0,2
original_fixed,4x4,medium,14,110,D2,2,23.0,6
original_fixed,4x4,medium,14,110,D3,1,1.0,9
original_fixed,4x4,medium,14,110,D4,2,32.0,4
original_fixed,4x4,medium,14,110,E1,1,4.0,7
original_fixed,4x4,medium,14,110,E2,1,8.0,1
original_fixed,4x4,medium,14,110,E3,1,17.0,2
original_fixed,4x4,medium,14,110,E4,1,11.0,5
original_fixed,4x4,medium,14,115,B1,0,0.0,1
original_fixed,4x4,medium,14,115,B2,4,24.0,10
original_fixed,4x4,medium,14,115,B3,2,28.0,5
original_fixed,4x4,medium,14,115,B4,4,36.0,5
original_fixed,4x4,medium,14,115,C1,4,32.0,6
original_fixed,4x4,medium,14,115,C2,2,28.0,7
original_fixed,4x4,medium,14,115,C3,1,3.0,6
original_fixed,4x4,medium,14,115,C4,0,0.0,3
original_fixed,4x4,medium,14,115,D1,0,0.0,1
original_fixed,4x4,medium,14,115,D2,3,36.0,6
original_fixed,4x4,medium,14,115,D3,3,11.0,7
original_fixed,4x4,medium,14,115,D4,4,50.0,5
original_fixed,4x4,medium,14,115,E1,2,10.0,6
original_fixed,4x4,medium,14,115,E2,1,13.0,4
original_fixed,4x4,medium,14,115,E3,1,22.0,2
original_fixed,4x4,medium,14,115,E4,2,18.0,4
original_fixed,4x4,medium,14,120,B1,0,0.0,2
original_fixed,4x4,medium,14,120,B2,5,45.0,11
original_fixed,4x4,medium,14,120,B3,2,38.0,5
original_fixed,4x4,medium,14,120,B4,4,56.0,5
original_fixed,4x4,medium,14,120,C1,4,52.0,8
original_fixed,4x4,medium,14,120,C2,3,41.0,6
original_fixed,4x4,medium,14,120,C3,2,10.0,5
original_fixed,4x4,medium,14,120,C4,1,1.0,4
original_fixed,4x4,medium,14,120,D1,0,0.0,1
original_fixed,4x4,medium,14,120,D2,3,51.0,6
original_fixed,4x4,medium,14,120,D3,3,26.0,5
original_fixed,4x4,medium,14,120,D4,4,70.0,7
original_fixed,4x4,medium,14,120,E1,3,22.0,5
original_fixed,4x4,medium,14,120,E2,1,18.0,5
original_fixed,4x4,medium,14,120,E3,1,27.0,3
original_fixed,4x4,medium,14,120,E4,2,28.0,4
original_fixed,4x4,medium,14,125,B1,0,0.0,2
original_fixed,4x4,medium,14,125,B2,6,74.0,11
original_fixed,4x4,medium,14,125,B3,3,51.0,6
original_fixed,4x4,medium,14,125,B4,4,76.0,7
original_fixed,4x4,medium,14,125,C1,4,72.0,10
original_fixed,4x4,medium,14,125,C2,3,56.0,6
original_fixed,4x4,medium,14,125,C3,3,22.0,4
original_fixed,4x4,medium,14,125,C4,1,6.0,3
original_fixed,4x4,medium,14,125,D1,0,0.0,1
original_fixed,4x4,medium,14,125,D2,3,66.0,6
original_fixed,4x4,medium,14,125,D3,3,41.0,3
original_fixed,4x4,medium,14,125,D4,4,90.0,9
original_fixed,4x4,medium,14,125,E1,3,37.0,5
original_fixed,4x4,medium,14,125,E2,1,23.0,5
original_fixed,4x4,medium,14,125,E3,2,34.0,4
original_fixed,4x4,medium,14,125,E4,2,38.0,6
original_fixed,4x4,medium,14,130,B1,0,0.0,2
original_fixed,4x4,medium,14,130,B2,6,104.0,9
original_fixed,4x4,medium,14,130,B3,3,66.0,6
original_fixed,4x4,medium,14,130,B4,5,100.0,8
original_fixed,4x4,medium,14,130,C1,6,97.0,10
original_fixed,4x4,medium,14,130,C2,4,75.0,6
original_fixed,4x4,medium,14,130,C3,4,41.0,4
original_fixed,4x4,medium,14,130,C4,2,15.0,6
original_fixed,4x4,medium,14,130,D1,0,0.0,1
original_fixed,4x4,medium,14,130,D2,4,82.0,6
original_fixed,4x4,medium,14,130,D3,3,56.0,4
original_fixed,4x4,medium,14,130,D4,4,110.0,8
original_fixed,4x4,medium,14,130,E1,5,61.0,5
original_fixed,4x4,medium,14,130,E2,1,28.0,5
original_fixed,4x4,medium,14,130,E3,2,44.0,4
original_fixed,4x4,medium,14,130,E4,3,50.0,8
original_fixed,4x4,medium,14,135,B1,0,0.0,2
original_fixed,4x4,medium,14,135,B2,6,134.0,9
original_fixed,4x4,medium,14,135,B3,4,82.0,6
original_fixed,4x4,medium,14,135,B4,5,125.0,8
original_fixed,4x4,medium,14,135,C1,6,127.0,9
original_fixed,4x4,medium,14,135,C2,4,95.0,7
original_fixed,4x4,medium,14,135,C3,4,61.0,4
original_fixed,4x4,medium,14,135,C4,2,25.0,6
original_fixed,4x4,medium,14,135,D1,0,0.0,1
original_fixed,4x4,medium,14,135,D2,4,102.0,6
original_fixed,4x4,medium,14,135,D3,3,71.0,5
original_fixed,4x4,medium,14,135,D4,5,131.0,9
original_fixed,4x4,medium,14,135,E1,5,86.0,5
original_fixed,4x4,medium,14,135,E2,3,41.0,4
original_fixed,4x4,medium,14,135,E3,2,54.0,4
original_fixed,4x4,medium,14,135,E4,3,65.0,8
original_fixed,4x4,medium,14,140,B1,1,3.0,3
original_fixed,4x4,medium,14,140,B2,1,5.0,6
original_fixed,4x4,medium,14,140,B3,0,0.0,5
original_fixed,4x4,medium,14,140,B4,0,0.0,7
original_fixed,4x4,medium,14,140,C1,1,3.0,7
original_fixed,4x4,medium,14,140,C2,1,1.0,6
original_fixed,4x4,medium,14,140,C3,0,0.0,1
original_fixed,4x4,medium,14,140,C4,0,0.0,7
original_fixed,4x4,medium,14,140,D1,0,0.0,2
original_fixed,4x4,medium,14,140,D2,0,0.0,3
original_fixed,4x4,medium,14,140,D3,0,0.0,4
original_fixed,4x4,medium,14,140,D4,1,4.0,8
original_fixed,4x4,medium,14,140,E1,0,0.0,2
original_fixed,4x4,medium,14,140,E2,0,0.0,2
original_fixed,4x4,medium,14,140,E3,1,3.0,6
original_fixed,4x4,medium,14,140,E4,0,0.0,5
original_fixed,4x4,medium,14,145,B1,1,8.0,3
original_fixed,4x4,medium,14,145,B2,1,10.0,5
original_fixed,4x4,medium,14,145,B3,2,4.0,5
original_fixed,4x4,medium,14,145,B4,1,1.0,7
original_fixed,4x4,medium,14,145,C1,2,13.0,5
original_fixed,4x4,medium,14,145,C2,2,9.0,11
original_fixed,4x4,medium,14,145,C3,0,0.0,2
original_fixed,4x4,medium,14,145,C4,0,0.0,9
original_fixed,4x4,medium,14,145,D1,0,0.0,4
original_fixed,4x4,medium,14,145,D2,2,6.0,6
original_fixed,4x4,medium,14,145,D3,1,1.0,7
original_fixed,4x4,medium,14,145,D4,2,14.0,7
original_fixed,4x4,medium,14,145,E1,0,0.0,1
original_fixed,4x4,medium,14,145,E2,0,0.0,3
original_fixed,4x4,medium,14,145,E3,1,8.0,6
original_fixed,4x4,medium,14,145,E4,0,0.0,5
original_fixed,4x4,medium,14,150,B1,1,13.0,3
original_fixed,4x4,medium,14,150,B2,1,15.0,6
original_fixed,4x4,medium,14,150,B3,2,14.0,7
original_fixed,4x4,medium,14,150,B4,1,5.0,7
original_fixed,4x4,medium,14,150,C1,2,23.0,5
original_fixed,4x4,medium,14,150,C2,4,25.0,12
original_fixed,4x4,medium,14,150,C3,0,0.0,2
original_fixed,4x4,medium,14,150,C4,1,3.0,11
original_fixed,4x4,medium,14,150,D1,0,0.0,6
original_fixed,4x4,medium,14,150,D2,2,16.0,6
original_fixed,4x4,medium,14,150,D3,1,6.0,7
original_fixed,4x4,medium,14,150,D4,3,27.0,9
original_fixed,4x4,medium,14,150,E1,0,0.0,1
original_fixed,4x4,medium,14,150,E2,1,3.0,3
original_fixed,4x4,medium,14,150,E3,1,13.0,6
original_fixed,4x4,medium,14,150,E4,0,0.0,3
original_fixed,4x4,medium,14,155,B1,1,18.0,3
original_fixed,4x4,medium,14,155,B2,1,20.0,5
original_fixed,4x4,medium,14,155,B3,2,24.0,8
original_fixed,4x4,medium,14,155,B4,2,12.0,6
original_fixed,4x4,medium,14,155,C1,2,33.0,4
original_fixed,4x4,medium,14,155,C2,4,45.0,12
original_fixed,4x4,medium,14,155,C3,0,0.0,2
original_fixed,4x4,medium,14,155,C4,2,13.0,9
original_fixed,4x4,medium,14,155,D1,0,0.0,6
original_fixed,4x4,medium,14,155,D2,2,26.0,6
original_fixed,4x4,medium,14,155,D3,2,13.0,8
original_fixed,4x4,medium,14,155,D4,3,42.0,9
original_fixed,4x4,medium,14,155,E1,0,0.0,1
original_fixed,4x4,medium,14,155,E2,1,8.0,4
original_fixed,4x4,medium,14,155,E3,1,18.0,4
original_fixed,4x4,medium,14,155,E4,0,0.0,4
original_fixed,4x4,medium,14,160,B1,2,27.0,3
original_fixed,4x4,medium,14,160,B2,2,29.0,4
original_fixed,4x4,medium,14,160,B3,4,39.0,10
original_fixed,4x4,medium,14,160,B4,4,25.0,6
original_fixed,4x4,medium,14,160,C1,2,43.0,6
original_fixed,4x4,medium,14,160,C2,4,49.0,12
original_fixed,4x4,medium,14,160,C3,1,2.0,2
original_fixed,4x4,medium,14,160,C4,4,28.0,7
original_fixed,4x4,medium,14,160,D1,1,3.0,3
original_fixed,4x4,medium,14,160,D2,2,21.0,7
original_fixed,4x4,medium,14,160,D3,2,23.0,7
original_fixed,4x4,medium,14,160,D4,3,57.0,11
original_fixed,4x4,medium,14,160,E1,0,0.0,2
original_fixed,4x4,medium,14,160,E2,0,0.0,3
original_fixed,4x4,medium,14,160,E3,3,31.0,8
original_fixed,4x4,medium,14,160,E4,1,2.0,3
original_fixed,4x4,medium,14,165,B1,2,37.0,3
original_fixed,4x4,medium,14,165,B2,3,43.0,5
original_fixed,4x4,medium,14,165,B3,6,66.0,11
original_fixed,4x4,medium,14,165,B4,5,49.0,6
original_fixed,4x4,medium,14,165,C1,2,53.0,7
original_fixed,4x4,medium,14,165,C2,3,46.0,10
original_fixed,4x4,medium,14,165,C3,1,7.0,4
original_fixed,4x4,medium,14,165,C4,5,50.0,8
original_fixed,4x4,medium,14,165,D1,1,8.0,3
original_fixed,4x4,medium,14,165,D2,2,31.0,7
original_fixed,4x4,medium,14,165,D3,3,38.0,7
original_fixed,4x4,medium,14,165,D4,3,72.0,8
original_fixed,4x4,medium,14,165,E1,0,0.0,3
original_fixed,4x4,medium,14,165,E2,1,4.0,5
original_fixed,4x4,medium,14,165,E3,3,46.0,9
original_fixed,4x4,medium,14,165,E4,1,7.0,5
original_fixed,4x4,medium,14,170,B1,2,47.0,2
original_fixed,4x4,medium,14,170,B2,3,58.0,4
original_fixed,4x4,medium,14,170,B3,8,101.0,12
original_fixed,4x4,medium,14,170,B4,5,74.0,7
original_fixed,4x4,medium,14,170,C1,3,68.0,6
original_fixed,4x4,medium,14,170,C2,4,61.0,9
original_fixed,4x4,medium,14,170,C3,1,12.0,6
original_fixed,4x4,medium,14,170,C4,5,75.0,10
original_fixed,4x4,medium,14,170,D1,1,13.0,3
original_fixed,4x4,medium,14,170,D2,2,41.0,10
original_fixed,4x4,medium,14,170,D3,3,53.0,7
original_fixed,4x4,medium,14,170,D4,3,87.0,5
original_fixed,4x4,medium,14,170,E1,0,0.0,4
original_fixed,4x4,medium,14,170,E2,2,13.0,4
original_fixed,4x4,medium,14,170,E3,3,61.0,7
original_fixed,4x4,medium,14,170,E4,1,12.0,5
original_fixed,4x4,medium,14,175,B1,2,57.0,3
original_fixed,4x4,medium,14,175,B2,3,73.0,5
original_fixed,4x4,medium,14,175,B3,10,145.0,12
original_fixed,4x4,medium,14,175,B4,5,99.0,6
original_fixed,4x4,medium,14,175,C1,4,86.0,5
original_fixed,4x4,medium,14,175,C2,3,76.0,5
original_fixed,4x4,medium,14,175,C3,1,17.0,8
original_fixed,4x4,medium,14,175,C4,5,100.0,10
original_fixed,4x4,medium,14,175,D1,1,18.0,3
original_fixed,4x4,medium,14,175,D2,2,51.0,9
original_fixed,4x4,medium,14,175,D3,4,69.0,8
original_fixed,4x4,medium,14,175,D4,3,102.0,3
original_fixed,4x4,medium,14,175,E1,0,0.0,2
original_fixed,4x4,medium,14,175,E2,2,23.0,5
original_fixed,4x4,medium,14,175,E3,3,76.0,7
original_fixed,4x4,medium,14,175,E4,2,22.0,5
original_fixed,4x4,medium,14,180,B1,2,67.0,3
original_fixed,4x4,medium,14,180,B2,3,88.0,7
original_fixed,4x4,medium,14,180,B3,11,200.0,12
original_fixed,4x4,medium,14,180,B4,5,124.0,7
original_fixed,4x4,medium,14,180,C1,4,106.0,5
original_fixed,4x4,medium,14,180,C2,3,91.0,4
original_fixed,4x4,medium,14,180,C3,3,28.0,8
original_fixed,4x4,medium,14,180,C4,7,130.0,11
original_fixed,4x4,medium,14,180,D1,1,23.0,4
original_fixed,4x4,medium,14,180,D2,4,68.0,10
original_fixed,4x4,medium,14,180,D3,4,89.0,9
original_fixed,4x4,medium,14,180,D4,3,117.0,5
original_fixed,4x4,medium,14,180,E1,0,0.0,2
original_fixed,4x4,medium,14,180,E2,2,33.0,4
original_fixed,4x4,medium,14,180,E3,4,95.0,7
original_fixed,4x4,medium,14,180,E4,2,32.0,4
original_fixed,4x4,medium,14,185,B1,0,0.0,2
original_fixed,4x4,medium,14,185,B2,1,4.0,7
original_fixed,4x4,medium,14,185,B3,3,23.0,10
original_fixed,4x4,medium,14,185,B4,1,2.0,5
original_fixed,4x4,medium,14,185,C1,0,0.0,3
original_fixed,4x4,medium,14,185,C2,0,0.0,3
original_fixed,4x4,medium,14,185,C3,1,1.0,8
original_fixed,4x4,medium,14,185,C4,3,4.0,10
original_fixed,4x4,medium,14,185,D1,1,2.0,4
original_fixed,4x4,medium,14,185,D2,0,0.0,10
original_fixed,4x4,medium,14,185,D3,0,0.0,8
original_fixed,4x4,medium,14,185,D4,0,0.0,4
original_fixed,4x4,medium,14,185,E1,0,0.0,3
original_fixed,4x4,medium,14,185,E2,1,1.0,2
original_fixed,4x4,medium,14,185,E3,1,2.0,6
original_fixed,4x4,medium,14,185,E4,0,0.0,4
original_fixed,4x4,medium,14,190,B1,1,3.0,2
original_fixed,4x4,medium,14,190,B2,2,10.0,7
original_fixed,4x4,medium,14,190,B3,3,11.0,9
original_fixed,4x4,medium,14,190,B4,1,7.0,7
original_fixed,4x4,medium,14,190,C1,0,0.0,1
original_fixed,4x4,medium,14,190,C2,0,0.0,6
original_fixed,4x4,medium,14,190,C3,1,6.0,8
original_fixed,4x4,medium,14,190,C4,3,17.0,10
original_fixed,4x4,medium,14,190,D1,1,7.0,8
original_fixed,4x4,medium,14,190,D2,1,3.0,11
original_fixed,4x4,medium,14,190,D3,0,0.0,5
original_fixed,4x4,medium,14,190,D4,0,0.0,6
original_fixed,4x4,medium,14,190,E1,1,5.0,2
original_fixed,4x4,medium,14,190,E2,0,0.0,3
original_fixed,4x4,medium,14,190,E3,2,9.0,7
original_fixed,4x4,medium,14,190,E4,0,0.0,5
original_fixed,4x4,medium,14,195,B1,1,8.0,3
original_fixed,4x4,medium,14,195,B2,3,21.0,7
original_fixed,4x4,medium,14,195,B3,1,7.0,6
original_fixed,4x4,medium,14,195,B4,1,12.0,9
original_fixed,4x4,medium,14,195,C1,0,0.0,1
original_fixed,4x4,medium,14,195,C2,0,0.0,6
original_fixed,4x4,medium,14,195,C3,3,18.0,9
original_fixed,4x4,medium,14,195,C4,4,35.0,9
original_fixed,4x4,medium,14,195,D1,2,16.0,10
original_fixed,4x4,medium,14,195,D2,5,21.0,11
original_fixed,4x4,medium,14,195,D3,1,1.0,3
original_fixed,4x4,medium,14,195,D4,2,4.0,7
original_fixed,4x4,medium,14,195,E1,1,10.0,4
original_fixed,4x4,medium,14,195,E2,0,0.0,4
original_fixed,4x4,medium,14,195,E3,3,23.0,8
original_fixed,4x4,medium,14,195,E4,1,5.0,6
original_fixed,4x4,medium,14,200,B1,1,13.0,2
original_fixed,4x4,medium,14,200,B2,4,38.0,9
original_fixed,4x4,medium,14,200,B3,0,0.0,5
original_fixed,4x4,medium,14,200,B4,2,20.0,9
original_fixed,4x4,medium,14,200,C1,0,0.0,2
original_fixed,4x4,medium,14,200,C2,0,0.0,5
original_fixed,4x4,medium,14,200,C3,4,35.0,10
original_fixed,4x4,medium,14,200,C4,5,56.0,9
original_fixed,4x4,medium,14,200,D1,2,26.0,9
original_fixed,4x4,medium,14,200,D2,6,48.0,10
original_fixed,4x4,medium,14,200,D3,2,7.0,3
original_fixed,4x4,medium,14,200,D4,3,16.0,10
original_fixed,4x4,medium,14,200,E1,1,15.0,4
original_fixed,4x4,medium,14,200,E2,0,0.0,4
original_fixed,4x4,medium,14,200,E3,3,38.0,7
original_fixed,4x4,medium,14,200,E4,2,13.0,5
original_fixed,4x4,medium,14,205,B1,1,18.0,2
original_fixed,4x4,medium,14,205,B2,6,64.0,12
original_fixed,4x4,medium,14,205,B3,1,2.0,5
original_fixed,4x4,medium,14,205,B4,2,30.0,7
original_fixed,4x4,medium,14,205,C1,1,2.0,2
original_fixed,4x4,medium,14,205,C2,0,0.0,3
original_fixed,4x4,medium,14,205,C3,5,57.0,11
original_fixed,4x4,medium,14,205,C4,5,81.0,9
original_fixed,4x4,medium,14,205,D1,4,39.0,8
original_fixed,4x4,medium,14,205,D2,7,80.0,10
original_fixed,4x4,medium,14,205,D3,3,19.0,3
original_fixed,4x4,medium,14,205,D4,5,35.0,10
original_fixed,4x4,medium,14,205,E1,1,20.0,5
original_fixed,4x4,medium,14,205,E2,0,0.0,6
original_fixed,4x4,medium,14,205,E3,3,53.0,5
original_fixed,4x4,medium,14,205,E4,4,30.0,5
original_fixed,4x4,medium,14,210,B1,1,23.0,1
original_fixed,4x4,medium,14,210,B2,6,94.0,13
original_fixed,4x4,medium,14,210,B3,2,9.0,5
original_fixed,4x4,medium,14,210,B4,3,44.0,7
original_fixed,4x4,medium,14,210,C1,1,7.0,2
original_fixed,4x4,medium,14,210,C2,1,4.0,4
original_fixed,4x4,medium,14,210,C3,5,82.0,12
original_fixed,4x4,medium,14,210,C4,5,106.0,12
original_fixed,4x4,medium,14,210,D1,5,60.0,6
original_fixed,4x4,medium,14,210,D2,7,115.0,8
original_fixed,4x4,medium,14,210,D3,3,34.0,3
original_fixed,4x4,medium,14,210,D4,5,60.0,11
original_fixed,4x4,medium,14,210,E1,1,25.0,5
original_fixed,4x4,medium,14,210,E2,2,6.0,5
original_fixed,4x4,medium,14,210,E3,4,69.0,5
original_fixed,4x4,medium,14,210,E4,4,50.0,6
original_fixed,4x4,medium,14,215,B1,1,28.0,3
original_fixed,4x4,medium,14,215,B2,6,124.0,12
original_fixed,4x4,medium,14,215,B3,2,19.0,7
original_fixed,4x4,medium,14,215,B4,3,59.0,5
original_fixed,4x4,medium,14,215,C1,2,13.0,3
original_fixed,4x4,medium,14,215,C2,1,9.0,4
original_fixed,4x4,medium,14,215,C3,6,111.0,11
original_fixed,4x4,medium,14,215,C4,5,131.0,14
original_fixed,4x4,medium,14,215,D1,5,85.0,7
original_fixed,4x4,medium,14,215,D2,7,150.0,9
original_fixed,4x4,medium,14,215,D3,3,49.0,3
original_fixed,4x4,medium,14,215,D4,7,90.0,12
original_fixed,4x4,medium,14,215,E1,1,30.0,6
original_fixed,4x4,medium,14,215,E2,2,16.0,5
original_fixed,4x4,medium,14,215,E3,4,89.0,6
original_fixed,4x4,medium,14,215,E4,5,71.0,7
original_fixed,4x4,medium,14,220,B1,1,33.0,5
original_fixed,4x4,medium,14,220,B2,6,154.0,11
original_fixed,4x4,medium,14,220,B3,2,29.0,6
original_fixed,4x4,medium,14,220,B4,3,74.0,7
original_fixed,4x4,medium,14,220,C1,2,23.0,3
original_fixed,4x4,medium,14,220,C2,2,16.0,5
original_fixed,4x4,medium,14,220,C3,7,144.0,8
original_fixed,4x4,medium,14,220,C4,6,158.0,15
original_fixed,4x4,medium,14,220,D1,5,110.0,7
original_fixed,4x4,medium,14,220,D2,7,185.0,8
original_fixed,4x4,medium,14,220,D3,3,64.0,3
original_fixed,4x4,medium,14,220,D4,8,130.0,12
original_fixed,4x4,medium,14,220,E1,3,38.0,7
original_fixed,4x4,medium,14,220,E2,2,26.0,5
original_fixed,4x4,medium,14,220,E3,4,109.0,6
original_fixed,4x4,medium,14,220,E4,5,96.0,8
original_fixed,4x4,medium,14,225,B1,1,38.0,6
original_fixed,4x4,medium,14,225,B2,7,186.0,10
original_fixed,4x4,medium,14,225,B3,3,44.0,6
original_fixed,4x4,medium,14,225,B4,3,89.0,6
original_fixed,4x4,medium,14,225,C1,2,33.0,3
original_fixed,4x4,medium,14,225,C2,2,26.0,6
original_fixed,4x4,medium,14,225,C3,7,179.0,9
original_fixed,4x4,medium,14,225,C4,8,196.0,16
original_fixed,4x4,medium,14,225,D1,5,135.0,7
original_fixed,4x4,medium,14,225,D2,7,220.0,10
original_fixed,4x4,medium,14,225,D3,3,79.0,6
original_fixed,4x4,medium,14,225,D4,9,174.0,13
original_fixed,4x4,medium,14,225,E1,4,55.0,7
original_fixed,4x4,medium,14,225,E2,2,36.0,4
original_fixed,4x4,medium,14,225,E3,4,129.0,6
original_fixed,4x4,medium,14,225,E4,6,122.0,9
original_fixed,4x4,medium,14,230,B1,1,2.0,5
original_fixed,4x4,medium,14,230,B2,2,6.0,9
original_fixed,4x4,medium,14,230,B3,2,9.0,4
original_fixed,4x4,medium,14,230,B4,0,0.0,7
original_fixed,4x4,medium,14,230,C1,1,1.0,1
original_fixed,4x4,medium,14,230,C2,0,0.0,4
original_fixed,4x4,medium,14,230,C3,1,4.0,9
original_fixed,4x4,medium,14,230,C4,2,9.0,13
original_fixed,4x4,medium,14,230,D1,1,2.0,7
original_fixed,4x4,medium,14,230,D2,0,0.0,8
original_fixed,4x4,medium,14,230,D3,0,0.0,7
original_fixed,4x4,medium,14,230,D4,2,10.0,10
original_fixed,4x4,medium,14,230,E1,0,0.0,3
original_fixed,4x4,medium,14,230,E2,0,0.0,3
original_fixed,4x4,medium,14,230,E3,0,0.0,6
original_fixed,4x4,medium,14,230,E4,1,6.0,8
original_fixed,4x4,medium,14,235,B1,2,9.0,6
original_fixed,4x4,medium,14,235,B2,4,21.0,9
original_fixed,4x4,medium,14,235,B3,2,19.0,6
original_fixed,4x4,medium,14,235,B4,0,0.0,7
original_fixed,4x4,medium,14,235,C1,1,6.0,1
original_fixed,4x4,medium,14,235,C2,1,4.0,8
original_fixed,4x4,medium,14,235,C3,1,9.0,10
original_fixed,4x4,medium,14,235,C4,2,11.0,12
original_fixed,4x4,medium,14,235,D1,1,7.0,6
original_fixed,4x4,medium,14,235,D2,1,1.0,8
original_fixed,4x4,medium,14,235,D3,0,0.0,10
original_fixed,4x4,medium,14,235,D4,3,12.0,10
original_fixed,4x4,medium,14,235,E1,1,2.0,5
original_fixed,4x4,medium,14,235,E2,1,4.0,2
original_fixed,4x4,medium,14,235,E3,0,0.0,5
original_fixed,4x4,medium,14,235,E4,2,4.0,7
original_fixed,4x4,medium,14,240,B1,4,28.0,7
original_fixed,4x4,medium,14,240,B2,2,26.0,7
original_fixed,4x4,medium,14,240,B3,2,29.0,7
original_fixed,4x4,medium,14,240,B4,1,3.0,7
original_fixed,4x4,medium,14,240,C1,1,11.0,2
original_fixed,4x4,medium,14,240,C2,2,12.0,7
original_fixed,4x4,medium,14,240,C3,2,16.0,9
original_fixed,4x4,medium,14,240,C4,6,31.0,15
original_fixed,4x4,medium,14,240,D1,2,17.0,6
original_fixed,4x4,medium,14,240,D2,4,19.0,9
original_fixed,4x4,medium,14,240,D3,0,0.0,13
original_fixed,4x4,medium,14,240,D4,3,27.0,7
original_fixed,4x4,medium,14,240,E1,1,7.0,6
original_fixed,4x4,medium,14,240,E2,1,9.0,2
original_fixed,4x4,medium,14,240,E3,0,0.0,5
original_fixed,4x4,medium,14,240,E4,3,16.0,8
original_fixed,4x4,medium,14,245,B1,5,51.0,7
original_fixed,4x4,medium,14,245,B2,2,36.0,7
original_fixed,4x4,medium,14,245,B3,2,39.0,9
original_fixed,4x4,medium,14,245,B4,1,8.0,8
original_fixed,4x4,medium,14,245,C1,1,16.0,2
original_fixed,4x4,medium,14,245,C2,2,22.0,6
original_fixed,4x4,medium,14,245,C3,2,26.0,9
original_fixed,4x4,medium,14,245,C4,6,57.0,15
original_fixed,4x4,medium,14,245,D1,2,27.0,4
original_fixed,4x4,medium,14,245,D2,6,43.0,11
original_fixed,4x4,medium,14,245,D3,1,1.0,11
original_fixed,4x4,medium,14,245,D4,3,42.0,7
original_fixed,4x4,medium,14,245,E1,1,12.0,6
original_fixed,4x4,medium,14,245,E2,1,14.0,3
original_fixed,4x4,medium,14,245,E3,2,2.0,6
original_fixed,4x4,medium,14,245,E4,4,32.0,7
original_fixed,4x4,medium,14,250,B1,5,76.0,9
original_fixed,4x4,medium,14,250,B2,3,51.0,7
original_fixed,4x4,medium,14,250,B3,3,51.0,8
original_fixed,4x4,medium,14,250,B4,3,19.0,10
original_fixed,4x4,medium,14,250,C1,1,21.0,3
original_fixed,4x4,medium,14,250,C2,2,32.0,3
original_fixed,4x4,medium,14,250,C3,4,43.0,8
original_fixed,4x4,medium,14,250,C4,7,89.0,14
original_fixed,4x4,medium,14,250,D1,3,41.0,5
original_fixed,4x4,medium,14,250,D2,4,31.0,13
original_fixed,4x4,medium,14,250,D3,5,16.0,12
original_fixed,4x4,medium,14,250,D4,4,61.0,5
original_fixed,4x4,medium,14,250,E1,1,17.0,6
original_fixed,4x4,medium,14,250,E2,1,19.0,2
original_fixed,4x4,medium,14,250,E3,3,15.0,8
original_fixed,4x4,medium,14,250,E4,4,52.0,8
original_fixed,4x4,medium,14,255,B1,7,109.0,9
original_fixed,4x4,medium,14,255,B2,4,71.0,7
original_fixed,4x4,medium,14,255,B3,4,68.0,9
original_fixed,4x4,medium,14,255,B4,3,34.0,10
original_fixed,4x4,medium,14,255,C1,1,26.0,3
original_fixed,4x4,medium,14,255,C2,2,42.0,2
original_fixed,4x4,medium,14,255,C3,7,72.0,7
original_fixed,4x4,medium,14,255,C4,8,127.0,13
original_fixed,4x4,medium,14,255,D1,3,56.0,5
original_fixed,4x4,medium,14,255,D2,3,29.0,14
original_fixed,4x4,medium,14,255,D3,4,28.0,13
original_fixed,4x4,medium,14,255,D4,4,81.0,5
original_fixed,4x4,medium,14,255,E1,4,30.0,6
original_fixed,4x4,medium,14,255,E2,1,24.0,4
original_fixed,4x4,medium,14,255,E3,3,30.0,9
original_fixed,4x4,medium,14,255,E4,4,72.0,7
original_fixed,4x4,medium,14,260,B1,8,145.0,10
original_fixed,4x4,medium,14,260,B2,4,91.0,7
original_fixed,4x4,medium,14,260,B3,5,92.0,9
original_fixed,4x4,medium,14,260,B4,3,49.0,10
original_fixed,4x4,medium,14,260,C1,1,31.0,3
original_fixed,4x4,medium,14,260,C2,2,52.0,4
original_fixed,4x4,medium,14,260,C3,7,107.0,8
original_fixed,4x4,medium,14,260,C4,9,172.0,12
original_fixed,4x4,medium,14,260,D1,3,71.0,7
original_fixed,4x4,medium,14,260,D2,3,44.0,11
original_fixed,4x4,medium,14,260,D3,5,53.0,11
original_fixed,4x4,medium,14,260,D4,5,103.0,6
original_fixed,4x4,medium,14,260,E1,5,52.0,6
original_fixed,4x4,medium,14,260,E2,1,29.0,4
original_fixed,4x4,medium,14,260,E3,3,45.0,11
original_fixed,4x4,medium,14,260,E4,4,92.0,7
original_fixed,4x4,medium,14,265,B1,9,186.0,12
original_fixed,4x4,medium,14,265,B2,4,111.0,6
original_fixed,4x4,medium,14,265,B3,6,122.0,10
original_fixed,4x4,medium,14,265,B4,3,64.0,9
original_fixed,4x4,medium,14,265,C1,2,40.0,3
original_fixed,4x4,medium,14,265,C2,2,62.0,4
original_fixed,4x4,medium,14,265,C3,7,142.0,9
original_fixed,4x4,medium,14,265,C4,9,217.0,11
original_fixed,4x4,medium,14,265,D1,4,88.0,8
original_fixed,4x4,medium,14,265,D2,5,65.0,9
original_fixed,4x4,medium,14,265,D3,6,79.0,11
original_fixed,4x4,medium,14,265,D4,5,128.0,7
original_fixed,4x4,medium,14,265,E1,5,77.0,6
original_fixed,4x4,medium,14,265,E2,2,37.0,7
original_fixed,4x4,medium,14,265,E3,4,61.0,9
original_fixed,4x4,medium,14,265,E4,4,112.0,6
original_fixed,4x4,medium,14,270,B1,9,231.0,12
original_fixed,4x4,medium,14,270,B2,4,131.0,7
original_fixed,4x4,medium,14,270,B3,6,152.0,13
original_fixed,4x4,medium,14,270,B4,4,82.0,9
original_fixed,4x4,medium,14,270,C1,2,50.0,3
original_fixed,4x4,medium,14,270,C2,2,72.0,4
original_fixed,4x4,medium,14,270,C3,7,177.0,10
original_fixed,4x4,medium,14,270,C4,8,187.0,11
original_fixed,4x4,medium,14,270,D1,4,108.0,8
original_fixed,4x4,medium,14,270,D2,7,99.0,10
original_fixed,4x4,medium,14,270,D3,8,114.0,10
original_fixed,4x4,medium,14,270,D4,5,153.0,7
original_fixed,4x4,medium,14,270,E1,5,102.0,6
original_fixed,4x4,medium,14,270,E2,2,47.0,7
original_fixed,4x4,medium,14,270,E3,7,88.0,9
original_fixed,4x4,medium,14,270,E4,5,134.0,7
original_fixed,4x4,medium,14,275,B1,2,27.0,10
original_fixed,4x4,medium,14,275,B2,1,3.0,5
original_fixed,4x4,medium,14,275,B3,1,1.0,13
original_fixed,4x4,medium,14,275,B4,3,6.0,7
original_fixed,4x4,medium,14,275,C1,0,0.0,2
original_fixed,4x4,medium,14,275,C2,2,6.0,3
original_fixed,4x4,medium,14,275,C3,1,2.0,8
original_fixed,4x4,medium,14,275,C4,5,20.0,10
original_fixed,4x4,medium,14,275,D1,0,0.0,5
original_fixed,4x4,medium,14,275,D2,0,0.0,7
original_fixed,4x4,medium,14,275,D3,0,0.0,9
original_fixed,4x4,medium,14,275,D4,0,0.0,4
original_fixed,4x4,medium,14,275,E1,1,1.0,5
original_fixed,4x4,medium,14,275,E2,0,0.0,7
original_fixed,4x4,medium,14,275,E3,0,0.0,7
original_fixed,4x4,medium,14,275,E4,0,0.0,5
original_fixed,4x4,medium,14,280,B1,6,14.0,10
original_fixed,4x4,medium,14,280,B2,1,8.0,8
original_fixed,4x4,medium,14,280,B3,1,6.0,8
original_fixed,4x4,medium,14,280,B4,4,21.0,7
original_fixed,4x4,medium,14,280,C1,0,0.0,3
original_fixed,4x4,medium,14,280,C2,2,16.0,4
original_fixed,4x4,medium,14,280,C3,1,7.0,8
original_fixed,4x4,medium,14,280,C4,4,34.0,9
original_fixed,4x4,medium,14,280,D1,2,4.0,5
original_fixed,4x4,medium,14,280,D2,0,0.0,9
original_fixed,4x4,medium,14,280,D3,1,4.0,11
original_fixed,4x4,medium,14,280,D4,0,0.0,2
original_fixed,4x4,medium,14,280,E1,1,6.0,5
original_fixed,4x4,medium,14,280,E2,1,1.0,9
original_fixed,4x4,medium,14,280,E3,1,4.0,8
original_fixed,4x4,medium,14,280,E4,1,1.0,3
original_fixed,4x4,medium,14,285,B1,3,17.0,8
original_fixed,4x4,medium,14,285,B2,1,13.0,8
original_fixed,4x4,medium,14,285,B3,1,11.0,7
original_fixed,4x4,medium,14,285,B4,4,41.0,9
original_fixed,4x4,medium,14,285,C1,1,3.0,6
original_fixed,4x4,medium,14,285,C2,2,26.0,5
original_fixed,4x4,medium,14,285,C3,3,14.0,7
original_fixed,4x4,medium,14,285,C4,4,54.0,8
original_fixed,4x4,medium,14,285,D1,2,14.0,5
original_fixed,4x4,medium,14,285,D2,1,2.0,8
original_fixed,4x4,medium,14,285,D3,1,9.0,11
original_fixed,4x4,medium,14,285,D4,0,0.0,5
original_fixed,4x4,medium,14,285,E1,1,11.0,5
original_fixed,4x4,medium,14,285,E2,2,8.0,9
original_fixed,4x4,medium,14,285,E3,2,14.0,9
original_fixed,4x4,medium,14,285,E4,1,6.0,2
original_fixed,4x4,medium,14,290,B1,2,25.0,6
original_fixed,4x4,medium,14,290,B2,2,23.0,6
original_fixed,4x4,medium,14,290,B3,5,24.0,8
original_fixed,4x4,medium,14,290,B4,5,66.0,9
original_fixed,4x4,medium,14,290,C1,1,8.0,6
original_fixed,4x4,medium,14,290,C2,2,36.0,4
original_fixed,4x4,medium,14,290,C3,3,29.0,9
original_fixed,4x4,medium,14,290,C4,4,74.0,6
original_fixed,4x4,medium,14,290,D1,2,24.0,8
original_fixed,4x4,medium,14,290,D2,1,7.0,6
original_fixed,4x4,medium,14,290,D3,1,14.0,10
original_fixed,4x4,medium,14,290,D4,0,0.0,4
original_fixed,4x4,medium,14,290,E1,1,16.0,6
original_fixed,4x4,medium,14,290,E2,3,21.0,8
original_fixed,4x4,medium,14,290,E3,3,28.0,9
original_fixed,4x4,medium,14,290,E4,1,11.0,2
original_fixed,4x4,medium,14,295,B1,2,35.0,5
original_fixed,4x4,medium,14,295,B2,2,33.0,4
original_fixed,4x4,medium,14,295,B3,6,52.0,10
original_fixed,4x4,medium,14,295,B4,5,91.0,8
original_fixed,4x4,medium,14,295,C1,2,15.0,10
original_fixed,4x4,medium,14,295,C2,2,46.0,3
original_fixed,4x4,medium,14,295,C3,4,49.0,9
original_fixed,4x4,medium,14,295,C4,5,95.0,7
original_fixed,4x4,medium,14,295,D1,5,40.0,10
original_fixed,4x4,medium,14,295,D2,2,13.0,7
original_fixed,4x4,medium,14,295,D3,2,20.0,9
original_fixed,4x4,medium,14,295,D4,0,0.0,2
original_fixed,4x4,medium,14,295,E1,1,2.0,5
original_fixed,4x4,medium,14,295,E2,3,36.0,9
original_fixed,4x4,medium,14,295,E3,3,43.0,8
original_fixed,4x4,medium,14,295,E4,1,16.0,1
original_fixed,4x4,medium,14,300,B1,2,45.0,3
original_fixed,4x4,medium,14,300,B2,2,43.0,3
original_fixed,4x4,medium,14,300,B3,6,82.0,10
original_fixed,4x4,medium,14,300,B4,6,121.0,9
original_fixed,4x4,medium,14,300,C1,2,25.0,9
original_fixed,4x4,medium,14,300,C2,2,56.0,4
original_fixed,4x4,medium,14,300,C3,6,76.0,11
original_fixed,4x4,medium,14,300,C4,5,120.0,6
original_fixed,4x4,medium,14,300,D1,5,65.0,10
original_fixed,4x4,medium,14,300,D2,3,28.0,8
original_fixed,4x4,medium,14,300,D3,6,45.0,10
original_fixed,4x4,medium,14,300,D4,0,0.0,1
original_fixed,4x4,medium,14,300,E1,1,7.0,4
original_fixed,4x4,medium,14,300,E2,3,51.0,9
original_fixed,4x4,medium,14,300,E3,4,59.0,7
original_fixed,4x4,medium,14,300,E4,1,21.0,1
original_fixed,4x4,medium,14,305,B1,2,55.0,3
original_fixed,4x4,medium,14,305,B2,2,53.0,2
original_fixed,4x4,medium,14,305,B3,6,112.0,9
original_fixed,4x4,medium,14,305,B4,7,155.0,11
original_fixed,4x4,medium,14,305,C1,3,37.0,9
original_fixed,4x4,medium,14,305,C2,2,66.0,5
original_fixed,4x4,medium,14,305,C3,7,111.0,11
original_fixed,4x4,medium,14,305,C4,5,145.0,6
original_fixed,4x4,medium,14,305,D1,6,91.0,13
original_fixed,4x4,medium,14,305,D2,3,43.0,9
original_fixed,4x4,medium,14,305,D3,3,48.0,9
original_fixed,4x4,medium,14,305,D4,0,0.0,2
original_fixed,4x4,medium,14,305,E1,1,12.0,6
original_fixed,4x4,medium,14,305,E2,3,66.0,8
original_fixed,4x4,medium,14,305,E3,3,35.0,7
original_fixed,4x4,medium,14,305,E4,1,26.0,2
original_fixed,4x4,medium,14,310,B1,2,65.0,3
original_fixed,4x4,medium,14,310,B2,2,63.0,3
original_fixed,4x4,medium,14,310,B3,6,142.0,8
original_fixed,4x4,medium,14,310,B4,7,190.0,11
original_fixed,4x4,medium,14,310,C1,3,52.0,9
original_fixed,4x4,medium,14,310,C2,2,76.0,6
original_fixed,4x4,medium,14,310,C3,7,146.0,12
original_fixed,4x4,medium,14,310,C4,5,170.0,5
original_fixed,4x4,medium,14,310,D1,7,84.0,12
original_fixed,4x4,medium,14,310,D2,4,60.0,11
original_fixed,4x4,medium,14,310,D3,3,63.0,8
original_fixed,4x4,medium,14,310,D4,0,0.0,4
original_fixed,4x4,medium,14,310,E1,1,17.0,6
original_fixed,4x4,medium,14,310,E2,3,81.0,8
original_fixed,4x4,medium,14,310,E3,2,45.0,8
original_fixed,4x4,medium,14,310,E4,1,31.0,3
original_fixed,4x4,medium,14,315,B1,2,75.0,3
original_fixed,4x4,medium,14,315,B2,2,73.0,4
original_fixed,4x4,medium,14,315,B3,5,102.0,8
original_fixed,4x4,medium,14,315,B4,8,226.0,11
original_fixed,4x4,medium,14,315,C1,7,75.0,10
original_fixed,4x4,medium,14,315,C2,3,87.0,7
original_fixed,4x4,medium,14,315,C3,8,183.0,13
original_fixed,4x4,medium,14,315,C4,5,195.0,5
original_fixed,4x4,medium,14,315,D1,4,69.0,13
original_fixed,4x4,medium,14,315,D2,5,85.0,9
original_fixed,4x4,medium,14,315,D3,4,79.0,7
original_fixed,4x4,medium,14,315,D4,1,3.0,6
original_fixed,4x4,medium,14,315,E1,1,22.0,5
original_fixed,4x4,medium,14,315,E2,4,99.0,9
original_fixed,4x4,medium,14,315,E3,3,59.0,9
original_fixed,4x4,medium,14,315,E4,1,36.0,3
original_fixed,4x4,medium,14,320,B1,0,0.0,2
original_fixed,4x4,medium,14,320,B2,0,0.0,4
original_fixed,4x4,medium,14,320,B3,3,11.0,7
original_fixed,4x4,medium,14,320,B4,3,21.0,8
original_fixed,4x4,medium,14,320,C1,0,0.0,10
original_fixed,4x4,medium,14,320,C2,0,0.0,6
original_fixed,4x4,medium,14,320,C3,1,2.0,10
original_fixed,4x4,medium,14,320,C4,0,0.0,6
original_fixed,4x4,medium,14,320,D1,3,12.0,10
original_fixed,4x4,medium,14,320,D2,0,0.0,7
original_fixed,4x4,medium,14,320,D3,0,0.0,5
original_fixed,4x4,medium,14,320,D4,0,0.0,7
original_fixed,4x4,medium,14,320,E1,0,0.0,6
original_fixed,4x4,medium,14,320,E2,1,1.0,8
original_fixed,4x4,medium,14,320,E3,0,0.0,8
original_fixed,4x4,medium,14,320,E4,0,0.0,4
original_fixed,4x4,medium,14,325,B1,1,2.0,4
original_fixed,4x4,medium,14,325,B2,0,0.0,4
original_fixed,4x4,medium,14,325,B3,4,31.0,9
original_fixed,4x4,medium,14,325,B4,2,5.0,6
original_fixed,4x4,medium,14,325,C1,1,1.0,10
original_fixed,4x4,medium,14,325,C2,1,2.0,9
original_fixed,4x4,medium,14,325,C3,2,9.0,8
original_fixed,4x4,medium,14,325,C4,0,0.0,4
original_fixed,4x4,medium,14,325,D1,5,36.0,9
original_fixed,4x4,medium,14,325,D2,1,3.0,8
original_fixed,4x4,medium,14,325,D3,1,4.0,5
original_fixed,4x4,medium,14,325,D4,1,4.0,7
original_fixed,4x4,medium,14,325,E1,0,0.0,7
original_fixed,4x4,medium,14,325,E2,3,12.0,7
original_fixed,4x4,medium,14,325,E3,2,8.0,8
original_fixed,4x4,medium,14,325,E4,1,3.0,5
original_fixed,4x4,medium,14,330,B1,1,7.0,6
original_fixed,4x4,medium,14,330,B2,0,0.0,4
original_fixed,4x4,medium,14,330,B3,4,51.0,9
original_fixed,4x4,medium,14,330,B4,2,15.0,4
original_fixed,4x4,medium,14,330,C1,1,3.0,7
original_fixed,4x4,medium,14,330,C2,2,9.0,11
original_fixed,4x4,medium,14,330,C3,3,21.0,8
original_fixed,4x4,medium,14,330,C4,0,0.0,3
original_fixed,4x4,medium,14,330,D1,6,63.0,10
original_fixed,4x4,medium,14,330,D2,2,10.0,8
original_fixed,4x4,medium,14,330,D3,0,0.0,5
original_fixed,4x4,medium,14,330,D4,3,14.0,10
original_fixed,4x4,medium,14,330,E1,3,13.0,7
original_fixed,4x4,medium,14,330,E2,3,27.0,7
original_fixed,4x4,medium,14,330,E3,2,18.0,7
original_fixed,4x4,medium,14,330,E4,1,8.0,6
original_fixed,4x4,medium,14,335,B1,1,12.0,6
original_fixed,4x4,medium,14,335,B2,0,0.0,2
original_fixed,4x4,medium,14,335,B3,4,71.0,9
original_fixed,4x4,medium,14,335,B4,2,25.0,3
original_fixed,4x4,medium,14,335,C1,2,9.0,8
original_fixed,4x4,medium,14,335,C2,3,24.0,10
original_fixed,4x4,medium,14,335,C3,4,28.0,8
original_fixed,4x4,medium,14,335,C4,1,3.0,4
original_fixed,4x4,medium,14,335,D1,7,98.0,10
original_fixed,4x4,medium,14,335,D2,3,22.0,7
original_fixed,4x4,medium,14,335,D3,0,0.0,4
original_fixed,4x4,medium,14,335,D4,4,34.0,12
original_fixed,4x4,medium,14,335,E1,4,31.0,6
original_fixed,4x4,medium,14,335,E2,4,46.0,9
original_fixed,4x4,medium,14,335,E3,4,35.0,5
original_fixed,4x4,medium,14,335,E4,1,13.0,8
original_fixed,4x4,medium,14,340,B1,1,17.0,7
original_fixed,4x4,medium,14,340,B2,0,0.0,2
original_fixed,4x4,medium,14,340,B3,5,95.0,10
original_fixed,4x4,medium,14,340,B4,2,35.0,5
original_fixed,4x4,medium,14,340,C1,3,21.0,8
original_fixed,4x4,medium,14,340,C2,5,46.0,12
original_fixed,4x4,medium,14,340,C3,3,34.0,7
original_fixed,4x4,medium,14,340,C4,1,8.0,5
original_fixed,4x4,medium,14,340,D1,8,135.0,11
original_fixed,4x4,medium,14,340,D2,3,37.0,8
original_fixed,4x4,medium,14,340,D3,1,3.0,4
original_fixed,4x4,medium,14,340,D4,4,54.0,13
original_fixed,4x4,medium,14,340,E1,5,56.0,6
original_fixed,4x4,medium,14,340,E2,5,71.0,8
original_fixed,4x4,medium,14,340,E3,4,55.0,5
original_fixed,4x4,medium,14,340,E4,2,23.0,7
original_fixed,4x4,medium,14,345,B1,2,24.0,6
original_fixed,4x4,medium,14,345,B2,0,0.0,3
original_fixed,4x4,medium,14,345,B3,5,120.0,8
original_fixed,4x4,medium,14,345,B4,2,45.0,5
original_fixed,4x4,medium,14,345,C1,2,28.0,7
original_fixed,4x4,medium,14,345,C2,7,77.0,11
original_fixed,4x4,medium,14,345,C3,1,27.0,6
original_fixed,4x4,medium,14,345,C4,1,13.0,5
original_fixed,4x4,medium,14,345,D1,8,175.0,12
original_fixed,4x4,medium,14,345,D2,4,54.0,11
original_fixed,4x4,medium,14,345,D3,1,8.0,7
original_fixed,4x4,medium,14,345,D4,4,74.0,12
original_fixed,4x4,medium,14,345,E1,5,81.0,9
original_fixed,4x4,medium,14,345,E2,5,96.0,6
original_fixed,4x4,medium,14,345,E3,4,75.0,6
original_fixed,4x4,medium,14,345,E4,2,33.0,6
original_fixed,4x4,medium,14,350,B1,2,34.0,6
original_fixed,4x4,medium,14,350,B2,1,3.0,2
original_fixed,4x4,medium,14,350,B3,5,145.0,7
original_fixed,4x4,medium,14,350,B4,2,55.0,6
original_fixed,4x4,medium,14,350,C1,2,38.0,7
original_fixed,4x4,medium,14,350,C2,8,115.0,10
original_fixed,4x4,medium,14,350,C3,1,32.0,5
original_fixed,4x4,medium,14,350,C4,2,20.0,6
original_fixed,4x4,medium,14,350,D1,8,215.0,11
original_fixed,4x4,medium,14,350,D2,5,79.0,12
original_fixed,4x4,medium,14,350,D3,1,13.0,8
original_fixed,4x4,medium,14,350,D4,6,100.0,12
original_fixed,4x4,medium,14,350,E1,6,107.0,11
original_fixed,4x4,medium,14,350,E2,5,121.0,5
original_fixed,4x4,medium,14,350,E3,4,95.0,6
original_fixed,4x4,medium,14,350,E4,3,46.0,7
original_fixed,4x4,medium,14,355,B1,2,44.0,5
original_fixed,4x4,medium,14,355,B2,1,8.0,2
original_fixed,4x4,medium,14,355,B3,6,172.0,7
original_fixed,4x4,medium,14,355,B4,3,68.0,7
original_fixed,4x4,medium,14,355,C1,3,50.0,6
original_fixed,4x4,medium,14,355,C2,8,155.0,12
original_fixed,4x4,medium,14,355,C3,1,37.0,4
original_fixed,4x4,medium,14,355,C4,3,35.0,5
original_fixed,4x4,medium,14,355,D1,10,264.0,12
original_fixed,4x4,medium,14,355,D2,5,104.0,10
original_fixed,4x4,medium,14,355,D3,1,18.0,9
original_fixed,4x4,medium,14,355,D4,8,135.0,12
original_fixed,4x4,medium,14,355,E1,6,137.0,12
original_fixed,4x4,medium,14,355,E2,5,146.0,5
original_fixed,4x4,medium,14,355,E3,4,115.0,6
original_fixed,4x4,medium,14,355,E4,5,68.0,10
original_fixed,4x4,medium,14,360,B1,3,56.0,5
original_fixed,4x4,medium,14,360,B2,1,13.0,2
original_fixed,4x4,medium,14,360,B3,6,202.0,8
original_fixed,4x4,medium,14,360,B4,5,87.0,7
original_fixed,4x4,medium,14,360,C1,4,68.0,5
original_fixed,4x4,medium,14,360,C2,9,200.0,15
original_fixed,4x4,medium,14,360,C3,2,46.0,4
original_fixed,4x4,medium,14,360,C4,4,52.0,5
original_fixed,4x4,medium,14,360,D1,10,314.0,12
original_fixed,4x4,medium,14,360,D2,6,134.0,10
original_fixed,4x4,medium,14,360,D3,3,30.0,9
original_fixed,4x4,medium,14,360,D4,8,175.0,12
original_fixed,4x4,medium,14,360,E1,7,171.0,14
original_fixed,4x4,medium,14,360,E2,5,171.0,5
original_fixed,4x4,medium,14,360,E3,4,135.0,7
original_fixed,4x4,medium,14,360,E4,5,93.0,10
original_fixed,4x4,medium,14,365,B1,1,2.0,3
original_fixed,4x4,medium,14,365,B2,1,4.0,2
original_fixed,4x4,medium,14,365,B3,0,0.0,6
original_fixed,4x4,medium,14,365,B4,0,0.0,6
original_fixed,4x4,medium,14,365,C1,1,1.0,3
original_fixed,4x4,medium,14,365,C2,1,1.0,14
original_fixed,4x4,medium,14,365,C3,1,3.0,4
original_fixed,4x4,medium,14,365,C4,0,0.0,3
original_fixed,4x4,medium,14,365,D1,4,113.0,10
original_fixed,4x4,medium,14,365,D2,1,1.0,7
original_fixed,4x4,medium,14,365,D3,2,3.0,9
original_fixed,4x4,medium,14,365,D4,2,15.0,10
original_fixed,4x4,medium,14,365,E1,0,0.0,11
original_fixed,4x4,medium,14,365,E2,0,0.0,4
original_fixed,4x4,medium,14,365,E3,0,0.0,7
original_fixed,4x4,medium,14,365,E4,1,1.0,7
original_fixed,4x4,medium,14,370,B1,1,7.0,4
original_fixed,4x4,medium,14,370,B2,1,9.0,2
original_fixed,4x4,medium,14,370,B3,0,0.0,6
original_fixed,4x4,medium,14,370,B4,0,0.0,4
original_fixed,4x4,medium,14,370,C1,1,6.0,3
original_fixed,4x4,medium,14,370,C2,1,1.0,14
original_fixed,4x4,medium,14,370,C3,1,8.0,8
original_fixed,4x4,medium,14,370,C4,0,0.0,2
original_fixed,4x4,medium,14,370,D1,2,5.0,11
original_fixed,4x4,medium,14,370,D2,1,6.0,6
original_fixed,4x4,medium,14,370,D3,4,19.0,11
original_fixed,4x4,medium,14,370,D4,1,2.0,12
original_fixed,4x4,medium,14,370,E1,2,6.0,8
original_fixed,4x4,medium,14,370,E2,0,0.0,6
original_fixed,4x4,medium,14,370,E3,0,0.0,5
original_fixed,4x4,medium,14,370,E4,4,11.0,8
original_fixed,4x4,medium,14,375,B1,0,0.0,4
original_fixed,4x4,medium,14,375,B2,1,14.0,7
original_fixed,4x4,medium,14,375,B3,0,0.0,5
original_fixed,4x4,medium,14,375,B4,0,0.0,3
original_fixed,4x4,medium,14,375,C1,1,11.0,4
original_fixed,4x4,medium,14,375,C2,4,10.0,12
original_fixed,4x4,medium,14,375,C3,1,13.0,7
original_fixed,4x4,medium,14,375,C4,0,0.0,3
original_fixed,4x4,medium,14,375,D1,1,8.0,10
original_fixed,4x4,medium,14,375,D2,1,11.0,8
original_fixed,4x4,medium,14,375,D3,4,39.0,12
original_fixed,4x4,medium,14,375,D4,3,16.0,12
original_fixed,4x4,medium,14,375,E1,3,20.0,7
original_fixed,4x4,medium,14,375,E2,0,0.0,7
original_fixed,4x4,medium,14,375,E3,1,1.0,3
original_fixed,4x4,medium,14,375,E4,4,31.0,8
original_fixed,4x4,medium,14,380,B1,0,0.0,2
original_fixed,4x4,medium,14,380,B2,1,19.0,6
original_fixed,4x4,medium,14,380,B3,2,6.0,6
original_fixed,4x4,medium,14,380,B4,0,0.0,3
original_fixed,4x4,medium,14,380,C1,1,16.0,8
original_fixed,4x4,medium,14,380,C2,6,36.0,11
original_fixed,4x4,medium,14,380,C3,1,18.0,6
original_fixed,4x4,medium,14,380,C4,0,0.0,3
original_fixed,4x4,medium,14,380,D1,1,13.0,7
original_fixed,4x4,medium,14,380,D2,1,16.0,8
original_fixed,4x4,medium,14,380,D3,4,59.0,12
original_fixed,4x4,medium,14,380,D4,4,33.0,12
original_fixed,4x4,medium,14,380,E1,3,35.0,7
original_fixed,4x4,medium,14,380,E2,1,1.0,7
original_fixed,4x4,medium,14,380,E3,1,6.0,2
original_fixed,4x4,medium,14,380,E4,4,51.0,9
original_fixed,4x4,medium,14,385,B1,0,0.0,2
original_fixed,4x4,medium,14,385,B2,1,24.0,10
original_fixed,4x4,medium,14,385,B3,3,19.0,5
original_fixed,4x4,medium,14,385,B4,1,1.0,4
original_fixed,4x4,medium,14,385,C1,2,23.0,9
original_fixed,4x4,medium,14,385,C2,7,68.0,10
original_fixed,4x4,medium,14,385,C3,3,26.0,6
original_fixed,4x4,medium,14,385,C4,0,0.0,5
original_fixed,4x4,medium,14,385,D1,1,18.0,7
original_fixed,4x4,medium,14,385,D2,1,21.0,9
original_fixed,4x4,medium,14,385,D3,6,84.0,10
original_fixed,4x4,medium,14,385,D4,6,60.0,11
original_fixed,4x4,medium,14,385,E1,4,53.0,6
original_fixed,4x4,medium,14,385,E2,1,6.0,7
original_fixed,4x4,medium,14,385,E3,1,11.0,3
original_fixed,4x4,medium,14,385,E4,4,71.0,8
original_fixed,4x4,medium,14,390,B1,2,8.0,4
original_fixed,4x4,medium,14,390,B2,1,29.0,6
original_fixed,4x4,medium,14,390,B3,3,34.0,5
original_fixed,4x4,medium,14,390,B4,1,6.0,4
original_fixed,4x4,medium,14,390,C1,3,37.0,9
original_fixed,4x4,medium,14,390,C2,6,70.0,10
original_fixed,4x4,medium,14,390,C3,4,44.0,7
original_fixed,4x4,medium,14,390,C4,1,4.0,5
original_fixed,4x4,medium,14,390,D1,3,31.0,7
original_fixed,4x4,medium,14,390,D2,5,37.0,9
original_fixed,4x4,medium,14,390,D3,8,117.0,10
original_fixed,4x4,medium,14,390,D4,5,44.0,10
original_fixed,4x4,medium,14,390,E1,5,76.0,8
original_fixed,4x4,medium,14,390,E2,2,16.0,6
original_fixed,4x4,medium,14,390,E3,1,16.0,4
original_fixed,4x4,medium,14,390,E4,5,96.0,9
original_fixed,4x4,medium,14,395,B1,2,18.0,5
original_fixed,4x4,medium,14,395,B2,2,37.0,7
original_fixed,4x4,medium,14,395,B3,3,49.0,5
original_fixed,4x4,medium,14,395,B4,1,11.0,5
original_fixed,4x4,medium,14,395,C1,4,55.0,10
original_fixed,4x4,medium,14,395,C2,2,30.0,10
original_fixed,4x4,medium,14,395,C3,5,66.0,8
original_fixed,4x4,medium,14,395,C4,1,9.0,5
original_fixed,4x4,medium,14,395,D1,3,46.0,8
original_fixed,4x4,medium,14,395,D2,5,62.0,9
original_fixed,4x4,medium,14,395,D3,8,157.0,9
original_fixed,4x4,medium,14,395,D4,5,69.0,9
original_fixed,4x4,medium,14,395,E1,6,103.0,9
original_fixed,4x4,medium,14,395,E2,3,31.0,5
original_fixed,4x4,medium,14,395,E3,1,21.0,4
original_fixed,4x4,medium,14,395,E4,5,121.0,9
original_fixed,4x4,medium,14,400,B1,2,28.0,9
original_fixed,4x4,medium,14,400,B2,4,50.0,7
original_fixed,4x4,medium,14,400,B3,3,64.0,5
original_fixed,4x4,medium,14,400,B4,3,24.0,4
original_fixed,4x4,medium,14,400,C1,4,75.0,10
original_fixed,4x4,medium,14,400,C2,2,40.0,10
original_fixed,4x4,medium,14,400,C3,5,91.0,10
original_fixed,4x4,medium,14,400,C4,1,14.0,3
original_fixed,4x4,medium,14,400,D1,4,63.0,9
original_fixed,4x4,medium,14,400,D2,6,91.0,8
original_fixed,4x4,medium,14,400,D3,8,197.0,8
original_fixed,4x4,medium,14,400,D4,6,99.0,8
original_fixed,4x4,medium,14,400,E1,6,133.0,9
original_fixed,4x4,medium,14,400,E2,4,48.0,5
original_fixed,4x4,medium,14,400,E3,1,26.0,2
original_fixed,4x4,medium,14,400,E4,6,149.0,10
original_fixed,4x4,medium,14,405,B1,2,38.0,9
original_fixed,4x4,medium,14,405,B2,4,70.0,8
original_fixed,4x4,medium,14,405,B3,3,79.0,5
original_fixed,4x4,medium,14,405,B4,3,39.0,4
original_fixed,4x4,medium,14,405,C1,4,95.0,8
original_fixed,4x4,medium,14,405,C2,3,54.0,8
original_fixed,4x4,medium,14,405,C3,5,116.0,13
original_fixed,4x4,medium,14,405,C4,2,21.0,3
original_fixed,4x4,medium,14,405,D1,5,87.0,10
original_fixed,4x4,medium,14,405,D2,8,129.0,8
original_fixed,4x4,medium,14,405,D3,8,237.0,9
original_fixed,4x4,medium,14,405,D4,6,129.0,8
original_fixed,4x4,medium,14,405,E1,7,168.0,10
original_fixed,4x4,medium,14,405,E2,5,69.0,6
original_fixed,4x4,medium,14,405,E3,1,31.0,1
original_fixed,4x4,medium,14,405,E4,7,184.0,10
original_fixed,4x4,medium,14,410,B1,2,7.0,9
original_fixed,4x4,medium,14,410,B2,0,0.0,6
original_fixed,4x4,medium,14,410,B3,2,7.0,5
original_fixed,4x4,medium,14,410,B4,0,0.0,3
original_fixed,4x4,medium,14,410,C1,0,0.0,6
original_fixed,4x4,medium,14,410,C2,2,4.0,6
original_fixed,4x4,medium,14,410,C3,0,0.0,10
original_fixed,4x4,medium,14,410,C4,0,0.0,3
original_fixed,4x4,medium,14,410,D1,0,0.0,8
original_fixed,4x4,medium,14,410,D2,0,0.0,7
original_fixed,4x4,medium,14,410,D3,0,0.0,8
original_fixed,4x4,medium,14,410,D4,0,0.0,4
original_fixed,4x4,medium,14,410,E1,3,32.0,9
original_fixed,4x4,medium,14,410,E2,0,0.0,4
original_fixed,4x4,medium,14,410,E3,0,0.0,0
original_fixed,4x4,medium,14,410,E4,1,2.0,8
original_fixed,4x4,medium,14,415,B1,3,19.0,8
original_fixed,4x4,medium,14,415,B2,0,0.0,4
original_fixed,4x4,medium,14,415,B3,2,17.0,5
original_fixed,4x4,medium,14,415,B4,0,0.0,3
original_fixed,4x4,medium,14,415,C1,2,10.0,7
original_fixed,4x4,medium,14,415,C2,3,19.0,6
original_fixed,4x4,medium,14,415,C3,3,11.0,10
original_fixed,4x4,medium,14,415,C4,0,0.0,5
original_fixed,4x4,medium,14,415,D1,4,8.0,11
original_fixed,4x4,medium,14,415,D2,2,6.0,6
original_fixed,4x4,medium,14,415,D3,2,9.0,10
original_fixed,4x4,medium,14,415,D4,0,0.0,4
original_fixed,4x4,medium,14,415,E1,0,0.0,8
original_fixed,4x4,medium,14,415,E2,0,0.0,4
original_fixed,4x4,medium,14,415,E3,0,0.0,5
original_fixed,4x4,medium,14,415,E4,2,8.0,7
original_fixed,4x4,medium,14,420,B1,5,39.0,7
original_fixed,4x4,medium,14,420,B2,1,5.0,2
original_fixed,4x4,medium,14,420,B3,2,27.0,6
original_fixed,4x4,medium,14,420,B4,0,0.0,4
original_fixed,4x4,medium,14,420,C1,3,24.0,9
original_fixed,4x4,medium,14,420,C2,4,38.0,8
original_fixed,4x4,medium,14,420,C3,5,32.0,9
original_fixed,4x4,medium,14,420,C4,0,0.0,7
original_fixed,4x4,medium,14,420,D1,4,28.0,10
original_fixed,4x4,medium,14,420,D2,2,16.0,6
original_fixed,4x4,medium,14,420,D3,1,1.0,10
original_fixed,4x4,medium,14,420,D4,0,0.0,3
original_fixed,4x4,medium,14,420,E1,0,0.0,6
original_fixed,4x4,medium,14,420,E2,0,0.0,3
original_fixed,4x4,medium,14,420,E3,0,0.0,5
original_fixed,4x4,medium,14,420,E4,2,18.0,9
original_fixed,4x4,medium,14,425,B1,5,64.0,7
original_fixed,4x4,medium,14,425,B2,1,10.0,4
original_fixed,4x4,medium,14,425,B3,2,37.0,5
original_fixed,4x4,medium,14,425,B4,0,0.0,4
original_fixed,4x4,medium,14,425,C1,4,40.0,8
original_fixed,4x4,medium,14,425,C2,4,58.0,8
original_fixed,4x4,medium,14,425,C3,5,57.0,11
original_fixed,4x4,medium,14,425,C4,0,0.0,5
original_fixed,4x4,medium,14,425,D1,5,51.0,11
original_fixed,4x4,medium,14,425,D2,2,26.0,5
original_fixed,4x4,medium,14,425,D3,1,6.0,10
original_fixed,4x4,medium,14,425,D4,0,0.0,2
original_fixed,4x4,medium,14,425,E1,0,0.0,5
original_fixed,4x4,medium,14,425,E2,0,0.0,5
original_fixed,4x4,medium,14,425,E3,0,0.0,6
original_fixed,4x4,medium,14,425,E4,2,28.0,11
original_fixed,4x4,medium,14,430,B1,5,89.0,6
original_fixed,4x4,medium,14,430,B2,1,15.0,4
original_fixed,4x4,medium,14,430,B3,3,52.0,7
original_fixed,4x4,medium,14,430,B4,0,0.0,3
original_fixed,4x4,medium,14,430,C1,4,60.0,10
original_fixed,4x4,medium,14,430,C2,5,80.0,8
original_fixed,4x4,medium,14,430,C3,6,83.0,11
original_fixed,4x4,medium,14,430,C4,0,0.0,4
original_fixed,4x4,medium,14,430,D1,7,79.0,12
original_fixed,4x4,medium,14,430,D2,2,21.0,4
original_fixed,4x4,medium,14,430,D3,4,21.0,11
original_fixed,4x4,medium,14,430,D4,0,0.0,3
original_fixed,4x4,medium,14,430,E1,0,0.0,3
original_fixed,4x4,medium,14,430,E2,1,2.0,7
original_fixed,4x4,medium,14,430,E3,1,2.0,4
original_fixed,4x4,medium,14,430,E4,3,43.0,11
original_fixed,4x4,medium,14,435,B1,5,114.0,6
original_fixed,4x4,medium,14,435,B2,2,22.0,4
original_fixed,4x4,medium,14,435,B3,5,72.0,7
original_fixed,4x4,medium,14,435,B4,1,2.0,4
original_fixed,4x4,medium,14,435,C1,6,86.0,10
original_fixed,4x4,medium,14,435,C2,6,109.0,8
original_fixed,4x4,medium,14,435,C3,4,47.0,12
original_fixed,4x4,medium,14,435,C4,1,3.0,5
original_fixed,4x4,medium,14,435,D1,9,122.0,12
original_fixed,4x4,medium,14,435,D2,1,8.0,2
original_fixed,4x4,medium,14,435,D3,5,44.0,11
original_fixed,4x4,medium,14,435,D4,0,0.0,4
original_fixed,4x4,medium,14,435,E1,0,0.0,2
original_fixed,4x4,medium,14,435,E2,3,13.0,9
original_fixed,4x4,medium,14,435,E3,2,10.0,6
original_fixed,4x4,medium,14,435,E4,3,58.0,10
original_fixed,4x4,medium,14,440,B1,5,139.0,5
original_fixed,4x4,medium,14,440,B2,3,36.0,3
original_fixed,4x4,medium,14,440,B3,5,97.0,9
original_fixed,4x4,medium,14,440,B4,1,7.0,4
original_fixed,4x4,medium,14,440,C1,7,118.0,11
original_fixed,4x4,medium,14,440,C2,6,139.0,11
original_fixed,4x4,medium,14,440,C3,4,67.0,12
original_fixed,4x4,medium,14,440,C4,1,8.0,5
original_fixed,4x4,medium,14,440,D1,8,114.0,12
original_fixed,4x4,medium,14,440,D2,2,18.0,4
original_fixed,4x4,medium,14,440,D3,5,69.0,11
original_fixed,4x4,medium,14,440,D4,0,0.0,5
original_fixed,4x4,medium,14,440,E1,0,0.0,1
original_fixed,4x4,medium,14,440,E2,5,33.0,9
original_fixed,4x4,medium,14,440,E3,2,20.0,7
original_fixed,4x4,medium,14,440,E4,3,73.0,7
original_fixed,4x4,medium,14,445,B1,5,164.0,5
original_fixed,4x4,medium,14,445,B2,3,51.0,3
original_fixed,4x4,medium,14,445,B3,6,123.0,12
original_fixed,4x4,medium,14,445,B4,2,15.0,7
original_fixed,4x4,medium,14,445,C1,8,158.0,10
original_fixed,4x4,medium,14,445,C2,6,169.0,11
original_fixed,4x4,medium,14,445,C3,4,87.0,8
original_fixed,4x4,medium,14,445,C4,1,13.0,4
original_fixed,4x4,medium,14,445,D1,7,114.0,12
original_fixed,4x4,medium,14,445,D2,2,28.0,6
original_fixed,4x4,medium,14,445,D3,6,99.0,9
original_fixed,4x4,medium,14,445,D4,1,1.0,6
original_fixed,4x4,medium,14,445,E1,1,2.0,1
original_fixed,4x4,medium,14,445,E2,5,58.0,8
original_fixed,4x4,medium,14,445,E3,3,34.0,9
original_fixed,4x4,medium,14,445,E4,4,89.0,7
original_fixed,4x4,medium,14,450,B1,5,189.0,5
original_fixed,4x4,medium,14,450,B2,3,66.0,3
original_fixed,4x4,medium,14,450,B3,7,157.0,13
original_fixed,4x4,medium,14,450,B4,2,25.0,7
original_fixed,4x4,medium,14,450,C1,8,198.0,11
original_fixed,4x4,medium,14,450,C2,7,203.0,11
original_fixed,4x4,medium,14,450,C3,4,107.0,9
original_fixed,4x4,medium,14,450,C4,1,18.0,5
original_fixed,4x4,medium,14,450,D1,7,149.0,12
original_fixed,4x4,medium,14,450,D2,2,38.0,8
original_fixed,4x4,medium,14,450,D3,8,134.0,10
original_fixed,4x4,medium,14,450,D4,2,7.0,5
original_fixed,4x4,medium,14,450,E1,1,7.0,1
original_fixed,4x4,medium,14,450,E2,7,89.0,8
original_fixed,4x4,medium,14,450,E3,4,50.0,10
original_fixed,4x4,medium,14,450,E4,5,111.0,7
original_fixed,4x4,medium,14,455,B1,0,0.0,1
original_fixed,4x4,medium,14,455,B2,0,0.0,1
original_fixed,4x4,medium,14,455,B3,2,3.0,10
original_fixed,4x4,medium,14,455,B4,1,3.0,5
original_fixed,4x4,medium,14,455,C1,3,17.0,10
original_fixed,4x4,medium,14,455,C2,4,13.0,10
original_fixed,4x4,medium,14,455,C3,0,0.0,9
original_fixed,4x4,medium,14,455,C4,0,0.0,4
original_fixed,4x4,medium,14,455,D1,1,2.0,11
original_fixed,4x4,medium,14,455,D2,1,2.0,8
original_fixed,4x4,medium,14,455,D3,1,1.0,7
original_fixed,4x4,medium,14,455,D4,1,2.0,3
original_fixed,4x4,medium,14,455,E1,0,0.0,3
original_fixed,4x4,medium,14,455,E2,1,4.0,6
original_fixed,4x4,medium,14,455,E3,1,4.0,9
original_fixed,4x4,medium,14,455,E4,0,0.0,6
original_fixed,4x4,medium,14,460,B1,0,0.0,3
original_fixed,4x4,medium,14,460,B2,0,0.0,2
original_fixed,4x4,medium,14,460,B3,3,13.0,10
original_fixed,4x4,medium,14,460,B4,2,10.0,5
original_fixed,4x4,medium,14,460,C1,1,6.0,10
original_fixed,4x4,medium,14,460,C2,3,16.0,8
original_fixed,4x4,medium,14,460,C3,2,9.0,12
original_fixed,4x4,medium,14,460,C4,0,0.0,5
original_fixed,4x4,medium,14,460,D1,4,17.0,9
original_fixed,4x4,medium,14,460,D2,1,7.0,8
original_fixed,4x4,medium,14,460,D3,1,1.0,8
original_fixed,4x4,medium,14,460,D4,1,7.0,4
original_fixed,4x4,medium,14,460,E1,0,0.0,4
original_fixed,4x4,medium,14,460,E2,1,9.0,6
original_fixed,4x4,medium,14,460,E3,2,10.0,10
original_fixed,4x4,medium,14,460,E4,3,9.0,5
original_fixed,4x4,medium,14,465,B1,0,0.0,5
original_fixed,4x4,medium,14,465,B2,0,0.0,3
original_fixed,4x4,medium,14,465,B3,4,25.0,9
original_fixed,4x4,medium,14,465,B4,3,25.0,6
original_fixed,4x4,medium,14,465,C1,2,13.0,9
original_fixed,4x4,medium,14,465,C2,3,31.0,6
original_fixed,4x4,medium,14,465,C3,2,19.0,16
original_fixed,4x4,medium,14,465,C4,0,0.0,4
original_fixed,4x4,medium,14,465,D1,5,38.0,8
original_fixed,4x4,medium,14,465,D2,2,15.0,8
original_fixed,4x4,medium,14,465,D3,0,0.0,6
original_fixed,4x4,medium,14,465,D4,2,15.0,7
original_fixed,4x4,medium,14,465,E1,0,0.0,4
original_fixed,4x4,medium,14,465,E2,1,14.0,5
original_fixed,4x4,medium,14,465,E3,3,21.0,11
original_fixed,4x4,medium,14,465,E4,1,6.0,3
original_fixed,4x4,medium,14,470,B1,0,0.0,5
original_fixed,4x4,medium,14,470,B2,0,0.0,5
original_fixed,4x4,medium,14,470,B3,5,50.0,7
original_fixed,4x4,medium,14,470,B4,3,40.0,6
original_fixed,4x4,medium,14,470,C1,2,23.0,7
original_fixed,4x4,medium,14,470,C2,4,48.0,6
original_fixed,4x4,medium,14,470,C3,5,36.0,15
original_fixed,4x4,medium,14,470,C4,0,0.0,3
original_fixed,4x4,medium,14,470,D1,5,63.0,6
original_fixed,4x4,medium,14,470,D2,2,25.0,10
original_fixed,4x4,medium,14,470,D3,0,0.0,6
original_fixed,4x4,medium,14,470,D4,2,25.0,9
original_fixed,4x4,medium,14,470,E1,0,0.0,3
original_fixed,4x4,medium,14,470,E2,1,19.0,5
original_fixed,4x4,medium,14,470,E3,4,40.0,10
original_fixed,4x4,medium,14,470,E4,1,11.0,5
original_fixed,4x4,medium,14,475,B1,2,4.0,5
original_fixed,4x4,medium,14,475,B2,1,3.0,7
original_fixed,4x4,medium,14,475,B3,5,75.0,6
original_fixed,4x4,medium,14,475,B4,3,55.0,6
original_fixed,4x4,medium,14,475,C1,4,39.0,7
original_fixed,4x4,medium,14,475,C2,4,68.0,7
original_fixed,4x4,medium,14,475,C3,5,61.0,13
original_fixed,4x4,medium,14,475,C4,1,1.0,6
original_fixed,4x4,medium,14,475,D1,5,88.0,5
original_fixed,4x4,medium,14,475,D2,3,38.0,12
original_fixed,4x4,medium,14,475,D3,1,1.0,7
original_fixed,4x4,medium,14,475,D4,2,35.0,8
original_fixed,4x4,medium,14,475,E1,1,2.0,3
original_fixed,4x4,medium,14,475,E2,1,24.0,8
original_fixed,4x4,medium,14,475,E3,4,60.0,9
original_fixed,4x4,medium,14,475,E4,2,20.0,6
original_fixed,4x4,medium,14,480,B1,2,14.0,3
original_fixed,4x4,medium,14,480,B2,1,8.0,8
original_fixed,4x4,medium,14,480,B3,6,102.0,7
original_fixed,4x4,medium,14,480,B4,3,70.0,5
original_fixed,4x4,medium,14,480,C1,4,59.0,7
original_fixed,4x4,medium,14,480,C2,4,88.0,8
original_fixed,4x4,medium,14,480,C3,7,49.0,13
original_fixed,4x4,medium,14,480,C4,1,6.0,9
original_fixed,4x4,medium,14,480,D1,5,113.0,6
original_fixed,4x4,medium,14,480,D2,5,60.0,12
original_fixed,4x4,medium,14,480,D3,2,11.0,5
original_fixed,4x4,medium,14,480,D4,3,50.0,8
original_fixed,4x4,medium,14,480,E1,1,7.0,3
original_fixed,4x4,medium,14,480,E2,2,30.0,9
original_fixed,4x4,medium,14,480,E3,6,82.0,9
original_fixed,4x4,medium,14,480,E4,2,30.0,8
original_fixed,4x4,medium,14,485,B1,2,24.0,4
original_fixed,4x4,medium,14,485,B2,1,13.0,8
original_fixed,4x4,medium,14,485,B3,6,132.0,7
original_fixed,4x4,medium,14,485,B4,3,85.0,5
original_fixed,4x4,medium,14,485,C1,5,81.0,9
original_fixed,4x4,medium,14,485,C2,4,108.0,8
original_fixed,4x4,medium,14,485,C3,5,44.0,11
original_fixed,4x4,medium,14,485,C4,1,11.0,10
original_fixed,4x4,medium,14,485,D1,5,138.0,7
original_fixed,4x4,medium,14,485,D2,7,89.0,12
original_fixed,4x4,medium,14,485,D3,3,26.0,8
original_fixed,4x4,medium,14,485,D4,6,69.0,7
original_fixed,4x4,medium,14,485,E1,1,12.0,1
original_fixed,4x4,medium,14,485,E2,2,40.0,8
original_fixed,4x4,medium,14,485,E3,6,112.0,9
original_fixed,4x4,medium,14,485,E4,3,42.0,8
original_fixed,4x4,medium,14,490,B1,2,34.0,5
original_fixed,4x4,medium,14,490,B2,1,18.0,6
original_fixed,4x4,medium,14,490,B3,6,162.0,8
original_fixed,4x4,medium,14,490,B4,3,100.0,5
original_fixed,4x4,medium,14,490,C1,5,106.0,8
original_fixed,4x4,medium,14,490,C2,4,128.0,9
original_fixed,4x4,medium,14,490,C3,5,69.0,9
original_fixed,4x4,medium,14,490,C4,2,17.0,8
original_fixed,4x4,medium,14,490,D1,5,163.0,7
original_fixed,4x4,medium,14,490,D2,7,107.0,11
original_fixed,4x4,medium,14,490,D3,4,45.0,10
original_fixed,4x4,medium,14,490,D4,6,99.0,8
original_fixed,4x4,medium,14,490,E1,1,17.0,4
original_fixed,4x4,medium,14,490,E2,4,53.0,8
original_fixed,4x4,medium,14,490,E3,7,144.0,9
original_fixed,4x4,medium,14,490,E4,4,61.0,9
original_fixed,4x4,medium,14,495,B1,2,44.0,4
original_fixed,4x4,medium,14,495,B2,3,29.0,5
original_fixed,4x4,medium,14,495,B3,6,192.0,10
original_fixed,4x4,medium,14,495,B4,4,120.0,5
original_fixed,4x4,medium,14,495,C1,6,136.0,8
original_fixed,4x4,medium,14,495,C2,4,148.0,10
original_fixed,4x4,medium,14,495,C3,5,94.0,8
original_fixed,4x4,medium,14,495,C4,3,30.0,9
original_fixed,4x4,medium,14,495,D1,6,189.0,9
original_fixed,4x4,medium,14,495,D2,8,145.0,10
original_fixed,4x4,medium,14,495,D3,5,70.0,10
original_fixed,4x4,medium,14,495,D4,6,129.0,11
original_fixed,4x4,medium,14,495,E1,1,22.0,5
original_fixed,4x4,medium,14,495,E2,5,76.0,8
original_fixed,4x4,medium,14,495,E3,9,182.0,9
original_fixed,4x4,medium,14,495,E4,6,88.0,9
original_fixed,4x4,medium,14,500,B1,0,0.0,3
original_fixed,4x4,medium,14,500,B2,0,0.0,4
original_fixed,4x4,medium,14,500,B3,1,4.0,8
original_fixed,4x4,medium,14,500,B4,0,0.0,3
original_fixed,4x4,medium,14,500,C1,0,0.0,8
original_fixed,4x4,medium,14,500,C2,0,0.0,10
original_fixed,4x4,medium,14,500,C3,1,1.0,6
original_fixed,4x4,medium,14,500,C4,2,9.0,7
original_fixed,4x4,medium,14,500,D1,1,6.0,6
original_fixed,4x4,medium,14,500,D2,2,11.0,8
original_fixed,4x4,medium,14,500,D3,0,0.0,7
original_fixed,4x4,medium,14,500,D4,1,5.0,9
original_fixed,4x4,medium,14,500,E1,0,0.0,6
original_fixed,4x4,medium,14,500,E2,0,0.0,7
original_fixed,4x4,medium,14,500,E3,1,6.0,7
original_fixed,4x4,medium,14,500,E4,1,2.0,6
original_fixed,4x4,medium,14,505,B1,0,0.0,3
original_fixed,4x4,medium,14,505,B2,1,3.0,3
original_fixed,4x4,medium,14,505,B3,0,0.0,7
original_fixed,4x4,medium,14,505,B4,0,0.0,4
original_fixed,4x4,medium,14,505,C1,3,9.0,9
original_fixed,4x4,medium,14,505,C2,2,7.0,15
original_fixed,4x4,medium,14,505,C3,2,10.0,6
original_fixed,4x4,medium,14,505,C4,2,19.0,9
original_fixed,4x4,medium,14,505,D1,0,0.0,7
original_fixed,4x4,medium,14,505,D2,3,17.0,11
original_fixed,4x4,medium,14,505,D3,2,2.0,8
original_fixed,4x4,medium,14,505,D4,1,10.0,10
original_fixed,4x4,medium,14,505,E1,1,1.0,8
original_fixed,4x4,medium,14,505,E2,1,5.0,4
original_fixed,4x4,medium,14,505,E3,0,0.0,6
original_fixed,4x4,medium,14,505,E4,1,7.0,6
original_fixed,4x4,medium,14,510,B1,1,5.0,3
original_fixed,4x4,medium,14,510,B2,1,8.0,4
original_fixed,4x4,medium,14,510,B3,1,2.0,11
original_fixed,4x4,medium,14,510,B4,0,0.0,5
original_fixed,4x4,medium,14,510,C1,1,10.0,8
original_fixed,4x4,medium,14,510,C2,4,23.0,15
original_fixed,4x4,medium,14,510,C3,3,24.0,6
original_fixed,4x4,medium,14,510,C4,4,35.0,11
original_fixed,4x4,medium,14,510,D1,0,0.0,7
original_fixed,4x4,medium,14,510,D2,3,32.0,11
original_fixed,4x4,medium,14,510,D3,5,19.0,9
original_fixed,4x4,medium,14,510,D4,1,15.0,8
original_fixed,4x4,medium,14,510,E1,2,11.0,10
original_fixed,4x4,medium,14,510,E2,1,10.0,4
original_fixed,4x4,medium,14,510,E3,0,0.0,5
original_fixed,4x4,medium,14,510,E4,1,12.0,8
original_fixed,4x4,medium,14,515,B1,1,10.0,2
original_fixed,4x4,medium,14,515,B2,2,14.0,5
original_fixed,4x4,medium,14,515,B3,1,7.0,9
original_fixed,4x4,medium,14,515,B4,0,0.0,5
original_fixed,4x4,medium,14,515,C1,2,19.0,6
original_fixed,4x4,medium,14,515,C2,4,43.0,15
original_fixed,4x4,medium,14,515,C3,3,39.0,5
original_fixed,4x4,medium,14,515,C4,5,59.0,13
original_fixed,4x4,medium,14,515,D1,1,4.0,7
original_fixed,4x4,medium,14,515,D2,2,32.0,14
original_fixed,4x4,medium,14,515,D3,5,44.0,10
original_fixed,4x4,medium,14,515,D4,1,20.0,7
original_fixed,4x4,medium,14,515,E1,3,25.0,10
original_fixed,4x4,medium,14,515,E2,1,15.0,3
original_fixed,4x4,medium,14,515,E3,0,0.0,4
original_fixed,4x4,medium,14,515,E4,1,17.0,9
original_fixed,4x4,medium,14,520,B1,1,15.0,3
original_fixed,4x4,medium,14,520,B2,2,24.0,6
original_fixed,4x4,medium,14,520,B3,2,15.0,10
original_fixed,4x4,medium,14,520,B4,2,7.0,7
original_fixed,4x4,medium,14,520,C1,3,30.0,6
original_fixed,4x4,medium,14,520,C2,6,68.0,12
original_fixed,4x4,medium,14,520,C3,4,55.0,5
original_fixed,4x4,medium,14,520,C4,5,84.0,11
original_fixed,4x4,medium,14,520,D1,2,10.0,9
original_fixed,4x4,medium,14,520,D2,3,44.0,17
original_fixed,4x4,medium,14,520,D3,5,57.0,10
original_fixed,4x4,medium,14,520,D4,3,30.0,6
original_fixed,4x4,medium,14,520,E1,5,47.0,10
original_fixed,4x4,medium,14,520,E2,2,21.0,6
original_fixed,4x4,medium,14,520,E3,2,5.0,3
original_fixed,4x4,medium,14,520,E4,2,26.0,6
original_fixed,4x4,medium,14,525,B1,1,20.0,3
original_fixed,4x4,medium,14,525,B2,3,36.0,7
original_fixed,4x4,medium,14,525,B3,4,30.0,9
original_fixed,4x4,medium,14,525,B4,3,20.0,9
original_fixed,4x4,medium,14,525,C1,4,47.0,7
original_fixed,4x4,medium,14,525,C2,8,107.0,11
original_fixed,4x4,medium,14,525,C3,4,75.0,5
original_fixed,4x4,medium,14,525,C4,5,109.0,13
original_fixed,4x4,medium,14,525,D1,4,28.0,8
original_fixed,4x4,medium,14,525,D2,4,60.0,15
original_fixed,4x4,medium,14,525,D3,5,82.0,10
original_fixed,4x4,medium,14,525,D4,3,45.0,7
original_fixed,4x4,medium,14,525,E1,6,77.0,9
original_fixed,4x4,medium,14,525,E2,2,31.0,8
original_fixed,4x4,medium,14,525,E3,3,19.0,6
original_fixed,4x4,medium,14,525,E4,4,41.0,5
original_fixed,4x4,medium,14,530,B1,1,25.0,2
original_fixed,4x4,medium,14,530,B2,4,52.0,8
original_fixed,4x4,medium,14,530,B3,6,59.0,9
original_fixed,4x4,medium,14,530,B4,5,39.0,9
original_fixed,4x4,medium,14,530,C1,4,67.0,6
original_fixed,4x4,medium,14,530,C2,9,152.0,11
original_fixed,4x4,medium,14,530,C3,5,98.0,8
original_fixed,4x4,medium,14,530,C4,7,139.0,11
original_fixed,4x4,medium,14,530,D1,4,48.0,7
original_fixed,4x4,medium,14,530,D2,4,80.0,12
original_fixed,4x4,medium,14,530,D3,6,112.0,10
original_fixed,4x4,medium,14,530,D4,3,60.0,9
original_fixed,4x4,medium,14,530,E1,6,107.0,10
original_fixed,4x4,medium,14,530,E2,3,44.0,10
original_fixed,4x4,medium,14,530,E3,3,34.0,7
original_fixed,4x4,medium,14,530,E4,5,63.0,6
original_fixed,4x4,medium,14,535,B1,1,30.0,3
original_fixed,4x4,medium,14,535,B2,5,76.0,8
original_fixed,4x4,medium,14,535,B3,6,89.0,8
original_fixed,4x4,medium,14,535,B4,6,65.0,9
original_fixed,4x4,medium,14,535,C1,4,87.0,6
original_fixed,4x4,medium,14,535,C2,10,202.0,13
original_fixed,4x4,medium,14,535,C3,5,123.0,9
original_fixed,4x4,medium,14,535,C4,6,168.0,10
original_fixed,4x4,medium,14,535,D1,4,68.0,8
original_fixed,4x4,medium,14,535,D2,5,102.0,9
original_fixed,4x4,medium,14,535,D3,8,148.0,10
original_fixed,4x4,medium,14,535,D4,3,75.0,8
original_fixed,4x4,medium,14,535,E1,6,137.0,10
original_fixed,4x4,medium,14,535,E2,4,60.0,9
original_fixed,4x4,medium,14,535,E3,3,49.0,7
original_fixed,4x4,medium,14,535,E4,5,88.0,7
original_fixed,4x4,medium,14,540,B1,1,35.0,3
original_fixed,4x4,medium,14,540,B2,5,101.0,9
original_fixed,4x4,medium,14,540,B3,6,119.0,9
original_fixed,4x4,medium,14,540,B4,6,95.0,10
original_fixed,4x4,medium,14,540,C1,4,107.0,5
original_fixed,4x4,medium,14,540,C2,10,252.0,13
original_fixed,4x4,medium,14,540,C3,5,148.0,9
original_fixed,4x4,medium,14,540,C4,7,199.0,10
original_fixed,4x4,medium,14,540,D1,5,93.0,9
original_fixed,4x4,medium,14,540,D2,7,135.0,9
original_fixed,4x4,medium,14,540,D3,9,190.0,11
original_fixed,4x4,medium,14,540,D4,4,91.0,8
original_fixed,4x4,medium,14,540,E1,8,173.0,11
original_fixed,4x4,medium,14,540,E2,5,82.0,11
original_fixed,4x4,medium,14,540,E3,3,64.0,6
original_fixed,4x4,medium,14,540,E4,5,113.0,7
original_fixed,4x4,medium,14,545,B1,0,0.0,3
original_fixed,4x4,medium,14,545,B2,0,0.0,6
original_fixed,4x4,medium,14,545,B3,0,0.0,8
original_fixed,4x4,medium,14,545,B4,1,1.0,8
original_fixed,4x4,medium,14,545,C1,0,0.0,4
original_fixed,4x4,medium,14,545,C2,2,19.0,10
original_fixed,4x4,medium,14,545,C3,2,4.0,7
original_fixed,4x4,medium,14,545,C4,2,9.0,7
original_fixed,4x4,medium,14,545,D1,1,1.0,7
original_fixed,4x4,medium,14,545,D2,3,14.0,10
original_fixed,4x4,medium,14,545,D3,3,41.0,11
original_fixed,4x4,medium,14,545,D4,2,2.0,5
original_fixed,4x4,medium,14,545,E1,2,7.0,7
original_fixed,4x4,medium,14,545,E2,0,0.0,10
original_fixed,4x4,medium,14,545,E3,0,0.0,5
original_fixed,4x4,medium,14,545,E4,0,0.0,5
original_fixed,4x4,medium,14,550,B1,1,5.0,4
original_fixed,4x4,medium,14,550,B2,1,4.0,5
original_fixed,4x4,medium,14,550,B3,0,0.0,7
original_fixed,4x4,medium,14,550,B4,2,8.0,9
original_fixed,4x4,medium,14,550,C1,0,0.0,3
original_fixed,4x4,medium,14,550,C2,3,14.0,12
original_fixed,4x4,medium,14,550,C3,2,14.0,7
original_fixed,4x4,medium,14,550,C4,2,19.0,8
original_fixed,4x4,medium,14,550,D1,4,16.0,7
original_fixed,4x4,medium,14,550,D2,1,10.0,12
original_fixed,4x4,medium,14,550,D3,1,2.0,14
original_fixed,4x4,medium,14,550,D4,2,12.0,5
original_fixed,4x4,medium,14,550,E1,1,6.0,7
original_fixed,4x4,medium,14,550,E2,1,2.0,12
original_fixed,4x4,medium,14,550,E3,0,0.0,4
original_fixed,4x4,medium,14,550,E4,1,5.0,4
original_fixed,4x4,medium,14,555,B1,1,10.0,6
original_fixed,4x4,medium,14,555,B2,1,9.0,5
original_fixed,4x4,medium,14,555,B3,0,0.0,5
original_fixed,4x4,medium,14,555,B4,4,14.0,8
original_fixed,4x4,medium,14,555,C1,0,0.0,3
original_fixed,4x4,medium,14,555,C2,3,29.0,12
original_fixed,4x4,medium,14,555,C3,2,24.0,10
original_fixed,4x4,medium,14,555,C4,2,29.0,7
original_fixed,4x4,medium,14,555,D1,5,37.0,7
original_fixed,4x4,medium,14,555,D2,1,15.0,12
original_fixed,4x4,medium,14,555,D3,1,1.0,14
original_fixed,4x4,medium,14,555,D4,2,22.0,4
original_fixed,4x4,medium,14,555,E1,2,16.0,5
original_fixed,4x4,medium,14,555,E2,2,8.0,11
original_fixed,4x4,medium,14,555,E3,0,0.0,6
original_fixed,4x4,medium,14,555,E4,2,15.0,4
original_fixed,4x4,medium,14,560,B1,1,15.0,6
original_fixed,4x4,medium,14,560,B2,1,14.0,6
original_fixed,4x4,medium,14,560,B3,1,2.0,4
original_fixed,4x4,medium,14,560,B4,4,34.0,11
original_fixed,4x4,medium,14,560,C1,0,0.0,2
original_fixed,4x4,medium,14,560,C2,3,44.0,11
original_fixed,4x4,medium,14,560,C3,2,34.0,9
original_fixed,4x4,medium,14,560,C4,2,39.0,8
original_fixed,4x4,medium,14,560,D1,5,62.0,10
original_fixed,4x4,medium,14,560,D2,1,20.0,11
original_fixed,4x4,medium,14,560,D3,0,0.0,11
original_fixed,4x4,medium,14,560,D4,1,16.0,4
original_fixed,4x4,medium,14,560,E1,2,26.0,5
original_fixed,4x4,medium,14,560,E2,4,26.0,9
original_fixed,4x4,medium,14,560,E3,1,5.0,7
original_fixed,4x4,medium,14,560,E4,2,25.0,4
original_fixed,4x4,medium,14,565,B1,1,20.0,5
original_fixed,4x4,medium,14,565,B2,1,19.0,7
original_fixed,4x4,medium,14,565,B3,2,11.0,4
original_fixed,4x4,medium,14,565,B4,5,59.0,11
original_fixed,4x4,medium,14,565,C1,1,2.0,3
original_fixed,4x4,medium,14,565,C2,3,59.0,7
original_fixed,4x4,medium,14,565,C3,2,44.0,10
original_fixed,4x4,medium,14,565,C4,2,49.0,8
original_fixed,4x4,medium,14,565,D1,2,31.0,12
original_fixed,4x4,medium,14,565,D2,1,25.0,9
original_fixed,4x4,medium,14,565,D3,1,2.0,10
original_fixed,4x4,medium,14,565,D4,2,22.0,6
original_fixed,4x4,medium,14,565,E1,4,38.0,7
original_fixed,4x4,medium,14,565,E2,5,47.0,7
original_fixed,4x4,medium,14,565,E3,1,10.0,7
original_fixed,4x4,medium,14,565,E4,3,36.0,5
original_fixed,4x4,medium,14,570,B1,4,30.0,6
original_fixed,4x4,medium,14,570,B2,2,28.0,8
original_fixed,4x4,medium,14,570,B3,1,12.0,3
original_fixed,4x4,medium,14,570,B4,5,84.0,11
original_fixed,4x4,medium,14,570,C1,1,7.0,4
original_fixed,4x4,medium,14,570,C2,6,82.0,7
original_fixed,4x4,medium,14,570,C3,2,54.0,9
original_fixed,4x4,medium,14,570,C4,3,60.0,8
original_fixed,4x4,medium,14,570,D1,2,41.0,10
original_fixed,4x4,medium,14,570,D2,1,30.0,7
original_fixed,4x4,medium,14,570,D3,3,13.0,10
original_fixed,4x4,medium,14,570,D4,2,32.0,7
original_fixed,4x4,medium,14,570,E1,3,53.0,8
original_fixed,4x4,medium,14,570,E2,5,72.0,7
original_fixed,4x4,medium,14,570,E3,2,19.0,7
original_fixed,4x4,medium,14,570,E4,4,54.0,6
original_fixed,4x4,medium,14,575,B1,3,45.0,6
original_fixed,4x4,medium,14,575,B2,3,40.0,8
original_fixed,4x4,medium,14,575,B3,1,17.0,4
original_fixed,4x4,medium,14,575,B4,6,110.0,11
original_fixed,4x4,medium,14,575,C1,1,12.0,6
original_fixed,4x4,medium,14,575,C2,7,115.0,8
original_fixed,4x4,medium,14,575,C3,3,68.0,9
original_fixed,4x4,medium,14,575,C4,6,83.0,9
original_fixed,4x4,medium,14,575,D1,3,55.0,8
original_fixed,4x4,medium,14,575,D2,2,40.0,6
original_fixed,4x4,medium,14,575,D3,4,32.0,9
original_fixed,4x4,medium,14,575,D4,3,47.0,7
original_fixed,4x4,medium,14,575,E1,4,69.0,7
original_fixed,4x4,medium,14,575,E2,5,97.0,9
original_fixed,4x4,medium,14,575,E3,3,32.0,6
original_fixed,4x4,medium,14,575,E4,4,74.0,6
original_fixed,4x4,medium,14,580,B1,3,60.0,6
original_fixed,4x4,medium,14,580,B2,3,55.0,9
original_fixed,4x4,medium,14,580,B3,1,22.0,5
original_fixed,4x4,medium,14,580,B4,10,152.0,11
original_fixed,4x4,medium,14,580,C1,1,17.0,4
original_fixed,4x4,medium,14,580,C2,7,150.0,9
original_fixed,4x4,medium,14,580,C3,4,86.0,7
original_fixed,4x4,medium,14,580,C4,6,113.0,10
original_fixed,4x4,medium,14,580,D1,3,70.0,8
original_fixed,4x4,medium,14,580,D2,3,55.0,5
original_fixed,4x4,medium,14,580,D3,5,53.0,8
original_fixed,4x4,medium,14,580,D4,3,62.0,8
original_fixed,4x4,medium,14,580,E1,4,89.0,8
original_fixed,4x4,medium,14,580,E2,5,122.0,10
original_fixed,4x4,medium,14,580,E3,3,47.0,7
original_fixed,4x4,medium,14,580,E4,4,94.0,8
original_fixed,4x4,medium,14,585,B1,4,76.0,8
original_fixed,4x4,medium,14,585,B2,3,70.0,8
original_fixed,4x4,medium,14,585,B3,2,30.0,5
original_fixed,4x4,medium,14,585,B4,10,202.0,11
original_fixed,4x4,medium,14,585,C1,1,22.0,4
original_fixed,4x4,medium,14,585,C2,7,185.0,10
original_fixed,4x4,medium,14,585,C3,5,107.0,8
original_fixed,4x4,medium,14,585,C4,6,143.0,14
original_fixed,4x4,medium,14,585,D1,4,88.0,7
original_fixed,4x4,medium,14,585,D2,3,61.0,5
original_fixed,4x4,medium,14,585,D3,6,81.0,7
original_fixed,4x4,medium,14,585,D4,3,77.0,7
original_fixed,4x4,medium,14,585,E1,6,115.0,9
original_fixed,4x4,medium,14,585,E2,6,149.0,10
original_fixed,4x4,medium,14,585,E3,5,63.0,8
original_fixed,4x4,medium,14,585,E4,4,114.0,7
original_fixed,4x4,medium,14,590,B1,2,8.0,5
original_fixed,4x4,medium,14,590,B2,2,7.0,7
original_fixed,4x4,medium,14,590,B3,0,0.0,4
original_fixed,4x4,medium,14,590,B4,3,27.0,7
original_fixed,4x4,medium,14,590,C1,0,0.0,3
original_fixed,4x4,medium,14,590,C2,2,20.0,9
original_fixed,4x4,medium,14,590,C3,0,0.0,6
original_fixed,4x4,medium,14,590,C4,3,20.0,14
original_fixed,4x4,medium,14,590,D1,1,5.0,3
original_fixed,4x4,medium,14,590,D2,3,12.0,6
original_fixed,4x4,medium,14,590,D3,0,0.0,5
original_fixed,4x4,medium,14,590,D4,0,0.0,5
original_fixed,4x4,medium,14,590,E1,0,0.0,6
original_fixed,4x4,medium,14,590,E2,1,7.0,8
original_fixed,4x4,medium,14,590,E3,1,1.0,5
original_fixed,4x4,medium,14,590,E4,0,0.0,6
original_fixed,4x4,medium,14,595,B1,2,18.0,4
original_fixed,4x4,medium,14,595,B2,3,22.0,7
original_fixed,4x4,medium,14,595,B3,0,0.0,4
original_fixed,4x4,medium,14,595,B4,1,7.0,9
original_fixed,4x4,medium,14,595,C1,0,0.0,6
original_fixed,4x4,medium,14,595,C2,1,2.0,10
original_fixed,4x4,medium,14,595,C3,0,0.0,7
original_fixed,4x4,medium,14,595,C4,3,15.0,14
original_fixed,4x4,medium,14,595,D1,1,10.0,6
original_fixed,4x4,medium,14,595,D2,3,27.0,8
original_fixed,4x4,medium,14,595,D3,0,0.0,2
original_fixed,4x4,medium,14,595,D4,2,9.0,6
original_fixed,4x4,medium,14,595,E1,0,0.0,6
original_fixed,4x4,medium,14,595,E2,1,2.0,6
original_fixed,4x4,medium,14,595,E3,2,11.0,5
original_fixed,4x4,medium,14,595,E4,1,3.0,5
original_fixed,4x4,medium,14,600,B1,4,34.0,7
original_fixed,4x4,medium,14,600,B2,3,37.0,9
original_fixed,4x4,medium,14,600,B3,0,0.0,7
original_fixed,4x4,medium,14,600,B4,1,12.0,8
original_fixed,4x4,medium,14,600,C1,0,0.0,7
original_fixed,4x4,medium,14,600,C2,0,0.0,6
original_fixed,4x4,medium,14,600,C3,0,0.0,9
original_fixed,4x4,medium,14,600,C4,6,37.0,12
original_fixed,4x4,medium,14,600,D1,2,19.0,6
original_fixed,4x4,medium,14,600,D2,3,42.0,10
original_fixed,4x4,medium,14,600,D3,0,0.0,2
original_fixed,4x4,medium,14,600,D4,3,21.0,7
original_fixed,4x4,medium,14,600,E1,0,0.0,4
original_fixed,4x4,medium,14,600,E2,2,10.0,7
original_fixed,4x4,medium,14,600,E3,2,21.0,5
original_fixed,4x4,medium,14,600,E4,2,13.0,7
original_fixed,4x4,medium,14,605,B1,4,54.0,8
original_fixed,4x4,medium,14,605,B2,3,52.0,7
original_fixed,4x4,medium,14,605,B3,0,0.0,7
original_fixed,4x4,medium,14,605,B4,1,17.0,8
original_fixed,4x4,medium,14,605,C1,1,5.0,5
original_fixed,4x4,medium,14,605,C2,0,0.0,3
original_fixed,4x4,medium,14,605,C3,1,4.0,7
original_fixed,4x4,medium,14,605,C4,8,76.0,9
original_fixed,4x4,medium,14,605,D1,2,29.0,7
original_fixed,4x4,medium,14,605,D2,4,58.0,12
original_fixed,4x4,medium,14,605,D3,0,0.0,3
original_fixed,4x4,medium,14,605,D4,4,38.0,8
original_fixed,4x4,medium,14,605,E1,0,0.0,2
original_fixed,4x4,medium,14,605,E2,3,22.0,6
original_fixed,4x4,medium,14,605,E3,2,31.0,5
original_fixed,4x4,medium,14,605,E4,3,25.0,7
original_fixed,4x4,medium,14,610,B1,4,74.0,8
original_fixed,4x4,medium,14,610,B2,4,68.0,7
original_fixed,4x4,medium,14,610,B3,2,7.0,8
original_fixed,4x4,medium,14,610,B4,1,22.0,6
original_fixed,4x4,medium,14,610,C1,3,18.0,5
original_fixed,4x4,medium,14,610,C2,2,5.0,4
original_fixed,4x4,medium,14,610,C3,2,13.0,6
original_fixed,4x4,medium,14,610,C4,8,116.0,11
original_fixed,4x4,medium,14,610,D1,2,39.0,8
original_fixed,4x4,medium,14,610,D2,5,81.0,10
original_fixed,4x4,medium,14,610,D3,1,4.0,4
original_fixed,4x4,medium,14,610,D4,4,58.0,7
original_fixed,4x4,medium,14,610,E1,1,1.0,1
original_fixed,4x4,medium,14,610,E2,3,37.0,7
original_fixed,4x4,medium,14,610,E3,3,43.0,7
original_fixed,4x4,medium,14,610,E4,4,42.0,8
original_fixed,4x4,medium,14,615,B1,5,96.0,7
original_fixed,4x4,medium,14,615,B2,4,88.0,6
original_fixed,4x4,medium,14,615,B3,4,21.0,11
original_fixed,4x4,medium,14,615,B4,1,27.0,5
original_fixed,4x4,medium,14,615,C1,3,33.0,5
original_fixed,4x4,medium,14,615,C2,2,15.0,5
original_fixed,4x4,medium,14,615,C3,3,24.0,6
original_fixed,4x4,medium,14,615,C4,8,156.0,11
original_fixed,4x4,medium,14,615,D1,4,55.0,10
original_fixed,4x4,medium,14,615,D2,7,114.0,9
original_fixed,4x4,medium,14,615,D3,1,9.0,4
original_fixed,4x4,medium,14,615,D4,4,78.0,6
original_fixed,4x4,medium,14,615,E1,1,6.0,1
original_fixed,4x4,medium,14,615,E2,5,57.0,8
original_fixed,4x4,medium,14,615,E3,3,58.0,8
original_fixed,4x4,medium,14,615,E4,5,66.0,8
original_fixed,4x4,medium,14,620,B1,5,121.0,9
original_fixed,4x4,medium,14,620,B2,4,108.0,5
original_fixed,4x4,medium,14,620,B3,5,44.0,12
original_fixed,4x4,medium,14,620,B4,1,32.0,4
original_fixed,4x4,medium,14,620,C1,3,48.0,5
original_fixed,4x4,medium,14,620,C2,2,25.0,6
original_fixed,4x4,medium,14,620,C3,4,43.0,8
original_fixed,4x4,medium,14,620,C4,8,196.0,12
original_fixed,4x4,medium,14,620,D1,5,79.0,11
original_fixed,4x4,medium,14,620,D2,7,149.0,8
original_fixed,4x4,medium,14,620,D3,1,14.0,4
original_fixed,4x4,medium,14,620,D4,4,98.0,5
original_fixed,4x4,medium,14,620,E1,1,11.0,1
original_fixed,4x4,medium,14,620,E2,6,85.0,8
original_fixed,4x4,medium,14,620,E3,5,79.0,7
original_fixed,4x4,medium,14,620,E4,5,91.0,9
original_fixed,4x4,medium,14,625,B1,5,146.0,10
original_fixed,4x4,medium,14,625,B2,4,128.0,5
original_fixed,4x4,medium,14,625,B3,6,74.0,13
original_fixed,4x4,medium,14,625,B4,1,37.0,2
original_fixed,4x4,medium,14,625,C1,3,63.0,5
original_fixed,4x4,medium,14,625,C2,2,35.0,6
original_fixed,4x4,medium,14,625,C3,4,63.0,8
original_fixed,4x4,medium,14,625,C4,8,236.0,11
original_fixed,4x4,medium,14,625,D1,6,109.0,10
original_fixed,4x4,medium,14,625,D2,7,184.0,8
original_fixed,4x4,medium,14,625,D3,1,19.0,4
original_fixed,4x4,medium,14,625,D4,4,118.0,7
original_fixed,4x4,medium,14,625,E1,1,16.0,3
original_fixed,4x4,medium,14,625,E2,6,115.0,7
original_fixed,4x4,medium,14,625,E3,6,106.0,7
original_fixed,4x4,medium,14,625,E4,6,119.0,10
original_fixed,4x4,medium,14,630,B1,5,171.0,10
original_fixed,4x4,medium,14,630,B2,4,148.0,7
original_fixed,4x4,medium,14,630,B3,8,109.0,11
original_fixed,4x4,medium,14,630,B4,1,42.0,4
original_fixed,4x4,medium,14,630,C1,3,78.0,6
original_fixed,4x4,medium,14,630,C2,3,47.0,6
original_fixed,4x4,medium,14,630,C3,5,85.0,8
original_fixed,4x4,medium,14,630,C4,9,281.0,15
original_fixed,4x4,medium,14,630,D1,7,140.0,10
original_fixed,4x4,medium,14,630,D2,7,219.0,9
original_fixed,4x4,medium,14,630,D3,1,24.0,5
original_fixed,4x4,medium,14,630,D4,4,138.0,7
original_fixed,4x4,medium,14,630,E1,1,21.0,3
original_fixed,4x4,medium,14,630,E2,7,145.0,7
original_fixed,4x4,medium,14,630,E3,6,136.0,8
original_fixed,4x4,medium,14,630,E4,6,149.0,10
original_fixed,4x4,medium,14,635,B1,0,0.0,8
original_fixed,4x4,medium,14,635,B2,0,0.0,5
original_fixed,4x4,medium,14,635,B3,2,3.0,9
original_fixed,4x4,medium,14,635,B4,0,0.0,5
original_fixed,4x4,medium,14,635,C1,1,5.0,7
original_fixed,4x4,medium,14,635,C2,1,7.0,7
original_fixed,4x4,medium,14,635,C3,0,0.0,6
original_fixed,4x4,medium,14,635,C4,0,0.0,13
original_fixed,4x4,medium,14,635,D1,2,4.0,8
original_fixed,4x4,medium,14,635,D2,0,0.0,8
original_fixed,4x4,medium,14,635,D3,1,1.0,6
original_fixed,4x4,medium,14,635,D4,0,0.0,6
original_fixed,4x4,medium,14,635,E1,0,0.0,3
original_fixed,4x4,medium,14,635,E2,0,0.0,3
original_fixed,4x4,medium,14,635,E3,0,0.0,5
original_fixed,4x4,medium,14,635,E4,1,1.0,8
original_fixed,4x4,medium,14,640,B1,3,12.0,7
original_fixed,4x4,medium,14,640,B2,0,0.0,7
original_fixed,4x4,medium,14,640,B3,1,7.0,6
original_fixed,4x4,medium,14,640,B4,0,0.0,8
original_fixed,4x4,medium,14,640,C1,1,10.0,8
original_fixed,4x4,medium,14,640,C2,2,17.0,6
original_fixed,4x4,medium,14,640,C3,1,3.0,7
original_fixed,4x4,medium,14,640,C4,2,7.0,14
original_fixed,4x4,medium,14,640,D1,2,11.0,7
original_fixed,4x4,medium,14,640,D2,1,2.0,6
original_fixed,4x4,medium,14,640,D3,1,6.0,6
original_fixed,4x4,medium,14,640,D4,2,6.0,4
original_fixed,4x4,medium,14,640,E1,0,0.0,4
original_fixed,4x4,medium,14,640,E2,0,0.0,3
original_fixed,4x4,medium,14,640,E3,0,0.0,6
original_fixed,4x4,medium,14,640,E4,2,9.0,7
original_fixed,4x4,medium,14,645,B1,3,27.0,7
original_fixed,4x4,medium,14,645,B2,0,0.0,8
original_fixed,4x4,medium,14,645,B3,1,12.0,5
original_fixed,4x4,medium,14,645,B4,1,2.0,8
original_fixed,4x4,medium,14,645,C1,2,16.0,10
original_fixed,4x4,medium,14,645,C2,3,30.0,7
original_fixed,4x4,medium,14,645,C3,2,13.0,9
original_fixed,4x4,medium,14,645,C4,6,31.0,15
original_fixed,4x4,medium,14,645,D1,2,21.0,7
original_fixed,4x4,medium,14,645,D2,1,7.0,7
original_fixed,4x4,medium,14,645,D3,1,11.0,6
original_fixed,4x4,medium,14,645,D4,2,16.0,6
original_fixed,4x4,medium,14,645,E1,2,7.0,4
original_fixed,4x4,medium,14,645,E2,0,0.0,4
original_fixed,4x4,medium,14,645,E3,0,0.0,8
original_fixed,4x4,medium,14,645,E4,3,24.0,7
original_fixed,4x4,medium,14,650,B1,3,42.0,7
original_fixed,4x4,medium,14,650,B2,0,0.0,7
original_fixed,4x4,medium,14,650,B3,1,17.0,5
original_fixed,4x4,medium,14,650,B4,3,16.0,8
original_fixed,4x4,medium,14,650,C1,3,28.0,8
original_fixed,4x4,medium,14,650,C2,3,45.0,6
original_fixed,4x4,medium,14,650,C3,2,23.0,10
original_fixed,4x4,medium,14,650,C4,8,58.0,14
original_fixed,4x4,medium,14,650,D1,3,33.0,6
original_fixed,4x4,medium,14,650,D2,1,12.0,5
original_fixed,4x4,medium,14,650,D3,1,16.0,6
original_fixed,4x4,medium,14,650,D4,3,28.0,7
original_fixed,4x4,medium,14,650,E1,2,17.0,4
original_fixed,4x4,medium,14,650,E2,0,0.0,3
original_fixed,4x4,medium,14,650,E3,0,0.0,9
original_fixed,4x4,medium,14,650,E4,0,0.0,6
original_fixed,4x4,medium,14,655,B1,4,60.0,8
original_fixed,4x4,medium,14,655,B2,1,2.0,7
original_fixed,4x4,medium,14,655,B3,2,27.0,4
original_fixed,4x4,medium,14,655,B4,3,31.0,8
original_fixed,4x4,medium,14,655,C1,4,46.0,9
original_fixed,4x4,medium,14,655,C2,3,60.0,6
original_fixed,4x4,medium,14,655,C3,3,35.0,11
original_fixed,4x4,medium,14,655,C4,7,63.0,13
original_fixed,4x4,medium,14,655,D1,3,48.0,5
original_fixed,4x4,medium,14,655,D2,2,22.0,6
original_fixed,4x4,medium,14,655,D3,3,31.0,6
original_fixed,4x4,medium,14,655,D4,4,44.0,7
original_fixed,4x4,medium,14,655,E1,2,27.0,3
original_fixed,4x4,medium,14,655,E2,0,0.0,4
original_fixed,4x4,medium,14,655,E3,0,0.0,8
original_fixed,4x4,medium,14,655,E4,0,0.0,5
original_fixed,4x4,medium,14,660,B1,5,84.0,7
original_fixed,4x4,medium,14,660,B2,1,7.0,6
original_fixed,4x4,medium,14,660,B3,2,37.0,7
original_fixed,4x4,medium,14,660,B4,4,51.0,7
original_fixed,4x4,medium,14,660,C1,6,74.0,8
original_fixed,4x4,medium,14,660,C2,4,79.0,8
original_fixed,4x4,medium,14,660,C3,3,50.0,9
original_fixed,4x4,medium,14,660,C4,6,92.0,12
original_fixed,4x4,medium,14,660,D1,3,63.0,5
original_fixed,4x4,medium,14,660,D2,2,32.0,6
original_fixed,4x4,medium,14,660,D3,3,46.0,7
original_fixed,4x4,medium,14,660,D4,4,64.0,6
original_fixed,4x4,medium,14,660,E1,2,37.0,7
original_fixed,4x4,medium,14,660,E2,1,1.0,3
original_fixed,4x4,medium,14,660,E3,0,0.0,7
original_fixed,4x4,medium,14,660,E4,0,0.0,6
original_fixed,4x4,medium,14,665,B1,5,109.0,9
original_fixed,4x4,medium,14,665,B2,1,12.0,4
original_fixed,4x4,medium,14,665,B3,2,47.0,7
original_fixed,4x4,medium,14,665,B4,6,73.0,8
original_fixed,4x4,medium,14,665,C1,6,104.0,7
original_fixed,4x4,medium,14,665,C2,4,99.0,10
original_fixed,4x4,medium,14,665,C3,4,66.0,7
original_fixed,4x4,medium,14,665,C4,6,122.0,10
original_fixed,4x4,medium,14,665,D1,3,78.0,4
original_fixed,4x4,medium,14,665,D2,2,42.0,5
original_fixed,4x4,medium,14,665,D3,3,61.0,6
original_fixed,4x4,medium,14,665,D4,4,84.0,7
original_fixed,4x4,medium,14,665,E1,2,47.0,8
original_fixed,4x4,medium,14,665,E2,1,6.0,4
original_fixed,4x4,medium,14,665,E3,0,0.0,7
original_fixed,4x4,medium,14,665,E4,0,0.0,4
original_fixed,4x4,medium,14,670,B1,6,138.0,10
original_fixed,4x4,medium,14,670,B2,2,19.0,3
original_fixed,4x4,medium,14,670,B3,2,57.0,6
original_fixed,4x4,medium,14,670,B4,7,107.0,10
original_fixed,4x4,medium,14,670,C1,6,134.0,7
original_fixed,4x4,medium,14,670,C2,5,120.0,11
original_fixed,4x4,medium,14,670,C3,4,86.0,9
original_fixed,4x4,medium,14,670,C4,6,152.0,10
original_fixed,4x4,medium,14,670,D1,3,93.0,5
original_fixed,4x4,medium,14,670,D2,2,52.0,7
original_fixed,4x4,medium,14,670,D3,3,76.0,6
original_fixed,4x4,medium,14,670,D4,5,108.0,10
original_fixed,4x4,medium,14,670,E1,2,57.0,8
original_fixed,4x4,medium,14,670,E2,2,13.0,5
original_fixed,4x4,medium,14,670,E3,1,5.0,7
original_fixed,4x4,medium,14,670,E4,0,0.0,2
original_fixed,4x4,medium,14,675,B1,6,168.0,12
original_fixed,4x4,medium,14,675,B2,3,30.0,3
original_fixed,4x4,medium,14,675,B3,3,70.0,7
original_fixed,4x4,medium,14,675,B4,7,142.0,11
original_fixed,4x4,medium,14,675,C1,6,164.0,7
original_fixed,4x4,medium,14,675,C2,5,145.0,12
original_fixed,4x4,medium,14,675,C3,6,116.0,8
original_fixed,4x4,medium,14,675,C4,8,188.0,10
original_fixed,4x4,medium,14,675,D1,3,108.0,4
original_fixed,4x4,medium,14,675,D2,4,69.0,6
original_fixed,4x4,medium,14,675,D3,3,91.0,6
original_fixed,4x4,medium,14,675,D4,6,134.0,10
original_fixed,4x4,medium,14,675,E1,3,69.0,7
original_fixed,4x4,medium,14,675,E2,2,23.0,5
original_fixed,4x4,medium,14,675,E3,2,14.0,7
original_fixed,4x4,medium,14,675,E4,0,0.0,1
original_fixed,4x4,medium,14,680,B1,1,2.0,11
original_fixed,4x4,medium,14,680,B2,0,0.0,0
original_fixed,4x4,medium,14,680,B3,0,0.0,6
original_fixed,4x4,medium,14,680,B4,1,1.0,8
original_fixed,4x4,medium,14,680,C1,0,0.0,4
original_fixed,4x4,medium,14,680,C2,2,5.0,13
original_fixed,4x4,medium,14,680,C3,0,0.0,6
original_fixed,4x4,medium,14,680,C4,0,0.0,9
original_fixed,4x4,medium,14,680,D1,0,0.0,1
original_fixed,4x4,medium,14,680,D2,0,0.0,4
original_fixed,4x4,medium,14,680,D3,1,2.0,4
original_fixed,4x4,medium,14,680,D4,0,0.0,9
original_fixed,4x4,medium,14,680,E1,1,4.0,7
original_fixed,4x4,medium,14,680,E2,2,6.0,5
original_fixed,4x4,medium,14,680,E3,0,0.0,4
original_fixed,4x4,medium,14,680,E4,0,0.0,3
original_fixed,4x4,medium,14,685,B1,2,11.0,9
original_fixed,4x4,medium,14,685,B2,0,0.0,0
original_fixed,4x4,medium,14,685,B3,1,4.0,6
original_fixed,4x4,medium,14,685,B4,3,10.0,10
original_fixed,4x4,medium,14,685,C1,1,2.0,3
original_fixed,4x4,medium,14,685,C2,6,23.0,15
original_fixed,4x4,medium,14,685,C3,1,2.0,8
original_fixed,4x4,medium,14,685,C4,1,2.0,10
original_fixed,4x4,medium,14,685,D1,0,0.0,5
original_fixed,4x4,medium,14,685,D2,1,4.0,4
original_fixed,4x4,medium,14,685,D3,2,9.0,10
original_fixed,4x4,medium,14,685,D4,0,0.0,6
original_fixed,4x4,medium,14,685,E1,2,10.0,6
original_fixed,4x4,medium,14,685,E2,3,19.0,6
original_fixed,4x4,medium,14,685,E3,1,3.0,4
original_fixed,4x4,medium,14,685,E4,0,0.0,3
original_fixed,4x4,medium,14,690,B1,2,21.0,5
original_fixed,4x4,medium,14,690,B2,0,0.0,0
original_fixed,4x4,medium,14,690,B3,1,9.0,8
original_fixed,4x4,medium,14,690,B4,1,5.0,9
original_fixed,4x4,medium,14,690,C1,1,7.0,6
original_fixed,4x4,medium,14,690,C2,8,59.0,16
original_fixed,4x4,medium,14,690,C3,1,7.0,8
original_fixed,4x4,medium,14,690,C4,2,10.0,12
original_fixed,4x4,medium,14,690,D1,0,0.0,6
original_fixed,4x4,medium,14,690,D2,2,14.0,4
original_fixed,4x4,medium,14,690,D3,2,19.0,11
original_fixed,4x4,medium,14,690,D4,0,0.0,5
original_fixed,4x4,medium,14,690,E1,2,20.0,6
original_fixed,4x4,medium,14,690,E2,3,34.0,6
original_fixed,4x4,medium,14,690,E3,1,8.0,4
original_fixed,4x4,medium,14,690,E4,1,1.0,4
original_fixed,4x4,medium,14,695,B1,3,35.0,4
original_fixed,4x4,medium,14,695,B2,0,0.0,2
original_fixed,4x4,medium,14,695,B3,1,14.0,8
original_fixed,4x4,medium,14,695,B4,1,10.0,9
original_fixed,4x4,medium,14,695,C1,1,12.0,6
original_fixed,4x4,medium,14,695,C2,11,109.0,14
original_fixed,4x4,medium,14,695,C3,1,12.0,9
original_fixed,4x4,medium,14,695,C4,2,20.0,10
original_fixed,4x4,medium,14,695,D1,0,0.0,6
original_fixed,4x4,medium,14,695,D2,2,24.0,4
original_fixed,4x4,medium,14,695,D3,2,29.0,9
original_fixed,4x4,medium,14,695,D4,1,1.0,3
original_fixed,4x4,medium,14,695,E1,2,30.0,6
original_fixed,4x4,medium,14,695,E2,3,49.0,5
original_fixed,4x4,medium,14,695,E3,2,17.0,4
original_fixed,4x4,medium,14,695,E4,1,6.0,6
original_fixed,4x4,medium,14,700,B1,3,50.0,4
original_fixed,4x4,medium,14,700,B2,0,0.0,3
original_fixed,4x4,medium,14,700,B3,1,19.0,7
original_fixed,4x4,medium,14,700,B4,1,15.0,10
original_fixed,4x4,medium,14,700,C1,1,17.0,6
original_fixed,4x4,medium,14,700,C2,8,97.0,14
original_fixed,4x4,medium,14,700,C3,3,23.0,11
original_fixed,4x4,medium,14,700,C4,2,30.0,7
original_fixed,4x4,medium,14,700,D1,1,4.0,6
original_fixed,4x4,medium,14,700,D2,2,34.0,4
original_fixed,4x4,medium,14,700,D3,3,41.0,6
original_fixed,4x4,medium,14,700,D4,1,6.0,2
original_fixed,4x4,medium,14,700,E1,3,42.0,4
original_fixed,4x4,medium,14,700,E2,5,69.0,5
original_fixed,4x4,medium,14,700,E3,2,27.0,4
original_fixed,4x4,medium,14,700,E4,2,12.0,9
original_fixed,4x4,medium,14,705,B1,3,65.0,6
original_fixed,4x4,medium,14,705,B2,0,0.0,3
original_fixed,4x4,medium,14,705,B3,2,27.0,7
original_fixed,4x4,medium,14,705,B4,2,23.0,11
original_fixed,4x4,medium,14,705,C1,4,31.0,5
original_fixed,4x4,medium,14,705,C2,5,87.0,12
original_fixed,4x4,medium,14,705,C3,5,45.0,11
original_fixed,4x4,medium,14,705,C4,2,40.0,6
original_fixed,4x4,medium,14,705,D1,3,13.0,7
original_fixed,4x4,medium,14,705,D2,2,44.0,5
original_fixed,4x4,medium,14,705,D3,4,57.0,6
original_fixed,4x4,medium,14,705,D4,1,11.0,3
original_fixed,4x4,medium,14,705,E1,3,57.0,7
original_fixed,4x4,medium,14,705,E2,5,94.0,5
original_fixed,4x4,medium,14,705,E3,2,37.0,5
original_fixed,4x4,medium,14,705,E4,2,22.0,9
original_fixed,4x4,medium,14,710,B1,3,80.0,6
original_fixed,4x4,medium,14,710,B2,1,3.0,2
original_fixed,4x4,medium,14,710,B3,4,45.0,7
original_fixed,4x4,medium,14,710,B4,2,33.0,12
original_fixed,4x4,medium,14,710,C1,4,51.0,5
original_fixed,4x4,medium,14,710,C2,7,120.0,10
original_fixed,4x4,medium,14,710,C3,6,71.0,12
original_fixed,4x4,medium,14,710,C4,3,53.0,4
original_fixed,4x4,medium,14,710,D1,3,28.0,10
original_fixed,4x4,medium,14,710,D2,2,54.0,7
original_fixed,4x4,medium,14,710,D3,4,77.0,5
original_fixed,4x4,medium,14,710,D4,1,16.0,3
original_fixed,4x4,medium,14,710,E1,3,72.0,8
original_fixed,4x4,medium,14,710,E2,5,119.0,6
original_fixed,4x4,medium,14,710,E3,2,47.0,5
original_fixed,4x4,medium,14,710,E4,3,34.0,10
original_fixed,4x4,medium,14,715,B1,3,95.0,6
original_fixed,4x4,medium,14,715,B2,1,8.0,2
original_fixed,4x4,medium,14,715,B3,4,65.0,8
original_fixed,4x4,medium,14,715,B4,2,43.0,9
original_fixed,4x4,medium,14,715,C1,1,12.0,4
original_fixed,4x4,medium,14,715,C2,7,155.0,10
original_fixed,4x4,medium,14,715,C3,7,104.0,10
original_fixed,4x4,medium,14,715,C4,3,68.0,6
original_fixed,4x4,medium,14,715,D1,3,43.0,11
original_fixed,4x4,medium,14,715,D2,2,64.0,8
original_fixed,4x4,medium,14,715,D3,4,97.0,5
original_fixed,4x4,medium,14,715,D4,1,21.0,3
original_fixed,4x4,medium,14,715,E1,3,87.0,8
original_fixed,4x4,medium,14,715,E2,5,144.0,6
original_fixed,4x4,medium,14,715,E3,2,57.0,5
original_fixed,4x4,medium,14,715,E4,5,53.0,10
original_fixed,4x4,medium,14,720,B1,3,110.0,7
original_fixed,4x4,medium,14,720,B2,1,13.0,4
original_fixed,4x4,medium,14,720,B3,4,85.0,8
original_fixed,4x4,medium,14,720,B4,2,53.0,10
original_fixed,4x4,medium,14,720,C1,1,17.0,4
original_fixed,4x4,medium,14,720,C2,7,190.0,9
original_fixed,4x4,medium,14,720,C3,8,140.0,12
original_fixed,4x4,medium,14,720,C4,3,83.0,7
original_fixed,4x4,medium,14,720,D1,3,58.0,11
original_fixed,4x4,medium,14,720,D2,3,79.0,7
original_fixed,4x4,medium,14,720,D3,4,117.0,5
original_fixed,4x4,medium,14,720,D4,1,26.0,4
original_fixed,4x4,medium,14,720,E1,4,103.0,9
original_fixed,4x4,medium,14,720,E2,5,169.0,7
original_fixed,4x4,medium,14,720,E3,3,72.0,4
original_fixed,4x4,medium,14,720,E4,8,84.0,10
original_fixed,4x4,medium,14,725,B1,0,0.0,4
original_fixed,4x4,medium,14,725,B2,0,0.0,7
original_fixed,4x4,medium,14,725,B3,0,0.0,7
original_fixed,4x4,medium,14,725,B4,4,8.0,10
original_fixed,4x4,medium,14,725,C1,1,4.0,3
original_fixed,4x4,medium,14,725,C2,1,3.0,6
original_fixed,4x4,medium,14,725,C3,2,2.0,10
original_fixed,4x4,medium,14,725,C4,0,0.0,5
original_fixed,4x4,medium,14,725,D1,1,3.0,10
original_fixed,4x4,medium,14,725,D2,0,0.0,6
original_fixed,4x4,medium,14,725,D3,0,0.0,4
original_fixed,4x4,medium,14,725,D4,1,4.0,5
original_fixed,4x4,medium,14,725,E1,3,7.0,6
original_fixed,4x4,medium,14,725,E2,0,0.0,5
original_fixed,4x4,medium,14,725,E3,0,0.0,4
original_fixed,4x4,medium,14,725,E4,2,6.0,8
original_fixed,4x4,medium,14,730,B1,1,3.0,4
original_fixed,4x4,medium,14,730,B2,0,0.0,9
original_fixed,4x4,medium,14,730,B3,2,2.0,8
original_fixed,4x4,medium,14,730,B4,4,27.0,8
original_fixed,4x4,medium,14,730,C1,2,14.0,6
original_fixed,4x4,medium,14,730,C2,2,10.0,5
original_fixed,4x4,medium,14,730,C3,3,13.0,10
original_fixed,4x4,medium,14,730,C4,0,0.0,7
original_fixed,4x4,medium,14,730,D1,5,23.0,11
original_fixed,4x4,medium,14,730,D2,2,6.0,7
original_fixed,4x4,medium,14,730,D3,1,1.0,5
original_fixed,4x4,medium,14,730,D4,2,12.0,7
original_fixed,4x4,medium,14,730,E1,3,22.0,5
original_fixed,4x4,medium,14,730,E2,0,0.0,6
original_fixed,4x4,medium,14,730,E3,0,0.0,7
original_fixed,4x4,medium,14,730,E4,3,15.0,7
original_fixed,4x4,medium,14,735,B1,3,13.0,6
original_fixed,4x4,medium,14,735,B2,1,1.0,9
original_fixed,4x4,medium,14,735,B3,4,20.0,8
original_fixed,4x4,medium,14,735,B4,4,47.0,6
original_fixed,4x4,medium,14,735,C1,2,24.0,7
original_fixed,4x4,medium,14,735,C2,2,20.0,4
original_fixed,4x4,medium,14,735,C3,5,31.0,9
original_fixed,4x4,medium,14,735,C4,2,6.0,10
original_fixed,4x4,medium,14,735,D1,6,53.0,10
original_fixed,4x4,medium,14,735,D2,3,20.0,7
original_fixed,4x4,medium,14,735,D3,1,6.0,6
original_fixed,4x4,medium,14,735,D4,2,22.0,8
original_fixed,4x4,medium,14,735,E1,3,37.0,5
original_fixed,4x4,medium,14,735,E2,1,1.0,7
original_fixed,4x4,medium,14,735,E3,0,0.0,8
original_fixed,4x4,medium,14,735,E4,3,30.0,5
original_fixed,4x4,medium,14,740,B1,3,28.0,6
original_fixed,4x4,medium,14,740,B2,1,6.0,8
original_fixed,4x4,medium,14,740,B3,4,40.0,11
original_fixed,4x4,medium,14,740,B4,5,69.0,5
original_fixed,4x4,medium,14,740,C1,2,34.0,8
original_fixed,4x4,medium,14,740,C2,2,30.0,4
original_fixed,4x4,medium,14,740,C3,5,56.0,9
original_fixed,4x4,medium,14,740,C4,3,21.0,9
original_fixed,4x4,medium,14,740,D1,6,70.0,9
original_fixed,4x4,medium,14,740,D2,3,35.0,5
original_fixed,4x4,medium,14,740,D3,1,11.0,7
original_fixed,4x4,medium,14,740,D4,3,36.0,8
original_fixed,4x4,medium,14,740,E1,4,57.0,5
original_fixed,4x4,medium,14,740,E2,1,6.0,5
original_fixed,4x4,medium,14,740,E3,2,4.0,8
original_fixed,4x4,medium,14,740,E4,1,17.0,4
original_fixed,4x4,medium,14,745,B1,3,43.0,7
original_fixed,4x4,medium,14,745,B2,2,16.0,5
original_fixed,4x4,medium,14,745,B3,6,67.0,11
original_fixed,4x4,medium,14,745,B4,5,94.0,8
original_fixed,4x4,medium,14,745,C1,2,44.0,8
original_fixed,4x4,medium,14,745,C2,3,42.0,4
original_fixed,4x4,medium,14,745,C3,7,87.0,9
original_fixed,4x4,medium,14,745,C4,3,36.0,8
original_fixed,4x4,medium,14,745,D1,7,105.0,9
original_fixed,4x4,medium,14,745,D2,3,50.0,5
original_fixed,4x4,medium,14,745,D3,2,17.0,8
original_fixed,4x4,medium,14,745,D4,4,56.0,9
original_fixed,4x4,medium,14,745,E1,4,77.0,5
original_fixed,4x4,medium,14,745,E2,1,11.0,4
original_fixed,4x4,medium,14,745,E3,2,14.0,9
original_fixed,4x4,medium,14,745,E4,1,22.0,4
original_fixed,4x4,medium,14,750,B1,4,63.0,6
original_fixed,4x4,medium,14,750,B2,5,34.0,6
original_fixed,4x4,medium,14,750,B3,6,97.0,11
original_fixed,4x4,medium,14,750,B4,5,119.0,11
original_fixed,4x4,medium,14,750,C1,5,63.0,9
original_fixed,4x4,medium,14,750,C2,4,62.0,4
original_fixed,4x4,medium,14,750,C3,4,60.0,7
original_fixed,4x4,medium,14,750,C4,4,55.0,6
original_fixed,4x4,medium,14,750,D1,8,144.0,10
original_fixed,4x4,medium,14,750,D2,3,65.0,6
original_fixed,4x4,medium,14,750,D3,3,29.0,7
original_fixed,4x4,medium,14,750,D4,6,84.0,11
original_fixed,4x4,medium,14,750,E1,4,97.0,5
original_fixed,4x4,medium,14,750,E2,2,18.0,5
original_fixed,4x4,medium,14,750,E3,3,29.0,8
original_fixed,4x4,medium,14,750,E4,2,29.0,4
original_fixed,4x4,medium,14,755,B1,4,83.0,6
original_fixed,4x4,medium,14,755,B2,5,59.0,8
original_fixed,4x4,medium,14,755,B3,8,132.0,10
original_fixed,4x4,medium,14,755,B4,5,144.0,11
original_fixed,4x4,medium,14,755,C1,6,93.0,9
original_fixed,4x4,medium,14,755,C2,4,82.0,5
original_fixed,4x4,medium,14,755,C3,4,80.0,6
original_fixed,4x4,medium,14,755,C4,4,75.0,8
original_fixed,4x4,medium,14,755,D1,9,185.0,10
original_fixed,4x4,medium,14,755,D2,3,80.0,6
original_fixed,4x4,medium,14,755,D3,3,44.0,8
original_fixed,4x4,medium,14,755,D4,7,116.0,11
original_fixed,4x4,medium,14,755,E1,4,117.0,6
original_fixed,4x4,medium,14,755,E2,2,28.0,7
original_fixed,4x4,medium,14,755,E3,3,44.0,6
original_fixed,4x4,medium,14,755,E4,2,39.0,5
original_fixed,4x4,medium,14,760,B1,4,103.0,7
original_fixed,4x4,medium,14,760,B2,5,84.0,8
original_fixed,4x4,medium,14,760,B3,7,141.0,10
original_fixed,4x4,medium,14,760,B4,6,172.0,9
original_fixed,4x4,medium,14,760,C1,6,123.0,9
original_fixed,4x4,medium,14,760,C2,4,102.0,5
original_fixed,4x4,medium,14,760,C3,4,100.0,8
original_fixed,4x4,medium,14,760,C4,4,95.0,8
original_fixed,4x4,medium,14,760,D1,9,230.0,12
original_fixed,4x4,medium,14,760,D2,3,95.0,7
original_fixed,4x4,medium,14,760,D3,4,61.0,6
original_fixed,4x4,medium,14,760,D4,7,151.0,10
original_fixed,4x4,medium,14,760,E1,4,137.0,7
original_fixed,4x4,medium,14,760,E2,3,40.0,7
original_fixed,4x4,medium,14,760,E3,3,59.0,5
original_fixed,4x4,medium,14,760,E4,4,54.0,7
original_fixed,4x4,medium,14,765,B1,5,126.0,7
original_fixed,4x4,medium,14,765,B2,6,113.0,9
original_fixed,4x4,medium,14,765,B3,4,93.0,11
original_fixed,4x4,medium,14,765,B4,7,203.0,9
original_fixed,4x4,medium,14,765,C1,6,153.0,9
original_fixed,4x4,medium,14,765,C2,4,122.0,5
original_fixed,4x4,medium,14,765,C3,4,120.0,9
original_fixed,4x4,medium,14,765,C4,4,115.0,9
original_fixed,4x4,medium,14,765,D1,9,275.0,12
original_fixed,4x4,medium,14,765,D2,4,114.0,7
original_fixed,4x4,medium,14,765,D3,5,82.0,7
original_fixed,4x4,medium,14,765,D4,8,190.0,10
original_fixed,4x4,medium,14,765,E1,4,157.0,7
original_fixed,4x4,medium,14,765,E2,3,55.0,8
original_fixed,4x4,medium,14,765,E3,3,74.0,3
original_fixed,4x4,medium,14,765,E4,4,74.0,8
original_fixed,4x4,medium,14,770,B1,1,1.0,7
original_fixed,4x4,medium,14,770,B2,0,0.0,5
original_fixed,4x4,medium,14,770,B3,3,6.0,9
original_fixed,4x4,medium,14,770,B4,1,13.0,6
original_fixed,4x4,medium,14,770,C1,1,20.0,7
original_fixed,4x4,medium,14,770,C2,0,0.0,5
original_fixed,4x4,medium,14,770,C3,1,2.0,6
original_fixed,4x4,medium,14,770,C4,3,7.0,10
original_fixed,4x4,medium,14,770,D1,1,16.0,10
original_fixed,4x4,medium,14,770,D2,1,4.0,7
original_fixed,4x4,medium,14,770,D3,0,0.0,6
original_fixed,4x4,medium,14,770,D4,1,4.0,10
original_fixed,4x4,medium,14,770,E1,2,3.0,6
original_fixed,4x4,medium,14,770,E2,2,6.0,7
original_fixed,4x4,medium,14,770,E3,0,0.0,2
original_fixed,4x4,medium,14,770,E4,1,1.0,7
original_fixed,4x4,medium,14,775,B1,1,1.0,7
original_fixed,4x4,medium,14,775,B2,0,0.0,2
original_fixed,4x4,medium,14,775,B3,4,25.0,7
original_fixed,4x4,medium,14,775,B4,2,7.0,5
original_fixed,4x4,medium,14,775,C1,1,4.0,9
original_fixed,4x4,medium,14,775,C2,1,5.0,4
original_fixed,4x4,medium,14,775,C3,3,14.0,7
original_fixed,4x4,medium,14,775,C4,3,22.0,11
original_fixed,4x4,medium,14,775,D1,1,4.0,8
original_fixed,4x4,medium,14,775,D2,1,9.0,6
original_fixed,4x4,medium,14,775,D3,2,9.0,7
original_fixed,4x4,medium,14,775,D4,3,13.0,10
original_fixed,4x4,medium,14,775,E1,2,8.0,7
original_fixed,4x4,medium,14,775,E2,3,19.0,9
original_fixed,4x4,medium,14,775,E3,0,0.0,4
original_fixed,4x4,medium,14,775,E4,1,1.0,7
original_fixed,4x4,medium,14,780,B1,1,6.0,5
original_fixed,4x4,medium,14,780,B2,0,0.0,3
original_fixed,4x4,medium,14,780,B3,5,50.0,6
original_fixed,4x4,medium,14,780,B4,1,7.0,4
original_fixed,4x4,medium,14,780,C1,1,9.0,9
original_fixed,4x4,medium,14,780,C2,1,10.0,4
original_fixed,4x4,medium,14,780,C3,3,29.0,7
original_fixed,4x4,medium,14,780,C4,3,37.0,11
original_fixed,4x4,medium,14,780,D1,1,9.0,6
original_fixed,4x4,medium,14,780,D2,3,20.0,8
original_fixed,4x4,medium,14,780,D3,2,19.0,8
original_fixed,4x4,medium,14,780,D4,2,17.0,12
original_fixed,4x4,medium,14,780,E1,1,12.0,6
original_fixed,4x4,medium,14,780,E2,3,34.0,12
original_fixed,4x4,medium,14,780,E3,0,0.0,4
original_fixed,4x4,medium,14,780,E4,2,8.0,8
original_fixed,4x4,medium,14,785,B1,2,12.0,5
original_fixed,4x4,medium,14,785,B2,1,4.0,3
original_fixed,4x4,medium,14,785,B3,5,75.0,7
original_fixed,4x4,medium,14,785,B4,1,12.0,4
original_fixed,4x4,medium,14,785,C1,2,17.0,10
original_fixed,4x4,medium,14,785,C2,1,15.0,3
original_fixed,4x4,medium,14,785,C3,3,44.0,8
original_fixed,4x4,medium,14,785,C4,5,54.0,9
original_fixed,4x4,medium,14,785,D1,3,18.0,4
original_fixed,4x4,medium,14,785,D2,4,37.0,7
original_fixed,4x4,medium,14,785,D3,2,29.0,6
original_fixed,4x4,medium,14,785,D4,2,27.0,11
original_fixed,4x4,medium,14,785,E1,1,17.0,6
original_fixed,4x4,medium,14,785,E2,4,54.0,15
original_fixed,4x4,medium,14,785,E3,0,0.0,4
original_fixed,4x4,medium,14,785,E4,2,18.0,8
original_fixed,4x4,medium,14,790,B1,2,22.0,7
original_fixed,4x4,medium,14,790,B2,1,9.0,3
original_fixed,4x4,medium,14,790,B3,6,101.0,9
original_fixed,4x4,medium,14,790,B4,2,20.0,4
original_fixed,4x4,medium,14,790,C1,3,30.0,12
original_fixed,4x4,medium,14,790,C2,2,25.0,3
original_fixed,4x4,medium,14,790,C3,3,59.0,7
original_fixed,4x4,medium,14,790,C4,6,82.0,7
original_fixed,4x4,medium,14,790,D1,2,27.0,4
original_fixed,4x4,medium,14,790,D2,5,62.0,8
original_fixed,4x4,medium,14,790,D3,1,1.0,4
original_fixed,4x4,medium,14,790,D4,3,40.0,12
original_fixed,4x4,medium,14,790,E1,1,22.0,6
original_fixed,4x4,medium,14,790,E2,5,76.0,15
original_fixed,4x4,medium,14,790,E3,2,6.0,4
original_fixed,4x4,medium,14,790,E4,2,28.0,8
original_fixed,4x4,medium,14,795,B1,4,41.0,8
original_fixed,4x4,medium,14,795,B2,3,17.0,3
original_fixed,4x4,medium,14,795,B3,6,131.0,9
original_fixed,4x4,medium,14,795,B4,4,33.0,5
original_fixed,4x4,medium,14,795,C1,5,52.0,10
original_fixed,4x4,medium,14,795,C2,3,40.0,3
original_fixed,4x4,medium,14,795,C3,4,77.0,7
original_fixed,4x4,medium,14,795,C4,6,112.0,8
original_fixed,4x4,medium,14,795,D1,2,37.0,3
original_fixed,4x4,medium,14,795,D2,6,90.0,9
original_fixed,4x4,medium,14,795,D3,0,0.0,4
original_fixed,4x4,medium,14,795,D4,6,65.0,11
original_fixed,4x4,medium,14,795,E1,2,29.0,6
original_fixed,4x4,medium,14,795,E2,6,103.0,13
original_fixed,4x4,medium,14,795,E3,2,16.0,7
original_fixed,4x4,medium,14,795,E4,4,46.0,8
original_fixed,4x4,medium,14,800,B1,4,61.0,11
original_fixed,4x4,medium,14,800,B2,3,32.0,3
original_fixed,4x4,medium,14,800,B3,6,161.0,9
original_fixed,4x4,medium,14,800,B4,3,48.0,4
original_fixed,4x4,medium,14,800,C1,6,80.0,9
original_fixed,4x4,medium,14,800,C2,3,55.0,5
original_fixed,4x4,medium,14,800,C3,4,97.0,6
original_fixed,4x4,medium,14,800,C4,6,142.0,11
original_fixed,4x4,medium,14,800,D1,2,47.0,4
original_fixed,4x4,medium,14,800,D2,7,124.0,10
original_fixed,4x4,medium,14,800,D3,1,3.0,3
original_fixed,4x4,medium,14,800,D4,4,73.0,11
original_fixed,4x4,medium,14,800,E1,2,39.0,6
original_fixed,4x4,medium,14,800,E2,9,141.0,13
original_fixed,4x4,medium,14,800,E3,3,31.0,9
original_fixed,4x4,medium,14,800,E4,5,70.0,7
original_fixed,4x4,medium,14,805,B1,6,85.0,10
original_fixed,4x4,medium,14,805,B2,3,47.0,4
original_fixed,4x4,medium,14,805,B3,6,191.0,9
original_fixed,4x4,medium,14,805,B4,3,63.0,4
original_fixed,4x4,medium,14,805,C1,8,113.0,10
original_fixed,4x4,medium,14,805,C2,3,70.0,5
original_fixed,4x4,medium,14,805,C3,5,119.0,6
original_fixed,4x4,medium,14,805,C4,6,172.0,12
original_fixed,4x4,medium,14,805,D1,2,57.0,4
original_fixed,4x4,medium,14,805,D2,8,161.0,11
original_fixed,4x4,medium,14,805,D3,1,8.0,4
original_fixed,4x4,medium,14,805,D4,4,87.0,9
original_fixed,4x4,medium,14,805,E1,3,52.0,8
original_fixed,4x4,medium,14,805,E2,10,191.0,12
original_fixed,4x4,medium,14,805,E3,4,49.0,9
original_fixed,4x4,medium,14,805,E4,6,97.0,7
original_fixed,4x4,medium,14,810,B1,6,115.0,11
original_fixed,4x4,medium,14,810,B2,3,62.0,4
original_fixed,4x4,medium,14,810,B3,6,221.0,9
original_fixed,4x4,medium,14,810,B4,3,78.0,5
original_fixed,4x4,medium,14,810,C1,8,153.0,10
original_fixed,4x4,medium,14,810,C2,3,85.0,5
original_fixed,4x4,medium,14,810,C3,6,146.0,6
original_fixed,4x4,medium,14,810,C4,7,204.0,12
original_fixed,4x4,medium,14,810,D1,2,67.0,5
original_fixed,4x4,medium,14,810,D2,8,201.0,11
original_fixed,4x4,medium,14,810,D3,1,13.0,3
original_fixed,4x4,medium,14,810,D4,8,113.0,11
original_fixed,4x4,medium,14,810,E1,4,70.0,8
original_fixed,4x4,medium,14,810,E2,11,246.0,12
original_fixed,4x4,medium,14,810,E3,5,70.0,10
original_fixed,4x4,medium,14,810,E4,6,127.0,7
original_fixed,4x4,medium,14,815,B1,1,1.0,8
original_fixed,4x4,medium,14,815,B2,0,0.0,2
original_fixed,4x4,medium,14,815,B3,2,28.0,8
original_fixed,4x4,medium,14,815,B4,0,0.0,5
original_fixed,4x4,medium,14,815,C1,0,0.0,10
original_fixed,4x4,medium,14,815,C2,1,2.0,5
original_fixed,4x4,medium,14,815,C3,0,0.0,3
original_fixed,4x4,medium,14,815,C4,1,7.0,9
original_fixed,4x4,medium,14,815,D1,1,1.0,3
original_fixed,4x4,medium,14,815,D2,1,4.0,9
original_fixed,4x4,medium,14,815,D3,0,0.0,4
original_fixed,4x4,medium,14,815,D4,3,15.0,11
original_fixed,4x4,medium,14,815,E1,0,0.0,7
original_fixed,4x4,medium,14,815,E2,3,27.0,10
original_fixed,4x4,medium,14,815,E3,0,0.0,9
original_fixed,4x4,medium,14,815,E4,1,1.0,5
original_fixed,4x4,medium,14,820,B1,2,11.0,6
original_fixed,4x4,medium,14,820,B2,0,0.0,3
original_fixed,4x4,medium,14,820,B3,1,7.0,7
original_fixed,4x4,medium,14,820,B4,0,0.0,4
original_fixed,4x4,medium,14,820,C1,2,7.0,9
original_fixed,4x4,medium,14,820,C2,1,7.0,8
original_fixed,4x4,medium,14,820,C3,0,0.0,4
original_fixed,4x4,medium,14,820,C4,2,14.0,9
original_fixed,4x4,medium,14,820,D1,1,6.0,6
original_fixed,4x4,medium,14,820,D2,0,0.0,7
original_fixed,4x4,medium,14,820,D3,0,0.0,6
original_fixed,4x4,medium,14,820,D4,2,21.0,9
original_fixed,4x4,medium,14,820,E1,0,0.0,9
original_fixed,4x4,medium,14,820,E2,1,6.0,9
original_fixed,4x4,medium,14,820,E3,1,4.0,12
original_fixed,4x4,medium,14,820,E4,2,4.0,7
original_fixed,4x4,medium,14,825,B1,2,21.0,7
original_fixed,4x4,medium,14,825,B2,0,0.0,3
original_fixed,4x4,medium,14,825,B3,1,12.0,5
original_fixed,4x4,medium,14,825,B4,1,3.0,5
original_fixed,4x4,medium,14,825,C1,0,0.0,6
original_fixed,4x4,medium,14,825,C2,1,12.0,10
original_fixed,4x4,medium,14,825,C3,0,0.0,5
original_fixed,4x4,medium,14,825,C4,2,21.0,8
original_fixed,4x4,medium,14,825,D1,2,13.0,7
original_fixed,4x4,medium,14,825,D2,1,3.0,5
original_fixed,4x4,medium,14,825,D3,0,0.0,8
original_fixed,4x4,medium,14,825,D4,2,31.0,10
original_fixed,4x4,medium,14,825,E1,2,6.0,9
original_fixed,4x4,medium,14,825,E2,1,11.0,7
original_fixed,4x4,medium,14,825,E3,2,12.0,12
original_fixed,4x4,medium,14,825,E4,0,0.0,5
original_fixed,4x4,medium,14,830,B1,3,35.0,7
original_fixed,4x4,medium,14,830,B2,0,0.0,1
original_fixed,4x4,medium,14,830,B3,1,17.0,6
original_fixed,4x4,medium,14,830,B4,1,8.0,6
original_fixed,4x4,medium,14,830,C1,1,1.0,5
original_fixed,4x4,medium,14,830,C2,1,17.0,9
original_fixed,4x4,medium,14,830,C3,0,0.0,6
original_fixed,4x4,medium,14,830,C4,2,31.0,9
original_fixed,4x4,medium,14,830,D1,3,26.0,9
original_fixed,4x4,medium,14,830,D2,1,8.0,4
original_fixed,4x4,medium,14,830,D3,0,0.0,9
original_fixed,4x4,medium,14,830,D4,3,42.0,12
original_fixed,4x4,medium,14,830,E1,2,16.0,8
original_fixed,4x4,medium,14,830,E2,1,16.0,6
original_fixed,4x4,medium,14,830,E3,2,22.0,16
original_fixed,4x4,medium,14,830,E4,0,0.0,4
original_fixed,4x4,medium,14,835,B1,3,50.0,8
original_fixed,4x4,medium,14,835,B2,0,0.0,0
original_fixed,4x4,medium,14,835,B3,2,25.0,4
original_fixed,4x4,medium,14,835,B4,2,18.0,9
original_fixed,4x4,medium,14,835,C1,3,16.0,7
original_fixed,4x4,medium,14,835,C2,1,22.0,5
original_fixed,4x4,medium,14,835,C3,1,3.0,6
original_fixed,4x4,medium,14,835,C4,5,53.0,9
original_fixed,4x4,medium,14,835,D1,5,46.0,9
original_fixed,4x4,medium,14,835,D2,3,17.0,6
original_fixed,4x4,medium,14,835,D3,1,5.0,10
original_fixed,4x4,medium,14,835,D4,4,61.0,12
original_fixed,4x4,medium,14,835,E1,3,29.0,6
original_fixed,4x4,medium,14,835,E2,1,21.0,6
original_fixed,4x4,medium,14,835,E3,5,41.0,17
original_fixed,4x4,medium,14,835,E4,0,0.0,2
original_fixed,4x4,medium,14,840,B1,3,65.0,7
original_fixed,4x4,medium,14,840,B2,0,0.0,3
original_fixed,4x4,medium,14,840,B3,2,35.0,5
original_fixed,4x4,medium,14,840,B4,2,28.0,8
original_fixed,4x4,medium,14,840,C1,4,36.0,8
original_fixed,4x4,medium,14,840,C2,2,30.0,2
original_fixed,4x4,medium,14,840,C3,1,8.0,5
original_fixed,4x4,medium,14,840,C4,7,85.0,10
original_fixed,4x4,medium,14,840,D1,5,71.0,8
original_fixed,4x4,medium,14,840,D2,3,32.0,8
original_fixed,4x4,medium,14,840,D3,2,11.0,7
original_fixed,4x4,medium,14,840,D4,7,89.0,12
original_fixed,4x4,medium,14,840,E1,4,49.0,6
original_fixed,4x4,medium,14,840,E2,2,27.0,7
original_fixed,4x4,medium,14,840,E3,3,50.0,17
original_fixed,4x4,medium,14,840,E4,1,4.0,3
original_fixed,4x4,medium,14,845,B1,4,82.0,6
original_fixed,4x4,medium,14,845,B2,0,0.0,3
original_fixed,4x4,medium,14,845,B3,2,45.0,4
original_fixed,4x4,medium,14,845,B4,4,47.0,10
original_fixed,4x4,medium,14,845,C1,4,56.0,8
original_fixed,4x4,medium,14,845,C2,2,40.0,2
original_fixed,4x4,medium,14,845,C3,2,17.0,3
original_fixed,4x4,medium,14,845,C4,9,124.0,11
original_fixed,4x4,medium,14,845,D1,6,99.0,8
original_fixed,4x4,medium,14,845,D2,3,47.0,8
original_fixed,4x4,medium,14,845,D3,2,21.0,7
original_fixed,4x4,medium,14,845,D4,9,131.0,11
original_fixed,4x4,medium,14,845,E1,4,69.0,9
original_fixed,4x4,medium,14,845,E2,2,37.0,7
original_fixed,4x4,medium,14,845,E3,4,67.0,17
original_fixed,4x4,medium,14,845,E4,1,9.0,4
original_fixed,4x4,medium,14,850,B1,4,102.0,5
original_fixed,4x4,medium,14,850,B2,0,0.0,3
original_fixed,4x4,medium,14,850,B3,3,60.0,5
original_fixed,4x4,medium,14,850,B4,4,67.0,8
original_fixed,4x4,medium,14,850,C1,4,76.0,7
original_fixed,4x4,medium,14,850,C2,2,50.0,2
original_fixed,4x4,medium,14,850,C3,3,28.0,3
original_fixed,4x4,medium,14,850,C4,9,169.0,13
original_fixed,4x4,medium,14,850,D1,7,134.0,8
original_fixed,4x4,medium,14,850,D2,4,64.0,8
original_fixed,4x4,medium,14,850,D3,2,31.0,6
original_fixed,4x4,medium,14,850,D4,10,180.0,12
original_fixed,4x4,medium,14,850,E1,5,92.0,13
original_fixed,4x4,medium,14,850,E2,2,47.0,7
original_fixed,4x4,medium,14,850,E3,7,95.0,15
original_fixed,4x4,medium,14,850,E4,1,14.0,4
original_fixed,4x4,medium,14,855,B1,4,122.0,4
original_fixed,4x4,medium,14,855,B2,1,2.0,3
original_fixed,4x4,medium,14,855,B3,4,77.0,6
original_fixed,4x4,medium,14,855,B4,6,96.0,8
original_fixed,4x4,medium,14,855,C1,6,103.0,9
original_fixed,4x4,medium,14,855,C2,2,60.0,3
original_fixed,4x4,medium,14,855,C3,3,43.0,3
original_fixed,4x4,medium,14,855,C4,9,214.0,12
original_fixed,4x4,medium,14,855,D1,7,169.0,9
original_fixed,4x4,medium,14,855,D2,5,89.0,9
original_fixed,4x4,medium,14,855,D3,3,45.0,6
original_fixed,4x4,medium,14,855,D4,11,230.0,14
original_fixed,4x4,medium,14,855,E1,5,117.0,14
original_fixed,4x4,medium,14,855,E2,3,60.0,8
original_fixed,4x4,medium,14,855,E3,8,127.0,16
original_fixed,4x4,medium,14,855,E4,1,19.0,4
original_fixed,4x4,medium,14,860,B1,1,2.0,2
original_fixed,4x4,medium,14,860,B2,1,2.0,2
original_fixed,4x4,medium,14,860,B3,0,0.0,3
original_fixed,4x4,medium,14,860,B4,1,2.0,7
original_fixed,4x4,medium,14,860,C1,0,0.0,8
original_fixed,4x4,medium,14,860,C2,0,0.0,3
original_fixed,4x4,medium,14,860,C3,0,0.0,2
original_fixed,4x4,medium,14,860,C4,1,18.0,12
original_fixed,4x4,medium,14,860,D1,0,0.0,7
original_fixed,4x4,medium,14,860,D2,0,0.0,9
original_fixed,4x4,medium,14,860,D3,0,0.0,5
original_fixed,4x4,medium,14,860,D4,2,35.0,10
original_fixed,4x4,medium,14,860,E1,0,0.0,11
original_fixed,4x4,medium,14,860,E2,1,3.0,8
original_fixed,4x4,medium,14,860,E3,4,13.0,14
original_fixed,4x4,medium,14,860,E4,1,4.0,5
original_fixed,4x4,medium,14,865,B1,0,0.0,4
original_fixed,4x4,medium,14,865,B2,1,7.0,3
original_fixed,4x4,medium,14,865,B3,1,1.0,4
original_fixed,4x4,medium,14,865,B4,4,17.0,7
original_fixed,4x4,medium,14,865,C1,0,0.0,10
original_fixed,4x4,medium,14,865,C2,0,0.0,5
original_fixed,4x4,medium,14,865,C3,0,0.0,3
original_fixed,4x4,medium,14,865,C4,4,13.0,12
original_fixed,4x4,medium,14,865,D1,0,0.0,4
original_fixed,4x4,medium,14,865,D2,0,0.0,11
original_fixed,4x4,medium,14,865,D3,1,5.0,7
original_fixed,4x4,medium,14,865,D4,0,0.0,9
original_fixed,4x4,medium,14,865,E1,4,11.0,10
original_fixed,4x4,medium,14,865,E2,1,8.0,9
original_fixed,4x4,medium,14,865,E3,7,41.0,12
original_fixed,4x4,medium,14,865,E4,2,14.0,9
original_fixed,4x4,medium,14,870,B1,0,0.0,5
original_fixed,4x4,medium,14,870,B2,1,12.0,4
original_fixed,4x4,medium,14,870,B3,1,6.0,4
original_fixed,4x4,medium,14,870,B4,4,37.0,9
original_fixed,4x4,medium,14,870,C1,0,0.0,10
original_fixed,4x4,medium,14,870,C2,0,0.0,4
original_fixed,4x4,medium,14,870,C3,0,0.0,4
original_fixed,4x4,medium,14,870,C4,7,46.0,12
original_fixed,4x4,medium,14,870,D1,0,0.0,5
original_fixed,4x4,medium,14,870,D2,1,1.0,10
original_fixed,4x4,medium,14,870,D3,2,12.0,8
original_fixed,4x4,medium,14,870,D4,2,8.0,8
original_fixed,4x4,medium,14,870,E1,7,39.0,9
original_fixed,4x4,medium,14,870,E2,2,18.0,10
original_fixed,4x4,medium,14,870,E3,7,76.0,11
original_fixed,4x4,medium,14,870,E4,2,24.0,10
original_fixed,4x4,medium,14,875,B1,0,0.0,4
original_fixed,4x4,medium,14,875,B2,1,17.0,5
original_fixed,4x4,medium,14,875,B3,1,11.0,4
original_fixed,4x4,medium,14,875,B4,5,60.0,10
original_fixed,4x4,medium,14,875,C1,0,0.0,9
original_fixed,4x4,medium,14,875,C2,0,0.0,6
original_fixed,4x4,medium,14,875,C3,0,0.0,4
original_fixed,4x4,medium,14,875,C4,9,86.0,12
original_fixed,4x4,medium,14,875,D1,0,0.0,6
original_fixed,4x4,medium,14,875,D2,2,11.0,9
original_fixed,4x4,medium,14,875,D3,2,22.0,10
original_fixed,4x4,medium,14,875,D4,2,18.0,6
original_fixed,4x4,medium,14,875,E1,7,74.0,8
original_fixed,4x4,medium,14,875,E2,3,29.0,8
original_fixed,4x4,medium,14,875,E3,8,116.0,14
original_fixed,4x4,medium,14,875,E4,4,38.0,9
original_fixed,4x4,medium,14,880,B1,1,1.0,6
original_fixed,4x4,medium,14,880,B2,1,22.0,7
original_fixed,4x4,medium,14,880,B3,2,20.0,4
original_fixed,4x4,medium,14,880,B4,6,89.0,9
original_fixed,4x4,medium,14,880,C1,0,0.0,6
original_fixed,4x4,medium,14,880,C2,1,2.0,7
original_fixed,4x4,medium,14,880,C3,0,0.0,3
original_fixed,4x4,medium,14,880,C4,9,131.0,11
original_fixed,4x4,medium,14,880,D1,0,0.0,8
original_fixed,4x4,medium,14,880,D2,4,27.0,7
original_fixed,4x4,medium,14,880,D3,2,32.0,9
original_fixed,4x4,medium,14,880,D4,2,28.0,6
original_fixed,4x4,medium,14,880,E1,7,109.0,9
original_fixed,4x4,medium,14,880,E2,3,44.0,8
original_fixed,4x4,medium,14,880,E3,9,161.0,16
original_fixed,4x4,medium,14,880,E4,5,60.0,8
original_fixed,4x4,medium,14,885,B1,3,12.0,7
original_fixed,4x4,medium,14,885,B2,3,30.0,8
original_fixed,4x4,medium,14,885,B3,2,30.0,6
original_fixed,4x4,medium,14,885,B4,7,123.0,8
original_fixed,4x4,medium,14,885,C1,1,1.0,4
original_fixed,4x4,medium,14,885,C2,3,16.0,8
original_fixed,4x4,medium,14,885,C3,0,0.0,3
original_fixed,4x4,medium,14,885,C4,5,86.0,11
original_fixed,4x4,medium,14,885,D1,1,3.0,5
original_fixed,4x4,medium,14,885,D2,5,51.0,6
original_fixed,4x4,medium,14,885,D3,4,48.0,11
original_fixed,4x4,medium,14,885,D4,2,38.0,7
original_fixed,4x4,medium,14,885,E1,7,144.0,10
original_fixed,4x4,medium,14,885,E2,6,67.0,7
original_fixed,4x4,medium,14,885,E3,9,206.0,16
original_fixed,4x4,medium,14,885,E4,6,90.0,9
original_fixed,4x4,medium,14,890,B1,3,27.0,9
original_fixed,4x4,medium,14,890,B2,3,45.0,9
original_fixed,4x4,medium,14,890,B3,2,40.0,5
original_fixed,4x4,medium,14,890,B4,7,158.0,10
original_fixed,4x4,medium,14,890,C1,1,6.0,6
original_fixed,4x4,medium,14,890,C2,3,31.0,7
original_fixed,4x4,medium,14,890,C3,2,8.0,4
original_fixed,4x4,medium,14,890,C4,2,53.0,11
original_fixed,4x4,medium,14,890,D1,1,8.0,5
original_fixed,4x4,medium,14,890,D2,2,30.0,5
original_fixed,4x4,medium,14,890,D3,6,70.0,12
original_fixed,4x4,medium,14,890,D4,2,48.0,8
original_fixed,4x4,medium,14,890,E1,7,179.0,11
original_fixed,4x4,medium,14,890,E2,6,97.0,8
original_fixed,4x4,medium,14,890,E3,11,257.0,15
original_fixed,4x4,medium,14,890,E4,6,120.0,9
original_fixed,4x4,medium,14,895,B1,3,42.0,9
original_fixed,4x4,medium,14,895,B2,4,65.0,8
original_fixed,4x4,medium,14,895,B3,2,50.0,4
original_fixed,4x4,medium,14,895,B4,4,108.0,9
original_fixed,4x4,medium,14,895,C1,2,12.0,7
original_fixed,4x4,medium,14,895,C2,3,46.0,5
original_fixed,4x4,medium,14,895,C3,2,18.0,5
original_fixed,4x4,medium,14,895,C4,3,68.0,9
original_fixed,4x4,medium,14,895,D1,1,13.0,4
original_fixed,4x4,medium,14,895,D2,3,45.0,5
original_fixed,4x4,medium,14,895,D3,8,107.0,14
original_fixed,4x4,medium,14,895,D4,2,58.0,7
original_fixed,4x4,medium,14,895,E1,8,216.0,11
original_fixed,4x4,medium,14,895,E2,6,127.0,10
original_fixed,4x4,medium,14,895,E3,12,316.0,15
original_fixed,4x4,medium,14,895,E4,7,153.0,10
original_fixed,4x4,medium,14,900,B1,3,57.0,8
original_fixed,4x4,medium,14,900,B2,4,85.0,8
original_fixed,4x4,medium,14,900,B3,2,60.0,7
original_fixed,4x4,medium,14,900,B4,4,128.0,9
original_fixed,4x4,medium,14,900,C1,2,22.0,9
original_fixed,4x4,medium,14,900,C2,3,61.0,5
original_fixed,4x4,medium,14,900,C3,2,28.0,6
original_fixed,4x4,medium,14,900,C4,4,86.0,10
original_fixed,4x4,medium,14,900,D1,2,22.0,4
original_fixed,4x4,medium,14,900,D2,3,60.0,5
original_fixed,4x4,medium,14,900,D3,9,151.0,14
original_fixed,4x4,medium,14,900,D4,3,72.0,7
original_fixed,4x4,medium,14,900,E1,9,261.0,11
original_fixed,4x4,medium,14,900,E2,7,161.0,11
original_fixed,4x4,medium,14,900,E3,12,376.0,15
original_fixed,4x4,medium,14,900,E4,7,188.0,9
original_fixed,4x4,medium,14,905,B1,3,11.0,7
original_fixed,4x4,medium,14,905,B2,1,1.0,7
original_fixed,4x4,medium,14,905,B3,0,0.0,7
original_fixed,4x4,medium,14,905,B4,0,0.0,5
original_fixed,4x4,medium,14,905,C1,2,6.0,6
original_fixed,4x4,medium,14,905,C2,1,2.0,5
original_fixed,4x4,medium,14,905,C3,0,0.0,5
original_fixed,4x4,medium,14,905,C4,4,12.0,7
original_fixed,4x4,medium,14,905,D1,0,0.0,2
original_fixed,4x4,medium,14,905,D2,0,0.0,5
original_fixed,4x4,medium,14,905,D3,1,9.0,12
original_fixed,4x4,medium,14,905,D4,2,5.0,5
original_fixed,4x4,medium,14,905,E1,2,14.0,9
original_fixed,4x4,medium,14,905,E2,0,0.0,10
original_fixed,4x4,medium,14,905,E3,4,78.0,13
original_fixed,4x4,medium,14,905,E4,1,3.0,6
original_fixed,4x4,medium,14,910,B1,4,28.0,9
original_fixed,4x4,medium,14,910,B2,1,6.0,9
original_fixed,4x4,medium,14,910,B3,0,0.0,9
original_fixed,4x4,medium,14,910,B4,2,6.0,3
original_fixed,4x4,medium,14,910,C1,3,21.0,7
original_fixed,4x4,medium,14,910,C2,1,7.0,6
original_fixed,4x4,medium,14,910,C3,1,2.0,5
original_fixed,4x4,medium,14,910,C4,5,33.0,11
original_fixed,4x4,medium,14,910,D1,0,0.0,2
original_fixed,4x4,medium,14,910,D2,0,0.0,6
original_fixed,4x4,medium,14,910,D3,3,8.0,10
original_fixed,4x4,medium,14,910,D4,3,20.0,5
original_fixed,4x4,medium,14,910,E1,3,15.0,7
original_fixed,4x4,medium,14,910,E2,0,0.0,9
original_fixed,4x4,medium,14,910,E3,2,7.0,15
original_fixed,4x4,medium,14,910,E4,1,8.0,3
original_fixed,4x4,medium,14,915,B1,5,53.0,10
original_fixed,4x4,medium,14,915,B2,2,15.0,10
original_fixed,4x4,medium,14,915,B3,0,0.0,8
original_fixed,4x4,medium,14,915,B4,2,16.0,5
original_fixed,4x4,medium,14,915,C1,3,36.0,4
original_fixed,4x4,medium,14,915,C2,2,13.0,8
original_fixed,4x4,medium,14,915,C3,2,12.0,6
original_fixed,4x4,medium,14,915,C4,4,52.0,11
original_fixed,4x4,medium,14,915,D1,0,0.0,2
original_fixed,4x4,medium,14,915,D2,1,4.0,8
original_fixed,4x4,medium,14,915,D3,5,31.0,8
original_fixed,4x4,medium,14,915,D4,3,35.0,7
original_fixed,4x4,medium,14,915,E1,4,34.0,8
original_fixed,4x4,medium,14,915,E2,2,6.0,9
original_fixed,4x4,medium,14,915,E3,5,25.0,15
original_fixed,4x4,medium,14,915,E4,1,13.0,2
original_fixed,4x4,medium,14,920,B1,5,78.0,9
original_fixed,4x4,medium,14,920,B2,2,25.0,10
original_fixed,4x4,medium,14,920,B3,0,0.0,6
original_fixed,4x4,medium,14,920,B4,2,26.0,6
original_fixed,4x4,medium,14,920,C1,3,51.0,4
original_fixed,4x4,medium,14,920,C2,3,25.0,8
original_fixed,4x4,medium,14,920,C3,3,25.0,7
original_fixed,4x4,medium,14,920,C4,5,77.0,10
original_fixed,4x4,medium,14,920,D1,0,0.0,3
original_fixed,4x4,medium,14,920,D2,1,9.0,7
original_fixed,4x4,medium,14,920,D3,5,56.0,8
original_fixed,4x4,medium,14,920,D4,3,50.0,8
original_fixed,4x4,medium,14,920,E1,2,28.0,7
original_fixed,4x4,medium,14,920,E2,3,20.0,11
original_fixed,4x4,medium,14,920,E3,9,62.0,14
original_fixed,4x4,medium,14,920,E4,1,18.0,1
original_fixed,4x4,medium,14,925,B1,6,104.0,12
original_fixed,4x4,medium,14,925,B2,4,43.0,7
original_fixed,4x4,medium,14,925,B3,1,1.0,5
original_fixed,4x4,medium,14,925,B4,2,36.0,8
original_fixed,4x4,medium,14,925,C1,3,66.0,7
original_fixed,4x4,medium,14,925,C2,4,42.0,7
original_fixed,4x4,medium,14,925,C3,3,40.0,5
original_fixed,4x4,medium,14,925,C4,8,112.0,13
original_fixed,4x4,medium,14,925,D1,0,0.0,3
original_fixed,4x4,medium,14,925,D2,2,17.0,9
original_fixed,4x4,medium,14,925,D3,4,56.0,6
original_fixed,4x4,medium,14,925,D4,3,65.0,7
original_fixed,4x4,medium,14,925,E1,1,24.0,7
original_fixed,4x4,medium,14,925,E2,4,40.0,11
original_fixed,4x4,medium,14,925,E3,10,87.0,13
original_fixed,4x4,medium,14,925,E4,1,23.0,1
original_fixed,4x4,medium,14,930,B1,7,136.0,15
original_fixed,4x4,medium,14,930,B2,5,67.0,8
original_fixed,4x4,medium,14,930,B3,1,6.0,5
original_fixed,4x4,medium,14,930,B4,3,48.0,8
original_fixed,4x4,medium,14,930,C1,4,86.0,9
original_fixed,4x4,medium,14,930,C2,5,66.0,8
original_fixed,4x4,medium,14,930,C3,4,58.0,7
original_fixed,4x4,medium,14,930,C4,9,157.0,12
original_fixed,4x4,medium,14,930,D1,1,5.0,5
original_fixed,4x4,medium,14,930,D2,2,27.0,8
original_fixed,4x4,medium,14,930,D3,4,76.0,7
original_fixed,4x4,medium,14,930,D4,5,84.0,9
original_fixed,4x4,medium,14,930,E1,1,29.0,8
original_fixed,4x4,medium,14,930,E2,5,63.0,11
original_fixed,4x4,medium,14,930,E3,5,62.0,11
original_fixed,4x4,medium,14,930,E4,1,28.0,5
original_fixed,4x4,medium,14,935,B1,7,171.0,16
original_fixed,4x4,medium,14,935,B2,5,92.0,7
original_fixed,4x4,medium,14,935,B3,3,16.0,6
original_fixed,4x4,medium,14,935,B4,3,63.0,7
original_fixed,4x4,medium,14,935,C1,4,106.0,9
original_fixed,4x4,medium,14,935,C2,6,95.0,9
original_fixed,4x4,medium,14,935,C3,4,78.0,6
original_fixed,4x4,medium,14,935,C4,9,202.0,12
original_fixed,4x4,medium,14,935,D1,2,12.0,7
original_fixed,4x4,medium,14,935,D2,2,37.0,6
original_fixed,4x4,medium,14,935,D3,4,96.0,6
original_fixed,4x4,medium,14,935,D4,5,109.0,11
original_fixed,4x4,medium,14,935,E1,2,37.0,7
original_fixed,4x4,medium,14,935,E2,6,89.0,11
original_fixed,4x4,medium,14,935,E3,2,44.0,10
original_fixed,4x4,medium,14,935,E4,1,33.0,8
original_fixed,4x4,medium,14,940,B1,7,206.0,13
original_fixed,4x4,medium,14,940,B2,5,117.0,8
original_fixed,4x4,medium,14,940,B3,2,26.0,6
original_fixed,4x4,medium,14,940,B4,3,78.0,7
original_fixed,4x4,medium,14,940,C1,5,129.0,8
original_fixed,4x4,medium,14,940,C2,6,125.0,10
original_fixed,4x4,medium,14,940,C3,4,98.0,7
original_fixed,4x4,medium,14,940,C4,9,247.0,11
original_fixed,4x4,medium,14,940,D1,3,25.0,9
original_fixed,4x4,medium,14,940,D2,2,47.0,5
original_fixed,4x4,medium,14,940,D3,4,116.0,7
original_fixed,4x4,medium,14,940,D4,6,139.0,10
original_fixed,4x4,medium,14,940,E1,2,47.0,6
original_fixed,4x4,medium,14,940,E2,7,121.0,9
original_fixed,4x4,medium,14,940,E3,4,61.0,9
original_fixed,4x4,medium,14,940,E4,1,38.0,9
original_fixed,4x4,medium,14,945,B1,7,241.0,11
original_fixed,4x4,medium,14,945,B2,5,142.0,9
original_fixed,4x4,medium,14,945,B3,2,36.0,6
original_fixed,4x4,medium,14,945,B4,3,93.0,6
original_fixed,4x4,medium,14,945,C1,8,163.0,8
original_fixed,4x4,medium,14,945,C2,7,159.0,11
original_fixed,4x4,medium,14,945,C3,5,121.0,6
original_fixed,4x4,medium,14,945,C4,10,296.0,10
original_fixed,4x4,medium,14,945,D1,3,40.0,8
original_fixed,4x4,medium,14,945,D2,4,60.0,5
original_fixed,4x4,medium,14,945,D3,5,140.0,6
original_fixed,4x4,medium,14,945,D4,6,169.0,10
original_fixed,4x4,medium,14,945,E1,3,59.0,5
original_fixed,4x4,medium,14,945,E2,8,157.0,10
original_fixed,4x4,medium,14,945,E3,4,81.0,8
original_fixed,4x4,medium,14,945,E4,1,43.0,9
original_fixed,4x4,medium,14,950,B1,4,11.0,9
original_fixed,4x4,medium,14,950,B2,1,4.0,7
original_fixed,4x4,medium,14,950,B3,1,5.0,6
original_fixed,4x4,medium,14,950,B4,1,4.0,4
original_fixed,4x4,medium,14,950,C1,0,0.0,5
original_fixed,4x4,medium,14,950,C2,1,4.0,10
original_fixed,4x4,medium,14,950,C3,0,0.0,6
original_fixed,4x4,medium,14,950,C4,0,0.0,9
original_fixed,4x4,medium,14,950,D1,2,5.0,5
original_fixed,4x4,medium,14,950,D2,1,1.0,5
original_fixed,4x4,medium,14,950,D3,0,0.0,3
original_fixed,4x4,medium,14,950,D4,0,0.0,9
original_fixed,4x4,medium,14,950,E1,0,0.0,4
original_fixed,4x4,medium,14,950,E2,0,0.0,6
original_fixed,4x4,medium,14,950,E3,1,4.0,6
original_fixed,4x4,medium,14,950,E4,2,5.0,8
original_fixed,4x4,medium,14,955,B1,6,36.0,8
original_fixed,4x4,medium,14,955,B2,1,9.0,7
original_fixed,4x4,medium,14,955,B3,2,15.0,6
original_fixed,4x4,medium,14,955,B4,1,9.0,4
original_fixed,4x4,medium,14,955,C1,1,1.0,7
original_fixed,4x4,medium,14,955,C2,2,12.0,9
original_fixed,4x4,medium,14,955,C3,0,0.0,8
original_fixed,4x4,medium,14,955,C4,3,9.0,10
original_fixed,4x4,medium,14,955,D1,4,21.0,7
original_fixed,4x4,medium,14,955,D2,0,0.0,7
original_fixed,4x4,medium,14,955,D3,0,0.0,3
original_fixed,4x4,medium,14,955,D4,1,5.0,12
original_fixed,4x4,medium,14,955,E1,2,6.0,4
original_fixed,4x4,medium,14,955,E2,0,0.0,3
original_fixed,4x4,medium,14,955,E3,1,9.0,5
original_fixed,4x4,medium,14,955,E4,5,26.0,9
original_fixed,4x4,medium,14,960,B1,4,50.0,6
original_fixed,4x4,medium,14,960,B2,1,14.0,6
original_fixed,4x4,medium,14,960,B3,3,27.0,7
original_fixed,4x4,medium,14,960,B4,2,19.0,4
original_fixed,4x4,medium,14,960,C1,1,6.0,7
original_fixed,4x4,medium,14,960,C2,3,25.0,8
original_fixed,4x4,medium,14,960,C3,0,0.0,8
original_fixed,4x4,medium,14,960,C4,2,10.0,8
original_fixed,4x4,medium,14,960,D1,4,41.0,12
original_fixed,4x4,medium,14,960,D2,0,0.0,9
original_fixed,4x4,medium,14,960,D3,1,4.0,3
original_fixed,4x4,medium,14,960,D4,1,10.0,13
original_fixed,4x4,medium,14,960,E1,2,16.0,5
original_fixed,4x4,medium,14,960,E2,0,0.0,2
original_fixed,4x4,medium,14,960,E3,3,22.0,5
original_fixed,4x4,medium,14,960,E4,6,55.0,10
original_fixed,4x4,medium,14,965,B1,4,70.0,8
original_fixed,4x4,medium,14,965,B2,2,23.0,7
original_fixed,4x4,medium,14,965,B3,3,42.0,9
original_fixed,4x4,medium,14,965,B4,3,33.0,5
original_fixed,4x4,medium,14,965,C1,1,11.0,6
original_fixed,4x4,medium,14,965,C2,3,40.0,6
original_fixed,4x4,medium,14,965,C3,0,0.0,9
original_fixed,4x4,medium,14,965,C4,1,1.0,7
original_fixed,4x4,medium,14,965,D1,4,61.0,12
original_fixed,4x4,medium,14,965,D2,2,5.0,8
original_fixed,4x4,medium,14,965,D3,1,9.0,4
original_fixed,4x4,medium,14,965,D4,2,20.0,13
original_fixed,4x4,medium,14,965,E1,3,29.0,5
original_fixed,4x4,medium,14,965,E2,0,0.0,3
original_fixed,4x4,medium,14,965,E3,3,37.0,5
original_fixed,4x4,medium,14,965,E4,6,85.0,11
original_fixed,4x4,medium,14,970,B1,4,90.0,8
original_fixed,4x4,medium,14,970,B2,3,36.0,8
original_fixed,4x4,medium,14,970,B3,4,61.0,9
original_fixed,4x4,medium,14,970,B4,3,48.0,5
original_fixed,4x4,medium,14,970,C1,3,22.0,6
original_fixed,4x4,medium,14,970,C2,4,59.0,6
original_fixed,4x4,medium,14,970,C3,1,2.0,9
original_fixed,4x4,medium,14,970,C4,2,9.0,7
original_fixed,4x4,medium,14,970,D1,4,81.0,10
original_fixed,4x4,medium,14,970,D2,2,15.0,9
original_fixed,4x4,medium,14,970,D3,1,14.0,5
original_fixed,4x4,medium,14,970,D4,4,35.0,9
original_fixed,4x4,medium,14,970,E1,3,44.0,4
original_fixed,4x4,medium,14,970,E2,0,0.0,4
original_fixed,4x4,medium,14,970,E3,4,56.0,5
original_fixed,4x4,medium,14,970,E4,6,115.0,12
original_fixed,4x4,medium,14,975,B1,5,111.0,9
original_fixed,4x4,medium,14,975,B2,4,52.0,8
original_fixed,4x4,medium,14,975,B3,5,84.0,9
original_fixed,4x4,medium,14,975,B4,3,63.0,6
original_fixed,4x4,medium,14,975,C1,1,6.0,6
original_fixed,4x4,medium,14,975,C2,4,79.0,7
original_fixed,4x4,medium,14,975,C3,3,11.0,9
original_fixed,4x4,medium,14,975,C4,3,24.0,5
original_fixed,4x4,medium,14,975,D1,5,103.0,11
original_fixed,4x4,medium,14,975,D2,3,30.0,9
original_fixed,4x4,medium,14,975,D3,2,23.0,6
original_fixed,4x4,medium,14,975,D4,6,60.0,10
original_fixed,4x4,medium,14,975,E1,3,59.0,4
original_fixed,4x4,medium,14,975,E2,1,5.0,3
original_fixed,4x4,medium,14,975,E3,4,76.0,5
original_fixed,4x4,medium,14,975,E4,6,145.0,13
original_fixed,4x4,medium,14,980,B1,6,138.0,10
original_fixed,4x4,medium,14,980,B2,4,72.0,9
original_fixed,4x4,medium,14,980,B3,5,109.0,9
original_fixed,4x4,medium,14,980,B4,3,78.0,5
original_fixed,4x4,medium,14,980,C1,1,2.0,4
original_fixed,4x4,medium,14,980,C2,4,99.0,7
original_fixed,4x4,medium,14,980,C3,6,32.0,9
original_fixed,4x4,medium,14,980,C4,4,42.0,6
original_fixed,4x4,medium,14,980,D1,7,135.0,10
original_fixed,4x4,medium,14,980,D2,3,45.0,10
original_fixed,4x4,medium,14,980,D3,2,33.0,5
original_fixed,4x4,medium,14,980,D4,7,91.0,9
original_fixed,4x4,medium,14,980,E1,3,74.0,4
original_fixed,4x4,medium,14,980,E2,1,10.0,3
original_fixed,4x4,medium,14,980,E3,4,96.0,5
original_fixed,4x4,medium,14,980,E4,6,175.0,10
original_fixed,4x4,medium,14,985,B1,7,169.0,11
original_fixed,4x4,medium,14,985,B2,6,99.0,9
original_fixed,4x4,medium,14,985,B3,6,137.0,8
original_fixed,4x4,medium,14,985,B4,4,94.0,5
original_fixed,4x4,medium,14,985,C1,1,7.0,4
original_fixed,4x4,medium,14,985,C2,4,119.0,8
original_fixed,4x4,medium,14,985,C3,7,67.0,8
original_fixed,4x4,medium,14,985,C4,4,62.0,5
original_fixed,4x4,medium,14,985,D1,7,170.0,11
original_fixed,4x4,medium,14,985,D2,4,61.0,10
original_fixed,4x4,medium,14,985,D3,3,45.0,5
original_fixed,4x4,medium,14,985,D4,8,131.0,10
original_fixed,4x4,medium,14,985,E1,3,89.0,4
original_fixed,4x4,medium,14,985,E2,1,15.0,5
original_fixed,4x4,medium,14,985,E3,4,116.0,6
original_fixed,4x4,medium,14,985,E4,7,209.0,10
original_fixed,4x4,medium,14,990,B1,7,204.0,12
original_fixed,4x4,medium,14,990,B2,6,129.0,10
original_fixed,4x4,medium,14,990,B3,6,167.0,8
original_fixed,4x4,medium,14,990,B4,4,114.0,5
original_fixed,4x4,medium,14,990,C1,2,15.0,6
original_fixed,4x4,medium,14,990,C2,4,139.0,7
original_fixed,4x4,medium,14,990,C3,8,105.0,8
original_fixed,4x4,medium,14,990,C4,4,82.0,6
original_fixed,4x4,medium,14,990,D1,8,207.0,11
original_fixed,4x4,medium,14,990,D2,6,87.0,10
original_fixed,4x4,medium,14,990,D3,3,60.0,6
original_fixed,4x4,medium,14,990,D4,8,171.0,11
original_fixed,4x4,medium,14,990,E1,3,104.0,5
original_fixed,4x4,medium,14,990,E2,1,20.0,5
original_fixed,4x4,medium,14,990,E3,5,139.0,8
original_fixed,4x4,medium,14,990,E4,7,244.0,9
original_fixed,4x4,medium,14,995,B1,1,1.0,11
original_fixed,4x4,medium,14,995,B2,0,0.0,10
original_fixed,4x4,medium,14,995,B3,1,1.0,8
original_fixed,4x4,medium,14,995,B4,1,5.0,4
original_fixed,4x4,medium,14,995,C1,0,0.0,4
original_fixed,4x4,medium,14,995,C2,1,4.0,5
original_fixed,4x4,medium,14,995,C3,0,0.0,6
original_fixed,4x4,medium,14,995,C4,1,3.0,6
original_fixed,4x4,medium,14,995,D1,2,10.0,10
original_fixed,4x4,medium,14,995,D2,3,10.0,9
original_fixed,4x4,medium,14,995,D3,1,1.0,7
original_fixed,4x4,medium,14,995,D4,0,0.0,7
original_fixed,4x4,medium,14,995,E1,0,0.0,4
original_fixed,4x4,medium,14,995,E2,1,5.0,4
original_fixed,4x4,medium,14,995,E3,0,0.0,7
original_fixed,4x4,medium,14,995,E4,4,60.0,7
original_fixed,4x4,medium,14,1000,B1,6,16.0,10
original_fixed,4x4,medium,14,1000,B2,1,3.0,11
original_fixed,4x4,medium,14,1000,B3,0,0.0,6
original_fixed,4x4,medium,14,1000,B4,1,10.0,4
original_fixed,4x4,medium,14,1000,C1,0,0.0,4
original_fixed,4x4,medium,14,1000,C2,3,15.0,9
original_fixed,4x4,medium,14,1000,C3,0,0.0,6
original_fixed,4x4,medium,14,1000,C4,1,8.0,8
original_fixed,4x4,medium,14,1000,D1,4,14.0,11
original_fixed,4x4,medium,14,1000,D2,2,17.0,7
original_fixed,4x4,medium,14,1000,D3,1,6.0,10
original_fixed,4x4,medium,14,1000,D4,3,11.0,5
original_fixed,4x4,medium,14,1000,E1,0,0.0,4
original_fixed,4x4,medium,14,1000,E2,2,12.0,3
original_fixed,4x4,medium,14,1000,E3,0,0.0,6
original_fixed,4x4,medium,14,1000,E4,2,17.0,9
original_fixed,4x4,medium,14,1005,B1,6,46.0,10
original_fixed,4x4,medium,14,1005,B2,1,8.0,12
original_fixed,4x4,medium,14,1005,B3,0,0.0,5
original_fixed,4x4,medium,14,1005,B4,1,15.0,5
original_fixed,4x4,medium,14,1005,C1,1,4.0,5
original_fixed,4x4,medium,14,1005,C2,4,35.0,11
original_fixed,4x4,medium,14,1005,C3,0,0.0,6
original_fixed,4x4,medium,14,1005,C4,1,13.0,8
original_fixed,4x4,medium,14,1005,D1,2,21.0,11
original_fixed,4x4,medium,14,1005,D2,2,27.0,6
original_fixed,4x4,medium,14,1005,D3,2,14.0,13
original_fixed,4x4,medium,14,1005,D4,2,16.0,4
original_fixed,4x4,medium,14,1005,E1,1,3.0,5
original_fixed,4x4,medium,14,1005,E2,3,25.0,3
original_fixed,4x4,medium,14,1005,E3,1,5.0,5
original_fixed,4x4,medium,14,1005,E4,2,27.0,9
original_fixed,4x4,medium,14,1010,B1,4,39.0,9
original_fixed,4x4,medium,14,1010,B2,2,15.0,11
original_fixed,4x4,medium,14,1010,B3,0,0.0,5
original_fixed,4x4,medium,14,1010,B4,1,20.0,3
original_fixed,4x4,medium,14,1010,C1,1,9.0,5
original_fixed,4x4,medium,14,1010,C2,5,56.0,12
original_fixed,4x4,medium,14,1010,C3,0,0.0,3
original_fixed,4x4,medium,14,1010,C4,1,18.0,10
original_fixed,4x4,medium,14,1010,D1,2,31.0,11
original_fixed,4x4,medium,14,1010,D2,2,37.0,5
original_fixed,4x4,medium,14,1010,D3,3,29.0,12
original_fixed,4x4,medium,14,1010,D4,1,12.0,3
original_fixed,4x4,medium,14,1010,E1,1,8.0,7
original_fixed,4x4,medium,14,1010,E2,3,40.0,3
original_fixed,4x4,medium,14,1010,E3,2,12.0,4
original_fixed,4x4,medium,14,1010,E4,2,37.0,11
original_fixed,4x4,medium,14,1015,B1,3,43.0,11
original_fixed,4x4,medium,14,1015,B2,5,33.0,12
original_fixed,4x4,medium,14,1015,B3,2,2.0,4
original_fixed,4x4,medium,14,1015,B4,1,25.0,6
original_fixed,4x4,medium,14,1015,C1,1,14.0,5
original_fixed,4x4,medium,14,1015,C2,6,85.0,12
original_fixed,4x4,medium,14,1015,C3,0,0.0,4
original_fixed,4x4,medium,14,1015,C4,2,25.0,8
original_fixed,4x4,medium,14,1015,D1,3,45.0,8
original_fixed,4x4,medium,14,1015,D2,2,47.0,5
original_fixed,4x4,medium,14,1015,D3,5,49.0,10
original_fixed,4x4,medium,14,1015,D4,1,17.0,5
original_fixed,4x4,medium,14,1015,E1,2,14.0,7
original_fixed,4x4,medium,14,1015,E2,3,55.0,3
original_fixed,4x4,medium,14,1015,E3,2,22.0,4
original_fixed,4x4,medium,14,1015,E4,3,49.0,9
original_fixed,4x4,medium,14,1020,B1,3,58.0,10
original_fixed,4x4,medium,14,1020,B2,4,52.0,9
original_fixed,4x4,medium,14,1020,B3,3,15.0,5
original_fixed,4x4,medium,14,1020,B4,2,35.0,6
original_fixed,4x4,medium,14,1020,C1,4,27.0,8
original_fixed,4x4,medium,14,1020,C2,4,51.0,11
original_fixed,4x4,medium,14,1020,C3,3,8.0,5
original_fixed,4x4,medium,14,1020,C4,3,40.0,7
original_fixed,4x4,medium,14,1020,D1,5,65.0,7
original_fixed,4x4,medium,14,1020,D2,2,57.0,5
original_fixed,4x4,medium,14,1020,D3,7,78.0,9
original_fixed,4x4,medium,14,1020,D4,1,22.0,5
original_fixed,4x4,medium,14,1020,E1,3,26.0,6
original_fixed,4x4,medium,14,1020,E2,3,70.0,4
original_fixed,4x4,medium,14,1020,E3,3,37.0,5
original_fixed,4x4,medium,14,1020,E4,3,64.0,7
original_fixed,4x4,medium,14,1025,B1,3,73.0,10
original_fixed,4x4,medium,14,1025,B2,5,77.0,9
original_fixed,4x4,medium,14,1025,B3,2,12.0,7
original_fixed,4x4,medium,14,1025,B4,2,45.0,5
original_fixed,4x4,medium,14,1025,C1,5,48.0,12
original_fixed,4x4,medium,14,1025,C2,3,65.0,9
original_fixed,4x4,medium,14,1025,C3,3,23.0,5
original_fixed,4x4,medium,14,1025,C4,4,56.0,6
original_fixed,4x4,medium,14,1025,D1,6,91.0,6
original_fixed,4x4,medium,14,1025,D2,2,67.0,4
original_fixed,4x4,medium,14,1025,D3,7,113.0,8
original_fixed,4x4,medium,14,1025,D4,1,27.0,5
original_fixed,4x4,medium,14,1025,E1,5,50.0,8
original_fixed,4x4,medium,14,1025,E2,3,85.0,5
original_fixed,4x4,medium,14,1025,E3,3,52.0,6
original_fixed,4x4,medium,14,1025,E4,4,81.0,6
original_fixed,4x4,medium,14,1030,B1,3,88.0,9
original_fixed,4x4,medium,14,1030,B2,7,107.0,9
original_fixed,4x4,medium,14,1030,B3,2,22.0,6
original_fixed,4x4,medium,14,1030,B4,2,55.0,9
original_fixed,4x4,medium,14,1030,C1,5,73.0,15
original_fixed,4x4,medium,14,1030,C2,4,85.0,8
original_fixed,4x4,medium,14,1030,C3,3,38.0,6
original_fixed,4x4,medium,14,1030,C4,5,79.0,8
original_fixed,4x4,medium,14,1030,D1,6,121.0,6
original_fixed,4x4,medium,14,1030,D2,2,77.0,4
original_fixed,4x4,medium,14,1030,D3,6,128.0,8
original_fixed,4x4,medium,14,1030,D4,1,32.0,9
original_fixed,4x4,medium,14,1030,E1,5,75.0,7
original_fixed,4x4,medium,14,1030,E2,3,100.0,8
original_fixed,4x4,medium,14,1030,E3,3,67.0,5
original_fixed,4x4,medium,14,1030,E4,5,102.0,7
original_fixed,4x4,medium,14,1035,B1,3,103.0,9
original_fixed,4x4,medium,14,1035,B2,7,142.0,9
original_fixed,4x4,medium,14,1035,B3,2,32.0,7
original_fixed,4x4,medium,14,1035,B4,3,69.0,8
original_fixed,4x4,medium,14,1035,C1,7,102.0,14
original_fixed,4x4,medium,14,1035,C2,6,110.0,8
original_fixed,4x4,medium,14,1035,C3,4,54.0,6
original_fixed,4x4,medium,14,1035,C4,5,104.0,9
original_fixed,4x4,medium,14,1035,D1,6,151.0,9
original_fixed,4x4,medium,14,1035,D2,3,91.0,5
original_fixed,4x4,medium,14,1035,D3,7,159.0,7
original_fixed,4x4,medium,14,1035,D4,2,39.0,10
original_fixed,4x4,medium,14,1035,E1,5,100.0,8
original_fixed,4x4,medium,14,1035,E2,3,115.0,7
original_fixed,4x4,medium,14,1035,E3,3,82.0,8
original_fixed,4x4,medium,14,1035,E4,5,127.0,7
original_fixed,4x4,medium,14,1040,B1,3,11.0,7
original_fixed,4x4,medium,14,1040,B2,2,13.0,7
original_fixed,4x4,medium,14,1040,B3,2,7.0,7
original_fixed,4x4,medium,14,1040,B4,0,0.0,7
original_fixed,4x4,medium,14,1040,C1,5,22.0,12
original_fixed,4x4,medium,14,1040,C2,1,7.0,7
original_fixed,4x4,medium,14,1040,C3,0,0.0,6
original_fixed,4x4,medium,14,1040,C4,0,0.0,7
original_fixed,4x4,medium,14,1040,D1,0,0.0,7
original_fixed,4x4,medium,14,1040,D2,0,0.0,4
original_fixed,4x4,medium,14,1040,D3,1,6.0,6
original_fixed,4x4,medium,14,1040,D4,0,0.0,9
original_fixed,4x4,medium,14,1040,E1,1,2.0,6
original_fixed,4x4,medium,14,1040,E2,0,0.0,7
original_fixed,4x4,medium,14,1040,E3,0,0.0,5
original_fixed,4x4,medium,14,1040,E4,0,0.0,4
original_fixed,4x4,medium,14,1045,B1,5,32.0,9
original_fixed,4x4,medium,14,1045,B2,1,4.0,7
original_fixed,4x4,medium,14,1045,B3,3,20.0,9
original_fixed,4x4,medium,14,1045,B4,1,3.0,5
original_fixed,4x4,medium,14,1045,C1,5,24.0,11
original_fixed,4x4,medium,14,1045,C2,2,15.0,9
original_fixed,4x4,medium,14,1045,C3,0,0.0,7
original_fixed,4x4,medium,14,1045,C4,1,1.0,5
original_fixed,4x4,medium,14,1045,D1,0,0.0,7
original_fixed,4x4,medium,14,1045,D2,0,0.0,6
original_fixed,4x4,medium,14,1045,D3,1,11.0,5
original_fixed,4x4,medium,14,1045,D4,1,1.0,8
original_fixed,4x4,medium,14,1045,E1,1,7.0,6
original_fixed,4x4,medium,14,1045,E2,2,4.0,8
original_fixed,4x4,medium,14,1045,E3,0,0.0,7
original_fixed,4x4,medium,14,1045,E4,0,0.0,4
original_fixed,4x4,medium,14,1050,B1,5,57.0,8
original_fixed,4x4,medium,14,1050,B2,1,9.0,4
original_fixed,4x4,medium,14,1050,B3,4,37.0,11
original_fixed,4x4,medium,14,1050,B4,2,11.0,4
original_fixed,4x4,medium,14,1050,C1,5,49.0,8
original_fixed,4x4,medium,14,1050,C2,2,25.0,11
original_fixed,4x4,medium,14,1050,C3,0,0.0,6
original_fixed,4x4,medium,14,1050,C4,3,9.0,6
original_fixed,4x4,medium,14,1050,D1,0,0.0,7
original_fixed,4x4,medium,14,1050,D2,0,0.0,6
original_fixed,4x4,medium,14,1050,D3,1,16.0,6
original_fixed,4x4,medium,14,1050,D4,2,10.0,7
original_fixed,4x4,medium,14,1050,E1,1,12.0,4
original_fixed,4x4,medium,14,1050,E2,2,14.0,8
original_fixed,4x4,medium,14,1050,E3,1,2.0,6
original_fixed,4x4,medium,14,1050,E4,0,0.0,7
original_fixed,4x4,medium,14,1055,B1,5,82.0,8
original_fixed,4x4,medium,14,1055,B2,1,14.0,5
original_fixed,4x4,medium,14,1055,B3,4,57.0,12
original_fixed,4x4,medium,14,1055,B4,3,23.0,6
original_fixed,4x4,medium,14,1055,C1,5,74.0,8
original_fixed,4x4,medium,14,1055,C2,2,35.0,12
original_fixed,4x4,medium,14,1055,C3,1,3.0,6
original_fixed,4x4,medium,14,1055,C4,4,29.0,6
original_fixed,4x4,medium,14,1055,D1,0,0.0,8
original_fixed,4x4,medium,14,1055,D2,0,0.0,6
original_fixed,4x4,medium,14,1055,D3,2,22.0,5
original_fixed,4x4,medium,14,1055,D4,2,20.0,6
original_fixed,4x4,medium,14,1055,E1,1,17.0,5
original_fixed,4x4,medium,14,1055,E2,2,24.0,8
original_fixed,4x4,medium,14,1055,E3,2,10.0,9
original_fixed,4x4,medium,14,1055,E4,0,0.0,6
original_fixed,4x4,medium,14,1060,B1,7,113.0,11
original_fixed,4x4,medium,14,1060,B2,2,22.0,5
original_fixed,4x4,medium,14,1060,B3,6,83.0,13
original_fixed,4x4,medium,14,1060,B4,3,38.0,9
original_fixed,4x4,medium,14,1060,C1,5,99.0,7
original_fixed,4x4,medium,14,1060,C2,2,45.0,10
original_fixed,4x4,medium,14,1060,C3,1,8.0,6
original_fixed,4x4,medium,14,1060,C4,1,16.0,4
original_fixed,4x4,medium,14,1060,D1,0,0.0,8
original_fixed,4x4,medium,14,1060,D2,2,3.0,6
original_fixed,4x4,medium,14,1060,D3,2,32.0,7
original_fixed,4x4,medium,14,1060,D4,2,30.0,4
original_fixed,4x4,medium,14,1060,E1,1,22.0,7
original_fixed,4x4,medium,14,1060,E2,5,42.0,8
original_fixed,4x4,medium,14,1060,E3,4,25.0,8
original_fixed,4x4,medium,14,1060,E4,0,0.0,7
original_fixed,4x4,medium,14,1065,B1,7,148.0,11
original_fixed,4x4,medium,14,1065,B2,3,34.0,6
original_fixed,4x4,medium,14,1065,B3,7,118.0,11
original_fixed,4x4,medium,14,1065,B4,3,53.0,10
original_fixed,4x4,medium,14,1065,C1,5,124.0,8
original_fixed,4x4,medium,14,1065,C2,5,65.0,9
original_fixed,4x4,medium,14,1065,C3,1,13.0,7
original_fixed,4x4,medium,14,1065,C4,1,21.0,2
original_fixed,4x4,medium,14,1065,D1,1,3.0,6
original_fixed,4x4,medium,14,1065,D2,3,16.0,8
original_fixed,4x4,medium,14,1065,D3,3,47.0,9
original_fixed,4x4,medium,14,1065,D4,2,40.0,7
original_fixed,4x4,medium,14,1065,E1,1,27.0,7
original_fixed,4x4,medium,14,1065,E2,5,67.0,8
original_fixed,4x4,medium,14,1065,E3,4,45.0,9
original_fixed,4x4,medium,14,1065,E4,0,0.0,6
original_fixed,4x4,medium,14,1070,B1,7,183.0,12
original_fixed,4x4,medium,14,1070,B2,3,49.0,7
original_fixed,4x4,medium,14,1070,B3,8,154.0,9
original_fixed,4x4,medium,14,1070,B4,3,68.0,9
original_fixed,4x4,medium,14,1070,C1,5,149.0,8
original_fixed,4x4,medium,14,1070,C2,7,96.0,11
original_fixed,4x4,medium,14,1070,C3,2,23.0,5
original_fixed,4x4,medium,14,1070,C4,1,26.0,3
original_fixed,4x4,medium,14,1070,D1,2,10.0,4
original_fixed,4x4,medium,14,1070,D2,3,31.0,6
original_fixed,4x4,medium,14,1070,D3,3,62.0,8
original_fixed,4x4,medium,14,1070,D4,2,50.0,9
original_fixed,4x4,medium,14,1070,E1,1,32.0,8
original_fixed,4x4,medium,14,1070,E2,5,92.0,6
original_fixed,4x4,medium,14,1070,E3,5,68.0,8
original_fixed,4x4,medium,14,1070,E4,1,4.0,6
original_fixed,4x4,medium,14,1075,B1,9,222.0,12
original_fixed,4x4,medium,14,1075,B2,3,64.0,6
original_fixed,4x4,medium,14,1075,B3,8,194.0,8
original_fixed,4x4,medium,14,1075,B4,6,91.0,8
original_fixed,4x4,medium,14,1075,C1,5,174.0,9
original_fixed,4x4,medium,14,1075,C2,7,131.0,12
original_fixed,4x4,medium,14,1075,C3,2,33.0,5
original_fixed,4x4,medium,14,1075,C4,2,35.0,6
original_fixed,4x4,medium,14,1075,D1,2,20.0,5
original_fixed,4x4,medium,14,1075,D2,3,46.0,5
original_fixed,4x4,medium,14,1075,D3,3,77.0,7
original_fixed,4x4,medium,14,1075,D4,2,60.0,8
original_fixed,4x4,medium,14,1075,E1,2,38.0,6
original_fixed,4x4,medium,14,1075,E2,6,120.0,8
original_fixed,4x4,medium,14,1075,E3,5,93.0,8
original_fixed,4x4,medium,14,1075,E4,1,9.0,7
original_fixed,4x4,medium,14,1080,B1,10,272.0,13
original_fixed,4x4,medium,14,1080,B2,3,79.0,7
original_fixed,4x4,medium,14,1080,B3,8,234.0,9
original_fixed,4x4,medium,14,1080,B4,7,122.0,8
original_fixed,4x4,medium,14,1080,C1,5,199.0,10
original_fixed,4x4,medium,14,1080,C2,7,166.0,14
original_fixed,4x4,medium,14,1080,C3,3,48.0,6
original_fixed,4x4,medium,14,1080,C4,2,45.0,7
original_fixed,4x4,medium,14,1080,D1,3,35.0,6
original_fixed,4x4,medium,14,1080,D2,3,61.0,3
original_fixed,4x4,medium,14,1080,D3,6,101.0,7
original_fixed,4x4,medium,14,1080,D4,2,70.0,7
original_fixed,4x4,medium,14,1080,E1,3,49.0,6
original_fixed,4x4,medium,14,1080,E2,6,150.0,10
original_fixed,4x4,medium,14,1080,E3,6,120.0,9
original_fixed,4x4,medium,14,1080,E4,3,17.0,6
original_fixed,4x4,medium,14,1085,B1,2,11.0,10
original_fixed,4x4,medium,14,1085,B2,0,0.0,7
original_fixed,4x4,medium,14,1085,B3,0,0.0,8
original_fixed,4x4,medium,14,1085,B4,0,0.0,5
original_fixed,4x4,medium,14,1085,C1,0,0.0,7
original_fixed,4x4,medium,14,1085,C2,2,8.0,12
original_fixed,4x4,medium,14,1085,C3,0,0.0,6
original_fixed,4x4,medium,14,1085,C4,0,0.0,6
original_fixed,4x4,medium,14,1085,D1,1,1.0,3
original_fixed,4x4,medium,14,1085,D2,0,0.0,1
original_fixed,4x4,medium,14,1085,D3,2,14.0,6
original_fixed,4x4,medium,14,1085,D4,4,10.0,8
original_fixed,4x4,medium,14,1085,E1,3,10.0,5
original_fixed,4x4,medium,14,1085,E2,1,2.0,8
original_fixed,4x4,medium,14,1085,E3,1,1.0,8
original_fixed,4x4,medium,14,1085,E4,1,6.0,5
original_fixed,4x4,medium,14,1090,B1,1,5.0,7
original_fixed,4x4,medium,14,1090,B2,3,10.0,11
original_fixed,4x4,medium,14,1090,B3,0,0.0,6
original_fixed,4x4,medium,14,1090,B4,0,0.0,4
original_fixed,4x4,medium,14,1090,C1,2,6.0,8
original_fixed,4x4,medium,14,1090,C2,3,20.0,8
original_fixed,4x4,medium,14,1090,C3,1,2.0,9
original_fixed,4x4,medium,14,1090,C4,0,0.0,8
original_fixed,4x4,medium,14,1090,D1,0,0.0,3
original_fixed,4x4,medium,14,1090,D2,0,0.0,4
original_fixed,4x4,medium,14,1090,D3,2,24.0,6
original_fixed,4x4,medium,14,1090,D4,4,30.0,7
original_fixed,4x4,medium,14,1090,E1,3,25.0,5
original_fixed,4x4,medium,14,1090,E2,1,3.0,9
original_fixed,4x4,medium,14,1090,E3,3,13.0,6
original_fixed,4x4,medium,14,1090,E4,1,11.0,5
original_fixed,4x4,medium,14,1095,B1,2,15.0,6
original_fixed,4x4,medium,14,1095,B2,4,29.0,13
original_fixed,4x4,medium,14,1095,B3,0,0.0,5
original_fixed,4x4,medium,14,1095,B4,0,0.0,3
original_fixed,4x4,medium,14,1095,C1,4,24.0,8
original_fixed,4x4,medium,14,1095,C2,4,39.0,6
original_fixed,4x4,medium,14,1095,C3,2,9.0,11
original_fixed,4x4,medium,14,1095,C4,2,7.0,9
original_fixed,4x4,medium,14,1095,D1,0,0.0,2
original_fixed,4x4,medium,14,1095,D2,0,0.0,8
original_fixed,4x4,medium,14,1095,D3,2,34.0,6
original_fixed,4x4,medium,14,1095,D4,4,50.0,8
original_fixed,4x4,medium,14,1095,E1,3,40.0,6
original_fixed,4x4,medium,14,1095,E2,3,7.0,7
original_fixed,4x4,medium,14,1095,E3,3,28.0,6
original_fixed,4x4,medium,14,1095,E4,2,19.0,5
original_fixed,4x4,medium,14,1100,B1,1,15.0,4
original_fixed,4x4,medium,14,1100,B2,6,53.0,15
original_fixed,4x4,medium,14,1100,B3,1,1.0,3
original_fixed,4x4,medium,14,1100,B4,0,0.0,3
original_fixed,4x4,medium,14,1100,C1,4,44.0,9
original_fixed,4x4,medium,14,1100,C2,4,59.0,6
original_fixed,4x4,medium,14,1100,C3,3,20.0,9
original_fixed,4x4,medium,14,1100,C4,4,22.0,8
original_fixed,4x4,medium,14,1100,D1,0,0.0,3
original_fixed,4x4,medium,14,1100,D2,0,0.0,9
original_fixed,4x4,medium,14,1100,D3,2,44.0,5
original_fixed,4x4,medium,14,1100,D4,5,71.0,7
original_fixed,4x4,medium,14,1100,E1,3,55.0,5
original_fixed,4x4,medium,14,1100,E2,4,27.0,6
original_fixed,4x4,medium,14,1100,E3,3,43.0,6
original_fixed,4x4,medium,14,1100,E4,2,29.0,3
original_fixed,4x4,medium,14,1105,B1,2,23.0,4
original_fixed,4x4,medium,14,1105,B2,8,90.0,16
original_fixed,4x4,medium,14,1105,B3,1,6.0,2
original_fixed,4x4,medium,14,1105,B4,0,0.0,2
original_fixed,4x4,medium,14,1105,C1,3,47.0,7
original_fixed,4x4,medium,14,1105,C2,5,82.0,10
original_fixed,4x4,medium,14,1105,C3,3,35.0,5
original_fixed,4x4,medium,14,1105,C4,6,50.0,9
original_fixed,4x4,medium,14,1105,D1,0,0.0,2
original_fixed,4x4,medium,14,1105,D2,1,5.0,11
original_fixed,4x4,medium,14,1105,D3,3,56.0,4
original_fixed,4x4,medium,14,1105,D4,6,100.0,9
original_fixed,4x4,medium,14,1105,E1,3,70.0,4
original_fixed,4x4,medium,14,1105,E2,4,47.0,4
original_fixed,4x4,medium,14,1105,E3,4,63.0,10
original_fixed,4x4,medium,14,1105,E4,2,39.0,2
original_fixed,4x4,medium,14,1110,B1,2,33.0,4
original_fixed,4x4,medium,14,1110,B2,8,130.0,15
original_fixed,4x4,medium,14,1110,B3,1,11.0,5
original_fixed,4x4,medium,14,1110,B4,1,4.0,5
original_fixed,4x4,medium,14,1110,C1,4,50.0,5
original_fixed,4x4,medium,14,1110,C2,5,107.0,11
original_fixed,4x4,medium,14,1110,C3,3,50.0,4
original_fixed,4x4,medium,14,1110,C4,7,84.0,10
original_fixed,4x4,medium,14,1110,D1,0,0.0,2
original_fixed,4x4,medium,14,1110,D2,3,13.0,8
original_fixed,4x4,medium,14,1110,D3,4,75.0,5
original_fixed,4x4,medium,14,1110,D4,7,132.0,9
original_fixed,4x4,medium,14,1110,E1,3,85.0,3
original_fixed,4x4,medium,14,1110,E2,4,67.0,5
original_fixed,4x4,medium,14,1110,E3,4,83.0,12
original_fixed,4x4,medium,14,1110,E4,2,49.0,3
original_fixed,4x4,medium,14,1115,B1,2,43.0,4
original_fixed,4x4,medium,14,1115,B2,9,173.0,15
original_fixed,4x4,medium,14,1115,B3,1,16.0,6
original_fixed,4x4,medium,14,1115,B4,1,9.0,5
original_fixed,4x4,medium,14,1115,C1,5,73.0,6
original_fixed,4x4,medium,14,1115,C2,5,132.0,12
original_fixed,4x4,medium,14,1115,C3,3,65.0,4
original_fixed,4x4,medium,14,1115,C4,7,119.0,10
original_fixed,4x4,medium,14,1115,D1,0,0.0,3
original_fixed,4x4,medium,14,1115,D2,5,34.0,7
original_fixed,4x4,medium,14,1115,D3,4,95.0,7
original_fixed,4x4,medium,14,1115,D4,7,167.0,9
original_fixed,4x4,medium,14,1115,E1,3,100.0,3
original_fixed,4x4,medium,14,1115,E2,4,87.0,6
original_fixed,4x4,medium,14,1115,E3,4,103.0,11
original_fixed,4x4,medium,14,1115,E4,2,59.0,4
original_fixed,4x4,medium,14,1120,B1,2,53.0,6
original_fixed,4x4,medium,14,1120,B2,7,87.0,13
original_fixed,4x4,medium,14,1120,B3,1,21.0,5
original_fixed,4x4,medium,14,1120,B4,1,14.0,4
original_fixed,4x4,medium,14,1120,C1,5,98.0,7
original_fixed,4x4,medium,14,1120,C2,8,166.0,11
original_fixed,4x4,medium,14,1120,C3,3,80.0,4
original_fixed,4x4,medium,14,1120,C4,7,154.0,12
original_fixed,4x4,medium,14,1120,D1,0,0.0,3
original_fixed,4x4,medium,14,1120,D2,6,64.0,7
original_fixed,4x4,medium,14,1120,D3,4,115.0,9
original_fixed,4x4,medium,14,1120,D4,7,202.0,7
original_fixed,4x4,medium,14,1120,E1,3,115.0,3
original_fixed,4x4,medium,14,1120,E2,4,107.0,6
original_fixed,4x4,medium,14,1120,E3,6,127.0,11
original_fixed,4x4,medium,14,1120,E4,2,69.0,5
original_fixed,4x4,medium,14,1125,B1,2,63.0,6
original_fixed,4x4,medium,14,1125,B2,4,77.0,12
original_fixed,4x4,medium,14,1125,B3,1,26.0,6
original_fixed,4x4,medium,14,1125,B4,1,19.0,3
original_fixed,4x4,medium,14,1125,C1,5,123.0,7
original_fixed,4x4,medium,14,1125,C2,8,206.0,12
original_fixed,4x4,medium,14,1125,C3,3,95.0,5
original_fixed,4x4,medium,14,1125,C4,7,189.0,10
original_fixed,4x4,medium,14,1125,D1,1,4.0,3
original_fixed,4x4,medium,14,1125,D2,6,94.0,8
original_fixed,4x4,medium,14,1125,D3,4,135.0,9
original_fixed,4x4,medium,14,1125,D4,7,237.0,8
original_fixed,4x4,medium,14,1125,E1,3,130.0,3
original_fixed,4x4,medium,14,1125,E2,4,127.0,5
original_fixed,4x4,medium,14,1125,E3,9,169.0,11
original_fixed,4x4,medium,14,1125,E4,2,79.0,8
original_fixed,4x4,medium,14,1130,B1,0,0.0,5
original_fixed,4x4,medium,14,1130,B2,2,4.0,10
original_fixed,4x4,medium,14,1130,B3,1,2.0,6
original_fixed,4x4,medium,14,1130,B4,0,0.0,1
original_fixed,4x4,medium,14,1130,C1,0,0.0,4
original_fixed,4x4,medium,14,1130,C2,1,3.0,10
original_fixed,4x4,medium,14,1130,C3,0,0.0,6
original_fixed,4x4,medium,14,1130,C4,1,5.0,9
original_fixed,4x4,medium,14,1130,D1,0,0.0,2
original_fixed,4x4,medium,14,1130,D2,0,0.0,8
original_fixed,4x4,medium,14,1130,D3,0,0.0,8
original_fixed,4x4,medium,14,1130,D4,0,0.0,5
original_fixed,4x4,medium,14,1130,E1,0,0.0,1
original_fixed,4x4,medium,14,1130,E2,0,0.0,4
original_fixed,4x4,medium,14,1130,E3,3,29.0,10
original_fixed,4x4,medium,14,1130,E4,0,0.0,8
original_fixed,4x4,medium,14,1135,B1,1,1.0,4
original_fixed,4x4,medium,14,1135,B2,5,24.0,11
original_fixed,4x4,medium,14,1135,B3,3,14.0,9
original_fixed,4x4,medium,14,1135,B4,0,0.0,0
original_fixed,4x4,medium,14,1135,C1,2,5.0,4
original_fixed,4x4,medium,14,1135,C2,1,8.0,10
original_fixed,4x4,medium,14,1135,C3,0,0.0,7
original_fixed,4x4,medium,14,1135,C4,1,10.0,6
original_fixed,4x4,medium,14,1135,D1,1,5.0,3
original_fixed,4x4,medium,14,1135,D2,0,0.0,5
original_fixed,4x4,medium,14,1135,D3,2,6.0,10
original_fixed,4x4,medium,14,1135,D4,0,0.0,4
original_fixed,4x4,medium,14,1135,E1,0,0.0,1
original_fixed,4x4,medium,14,1135,E2,0,0.0,5
original_fixed,4x4,medium,14,1135,E3,3,7.0,14
original_fixed,4x4,medium,14,1135,E4,1,2.0,8
original_fixed,4x4,medium,14,1140,B1,2,9.0,4
original_fixed,4x4,medium,14,1140,B2,7,58.0,10
original_fixed,4x4,medium,14,1140,B3,4,32.0,11
original_fixed,4x4,medium,14,1140,B4,0,0.0,3
original_fixed,4x4,medium,14,1140,C1,2,15.0,4
original_fixed,4x4,medium,14,1140,C2,1,13.0,9
original_fixed,4x4,medium,14,1140,C3,0,0.0,6
original_fixed,4x4,medium,14,1140,C4,2,19.0,6
original_fixed,4x4,medium,14,1140,D1,1,10.0,3
original_fixed,4x4,medium,14,1140,D2,0,0.0,6
original_fixed,4x4,medium,14,1140,D3,4,21.0,13
original_fixed,4x4,medium,14,1140,D4,0,0.0,3
original_fixed,4x4,medium,14,1140,E1,0,0.0,3
original_fixed,4x4,medium,14,1140,E2,0,0.0,6
original_fixed,4x4,medium,14,1140,E3,6,30.0,14
original_fixed,4x4,medium,14,1140,E4,2,9.0,10
original_fixed,4x4,medium,14,1145,B1,2,19.0,6
original_fixed,4x4,medium,14,1145,B2,8,95.0,11
original_fixed,4x4,medium,14,1145,B3,4,52.0,11
original_fixed,4x4,medium,14,1145,B4,0,0.0,4
original_fixed,4x4,medium,14,1145,C1,2,25.0,3
original_fixed,4x4,medium,14,1145,C2,3,23.0,9
original_fixed,4x4,medium,14,1145,C3,1,1.0,5
original_fixed,4x4,medium,14,1145,C4,3,31.0,5
original_fixed,4x4,medium,14,1145,D1,1,15.0,3
original_fixed,4x4,medium,14,1145,D2,1,3.0,7
original_fixed,4x4,medium,14,1145,D3,5,42.0,14
original_fixed,4x4,medium,14,1145,D4,1,5.0,2
original_fixed,4x4,medium,14,1145,E1,0,0.0,3
original_fixed,4x4,medium,14,1145,E2,0,0.0,6
original_fixed,4x4,medium,14,1145,E3,10,74.0,15
original_fixed,4x4,medium,14,1145,E4,5,28.0,9
original_fixed,4x4,medium,14,1150,B1,3,33.0,5
original_fixed,4x4,medium,14,1150,B2,9,140.0,10
original_fixed,4x4,medium,14,1150,B3,7,84.0,10
original_fixed,4x4,medium,14,1150,B4,0,0.0,5
original_fixed,4x4,medium,14,1150,C1,2,35.0,2
original_fixed,4x4,medium,14,1150,C2,5,43.0,8
original_fixed,4x4,medium,14,1150,C3,3,14.0,5
original_fixed,4x4,medium,14,1150,C4,3,46.0,5
original_fixed,4x4,medium,14,1150,D1,2,21.0,3
original_fixed,4x4,medium,14,1150,D2,3,17.0,7
original_fixed,4x4,medium,14,1150,D3,7,73.0,14
original_fixed,4x4,medium,14,1150,D4,1,10.0,3
original_fixed,4x4,medium,14,1150,E1,0,0.0,3
original_fixed,4x4,medium,14,1150,E2,0,0.0,4
original_fixed,4x4,medium,14,1150,E3,10,124.0,14
original_fixed,4x4,medium,14,1150,E4,6,58.0,12
original_fixed,4x4,medium,14,1155,B1,3,48.0,5
original_fixed,4x4,medium,14,1155,B2,9,185.0,11
original_fixed,4x4,medium,14,1155,B3,8,121.0,10
original_fixed,4x4,medium,14,1155,B4,0,0.0,4
original_fixed,4x4,medium,14,1155,C1,2,45.0,2
original_fixed,4x4,medium,14,1155,C2,6,71.0,7
original_fixed,4x4,medium,14,1155,C3,4,33.0,6
original_fixed,4x4,medium,14,1155,C4,3,61.0,5
original_fixed,4x4,medium,14,1155,D1,2,31.0,4
original_fixed,4x4,medium,14,1155,D2,3,32.0,7
original_fixed,4x4,medium,14,1155,D3,10,115.0,12
original_fixed,4x4,medium,14,1155,D4,1,15.0,3
original_fixed,4x4,medium,14,1155,E1,2,6.0,3
original_fixed,4x4,medium,14,1155,E2,0,0.0,6
original_fixed,4x4,medium,14,1155,E3,11,179.0,14
original_fixed,4x4,medium,14,1155,E4,7,91.0,12
original_fixed,4x4,medium,14,1160,B1,4,66.0,4
original_fixed,4x4,medium,14,1160,B2,9,230.0,12
original_fixed,4x4,medium,14,1160,B3,9,166.0,11
original_fixed,4x4,medium,14,1160,B4,0,0.0,3
original_fixed,4x4,medium,14,1160,C1,2,55.0,3
original_fixed,4x4,medium,14,1160,C2,6,101.0,7
original_fixed,4x4,medium,14,1160,C3,5,57.0,7
original_fixed,4x4,medium,14,1160,C4,4,80.0,5
original_fixed,4x4,medium,14,1160,D1,3,43.0,5
original_fixed,4x4,medium,14,1160,D2,3,33.0,7
original_fixed,4x4,medium,14,1160,D3,10,165.0,11
original_fixed,4x4,medium,14,1160,D4,1,20.0,3
original_fixed,4x4,medium,14,1160,E1,2,16.0,3
original_fixed,4x4,medium,14,1160,E2,0,0.0,9
original_fixed,4x4,medium,14,1160,E3,12,238.0,15
original_fixed,4x4,medium,14,1160,E4,8,130.0,12
original_fixed,4x4,medium,14,1165,B1,4,86.0,4
original_fixed,4x4,medium,14,1165,B2,9,275.0,11
original_fixed,4x4,medium,14,1165,B3,9,211.0,11
original_fixed,4x4,medium,14,1165,B4,0,0.0,2
original_fixed,4x4,medium,14,1165,C1,2,65.0,4
original_fixed,4x4,medium,14,1165,C2,6,131.0,9
original_fixed,4x4,medium,14,1165,C3,5,82.0,8
original_fixed,4x4,medium,14,1165,C4,4,100.0,5
original_fixed,4x4,medium,14,1165,D1,3,58.0,4
original_fixed,4x4,medium,14,1165,D2,3,48.0,5
original_fixed,4x4,medium,14,1165,D3,10,215.0,10
original_fixed,4x4,medium,14,1165,D4,2,26.0,3
original_fixed,4x4,medium,14,1165,E1,2,26.0,4
original_fixed,4x4,medium,14,1165,E2,2,5.0,10
original_fixed,4x4,medium,14,1165,E3,12,298.0,14
original_fixed,4x4,medium,14,1165,E4,8,170.0,11
original_fixed,4x4,medium,14,1170,B1,4,106.0,4
original_fixed,4x4,medium,14,1170,B2,10,323.0,12
original_fixed,4x4,medium,14,1170,B3,10,261.0,12
original_fixed,4x4,medium,14,1170,B4,0,0.0,2
original_fixed,4x4,medium,14,1170,C1,2,75.0,4
original_fixed,4x4,medium,14,1170,C2,6,161.0,9
original_fixed,4x4,medium,14,1170,C3,5,107.0,7
original_fixed,4x4,medium,14,1170,C4,5,124.0,5
original_fixed,4x4,medium,14,1170,D1,3,73.0,4
original_fixed,4x4,medium,14,1170,D2,3,63.0,5
original_fixed,4x4,medium,14,1170,D3,10,265.0,12
original_fixed,4x4,medium,14,1170,D4,2,36.0,4
original_fixed,4x4,medium,14,1170,E1,2,36.0,6
original_fixed,4x4,medium,14,1170,E2,2,15.0,9
original_fixed,4x4,medium,14,1170,E3,12,358.0,14
original_fixed,4x4,medium,14,1170,E4,8,210.0,11
original_fixed,4x4,medium,14,1175,B1,1,1.0,2
original_fixed,4x4,medium,14,1175,B2,5,149.0,10
original_fixed,4x4,medium,14,1175,B3,2,6.0,11
original_fixed,4x4,medium,14,1175,B4,0,0.0,4
original_fixed,4x4,medium,14,1175,C1,0,0.0,3
original_fixed,4x4,medium,14,1175,C2,0,0.0,6
original_fixed,4x4,medium,14,1175,C3,1,2.0,7
original_fixed,4x4,medium,14,1175,C4,0,0.0,3
original_fixed,4x4,medium,14,1175,D1,0,0.0,5
original_fixed,4x4,medium,14,1175,D2,0,0.0,4
original_fixed,4x4,medium,14,1175,D3,1,21.0,10
original_fixed,4x4,medium,14,1175,D4,0,0.0,3
original_fixed,4x4,medium,14,1175,E1,0,0.0,6
original_fixed,4x4,medium,14,1175,E2,2,6.0,6
original_fixed,4x4,medium,14,1175,E3,6,148.0,13
original_fixed,4x4,medium,14,1175,E4,1,1.0,10
original_fixed,4x4,medium,14,1180,B1,0,0.0,3
original_fixed,4x4,medium,14,1180,B2,1,13.0,10
original_fixed,4x4,medium,14,1180,B3,4,14.0,9
original_fixed,4x4,medium,14,1180,B4,1,3.0,7
original_fixed,4x4,medium,14,1180,C1,0,0.0,6
original_fixed,4x4,medium,14,1180,C2,0,0.0,3
original_fixed,4x4,medium,14,1180,C3,2,9.0,10
original_fixed,4x4,medium,14,1180,C4,0,0.0,2
original_fixed,4x4,medium,14,1180,D1,0,0.0,5
original_fixed,4x4,medium,14,1180,D2,0,0.0,8
original_fixed,4x4,medium,14,1180,D3,2,3.0,9
original_fixed,4x4,medium,14,1180,D4,1,1.0,3
original_fixed,4x4,medium,14,1180,E1,0,0.0,6
original_fixed,4x4,medium,14,1180,E2,3,19.0,6
original_fixed,4x4,medium,14,1180,E3,2,10.0,12
original_fixed,4x4,medium,14,1180,E4,2,3.0,9
original_fixed,4x4,medium,14,1185,B1,0,0.0,4
original_fixed,4x4,medium,14,1185,B2,0,0.0,8
original_fixed,4x4,medium,14,1185,B3,5,38.0,7
original_fixed,4x4,medium,14,1185,B4,1,8.0,10
original_fixed,4x4,medium,14,1185,C1,1,3.0,6
original_fixed,4x4,medium,14,1185,C2,2,5.0,4
original_fixed,4x4,medium,14,1185,C3,2,19.0,12
original_fixed,4x4,medium,14,1185,C4,0,0.0,3
original_fixed,4x4,medium,14,1185,D1,0,0.0,7
original_fixed,4x4,medium,14,1185,D2,0,0.0,10
original_fixed,4x4,medium,14,1185,D3,2,13.0,8
original_fixed,4x4,medium,14,1185,D4,1,6.0,4
original_fixed,4x4,medium,14,1185,E1,1,3.0,5
original_fixed,4x4,medium,14,1185,E2,3,34.0,7
original_fixed,4x4,medium,14,1185,E3,0,0.0,11
original_fixed,4x4,medium,14,1185,E4,2,6.0,9
original_fixed,4x4,medium,14,1190,B1,0,0.0,6
original_fixed,4x4,medium,14,1190,B2,1,5.0,6
original_fixed,4x4,medium,14,1190,B3,4,26.0,7
original_fixed,4x4,medium,14,1190,B4,1,13.0,11
original_fixed,4x4,medium,14,1190,C1,1,8.0,4
original_fixed,4x4,medium,14,1190,C2,2,15.0,5
original_fixed,4x4,medium,14,1190,C3,3,30.0,12
original_fixed,4x4,medium,14,1190,C4,0,0.0,5
original_fixed,4x4,medium,14,1190,D1,1,1.0,8
original_fixed,4x4,medium,14,1190,D2,0,0.0,9
original_fixed,4x4,medium,14,1190,D3,1,5.0,9
original_fixed,4x4,medium,14,1190,D4,1,11.0,5
original_fixed,4x4,medium,14,1190,E1,2,9.0,5
original_fixed,4x4,medium,14,1190,E2,3,49.0,7
original_fixed,4x4,medium,14,1190,E3,0,0.0,7
original_fixed,4x4,medium,14,1190,E4,4,24.0,10
original_fixed,4x4,medium,14,1195,B1,0,0.0,5
original_fixed,4x4,medium,14,1195,B2,2,11.0,6
original_fixed,4x4,medium,14,1195,B3,1,8.0,6
original_fixed,4x4,medium,14,1195,B4,1,18.0,7
original_fixed,4x4,medium,14,1195,C1,1,13.0,4
original_fixed,4x4,medium,14,1195,C2,2,25.0,5
original_fixed,4x4,medium,14,1195,C3,5,53.0,12
original_fixed,4x4,medium,14,1195,C4,0,0.0,6
original_fixed,4x4,medium,14,1195,D1,2,8.0,8
original_fixed,4x4,medium,14,1195,D2,1,3.0,5
original_fixed,4x4,medium,14,1195,D3,2,11.0,8
original_fixed,4x4,medium,14,1195,D4,1,16.0,9
original_fixed,4x4,medium,14,1195,E1,2,19.0,5
original_fixed,4x4,medium,14,1195,E2,4,67.0,10
original_fixed,4x4,medium,14,1195,E3,0,0.0,5
original_fixed,4x4,medium,14,1195,E4,4,44.0,9
original_fixed,4x4,medium,14,1200,B1,0,0.0,6
original_fixed,4x4,medium,14,1200,B2,3,23.0,6
original_fixed,4x4,medium,14,1200,B3,1,13.0,4
original_fixed,4x4,medium,14,1200,B4,1,23.0,5
original_fixed,4x4,medium,14,1200,C1,2,22.0,3
original_fixed,4x4,medium,14,1200,C2,2,35.0,5
original_fixed,4x4,medium,14,1200,C3,5,48.0,13
original_fixed,4x4,medium,14,1200,C4,0,0.0,7
original_fixed,4x4,medium,14,1200,D1,4,26.0,7
original_fixed,4x4,medium,14,1200,D2,2,12.0,6
original_fixed,4x4,medium,14,1200,D3,3,22.0,10
original_fixed,4x4,medium,14,1200,D4,2,23.0,9
original_fixed,4x4,medium,14,1200,E1,2,29.0,8
original_fixed,4x4,medium,14,1200,E2,4,87.0,10
original_fixed,4x4,medium,14,1200,E3,0,0.0,3
original_fixed,4x4,medium,14,1200,E4,5,65.0,9
original_fixed,4x4,medium,14,1205,B1,0,0.0,5
original_fixed,4x4,medium,14,1205,B2,3,38.0,6
original_fixed,4x4,medium,14,1205,B3,1,18.0,5
original_fixed,4x4,medium,14,1205,B4,2,30.0,3
original_fixed,4x4,medium,14,1205,C1,2,32.0,4
original_fixed,4x4,medium,14,1205,C2,3,49.0,8
original_fixed,4x4,medium,14,1205,C3,5,56.0,13
original_fixed,4x4,medium,14,1205,C4,0,0.0,5
original_fixed,4x4,medium,14,1205,D1,6,50.0,10
original_fixed,4x4,medium,14,1205,D2,2,22.0,4
original_fixed,4x4,medium,14,1205,D3,4,39.0,10
original_fixed,4x4,medium,14,1205,D4,3,35.0,10
original_fixed,4x4,medium,14,1205,E1,2,39.0,9
original_fixed,4x4,medium,14,1205,E2,4,107.0,9
original_fixed,4x4,medium,14,1205,E3,1,4.0,3
original_fixed,4x4,medium,14,1205,E4,7,97.0,8
original_fixed,4x4,medium,14,1210,B1,0,0.0,5
original_fixed,4x4,medium,14,1210,B2,3,53.0,6
original_fixed,4x4,medium,14,1210,B3,2,27.0,6
original_fixed,4x4,medium,14,1210,B4,3,44.0,5
original_fixed,4x4,medium,14,1210,C1,2,42.0,4
original_fixed,4x4,medium,14,1210,C2,4,66.0,10
original_fixed,4x4,medium,14,1210,C3,7,89.0,13
original_fixed,4x4,medium,14,1210,C4,1,5.0,7
original_fixed,4x4,medium,14,1210,D1,6,80.0,9
original_fixed,4x4,medium,14,1210,D2,2,32.0,5
original_fixed,4x4,medium,14,1210,D3,4,59.0,7
original_fixed,4x4,medium,14,1210,D4,7,62.0,9
original_fixed,4x4,medium,14,1210,E1,4,56.0,12
original_fixed,4x4,medium,14,1210,E2,4,127.0,6
original_fixed,4x4,medium,14,1210,E3,2,14.0,3
original_fixed,4x4,medium,14,1210,E4,7,132.0,8
original_fixed,4x4,medium,14,1215,B1,2,6.0,4
original_fixed,4x4,medium,14,1215,B2,4,70.0,9
original_fixed,4x4,medium,14,1215,B3,3,38.0,6
original_fixed,4x4,medium,14,1215,B4,3,59.0,7
original_fixed,4x4,medium,14,1215,C1,3,56.0,4
original_fixed,4x4,medium,14,1215,C2,4,86.0,11
original_fixed,4x4,medium,14,1215,C3,8,125.0,14
original_fixed,4x4,medium,14,1215,C4,2,11.0,7
original_fixed,4x4,medium,14,1215,D1,6,110.0,9
original_fixed,4x4,medium,14,1215,D2,2,42.0,4
original_fixed,4x4,medium,14,1215,D3,5,81.0,7
original_fixed,4x4,medium,14,1215,D4,7,97.0,11
original_fixed,4x4,medium,14,1215,E1,4,76.0,12
original_fixed,4x4,medium,14,1215,E2,5,148.0,6
original_fixed,4x4,medium,14,1215,E3,2,24.0,4
original_fixed,4x4,medium,14,1215,E4,7,167.0,9
original_fixed,4x4,medium,14,1220,B1,2,9.0,4
original_fixed,4x4,medium,14,1220,B2,2,10.0,10
original_fixed,4x4,medium,14,1220,B3,0,0.0,4
original_fixed,4x4,medium,14,1220,B4,0,0.0,6
original_fixed,4x4,medium,14,1220,C1,0,0.0,3
original_fixed,4x4,medium,14,1220,C2,2,6.0,10
original_fixed,4x4,medium,14,1220,C3,2,15.0,12
original_fixed,4x4,medium,14,1220,C4,2,11.0,7
original_fixed,4x4,medium,14,1220,D1,2,4.0,10
original_fixed,4x4,medium,14,1220,D2,1,2.0,2
original_fixed,4x4,medium,14,1220,D3,0,0.0,5
original_fixed,4x4,medium,14,1220,D4,3,13.0,11
original_fixed,4x4,medium,14,1220,E1,1,3.0,11
original_fixed,4x4,medium,14,1220,E2,1,5.0,4
original_fixed,4x4,medium,14,1220,E3,0,0.0,3
original_fixed,4x4,medium,14,1220,E4,1,5.0,7
original_fixed,4x4,medium,14,1225,B1,3,23.0,4
original_fixed,4x4,medium,14,1225,B2,2,20.0,9
original_fixed,4x4,medium,14,1225,B3,1,1.0,4
original_fixed,4x4,medium,14,1225,B4,1,3.0,6
original_fixed,4x4,medium,14,1225,C1,0,0.0,5
original_fixed,4x4,medium,14,1225,C2,3,17.0,12
original_fixed,4x4,medium,14,1225,C3,4,13.0,15
original_fixed,4x4,medium,14,1225,C4,2,21.0,7
original_fixed,4x4,medium,14,1225,D1,3,17.0,9
original_fixed,4x4,medium,14,1225,D2,2,8.0,3
original_fixed,4x4,medium,14,1225,D3,0,0.0,7
original_fixed,4x4,medium,14,1225,D4,4,13.0,12
original_fixed,4x4,medium,14,1225,E1,5,25.0,12
original_fixed,4x4,medium,14,1225,E2,1,10.0,4
original_fixed,4x4,medium,14,1225,E3,0,0.0,4
original_fixed,4x4,medium,14,1225,E4,0,0.0,6
original_fixed,4x4,medium,14,1230,B1,3,38.0,4
original_fixed,4x4,medium,14,1230,B2,2,30.0,7
original_fixed,4x4,medium,14,1230,B3,1,6.0,5
original_fixed,4x4,medium,14,1230,B4,1,8.0,5
original_fixed,4x4,medium,14,1230,C1,0,0.0,5
original_fixed,4x4,medium,14,1230,C2,4,36.0,15
original_fixed,4x4,medium,14,1230,C3,5,35.0,13
original_fixed,4x4,medium,14,1230,C4,3,36.0,7
original_fixed,4x4,medium,14,1230,D1,3,32.0,8
original_fixed,4x4,medium,14,1230,D2,2,18.0,5
original_fixed,4x4,medium,14,1230,D3,1,3.0,8
original_fixed,4x4,medium,14,1230,D4,7,39.0,14
original_fixed,4x4,medium,14,1230,E1,7,60.0,11
original_fixed,4x4,medium,14,1230,E2,1,15.0,4
original_fixed,4x4,medium,14,1230,E3,0,0.0,6
original_fixed,4x4,medium,14,1230,E4,0,0.0,5
original_fixed,4x4,medium,14,1235,B1,3,53.0,5
original_fixed,4x4,medium,14,1235,B2,4,48.0,5
original_fixed,4x4,medium,14,1235,B3,1,11.0,6
original_fixed,4x4,medium,14,1235,B4,1,13.0,5
original_fixed,4x4,medium,14,1235,C1,0,0.0,6
original_fixed,4x4,medium,14,1235,C2,4,56.0,14
original_fixed,4x4,medium,14,1235,C3,6,61.0,12
original_fixed,4x4,medium,14,1235,C4,3,51.0,6
original_fixed,4x4,medium,14,1235,D1,4,48.0,7
original_fixed,4x4,medium,14,1235,D2,2,28.0,7
original_fixed,4x4,medium,14,1235,D3,2,13.0,7
original_fixed,4x4,medium,14,1235,D4,8,76.0,15
original_fixed,4x4,medium,14,1235,E1,7,95.0,12
original_fixed,4x4,medium,14,1235,E2,1,20.0,4
original_fixed,4x4,medium,14,1235,E3,0,0.0,5
original_fixed,4x4,medium,14,1235,E4,1,4.0,5
original_fixed,4x4,medium,14,1240,B1,3,68.0,6
original_fixed,4x4,medium,14,1240,B2,4,68.0,4
original_fixed,4x4,medium,14,1240,B3,1,16.0,5
original_fixed,4x4,medium,14,1240,B4,2,22.0,4
original_fixed,4x4,medium,14,1240,C1,0,0.0,2
original_fixed,4x4,medium,14,1240,C2,6,82.0,12
original_fixed,4x4,medium,14,1240,C3,8,95.0,11
original_fixed,4x4,medium,14,1240,C4,3,66.0,5
original_fixed,4x4,medium,14,1240,D1,5,72.0,8
original_fixed,4x4,medium,14,1240,D2,2,38.0,6
original_fixed,4x4,medium,14,1240,D3,3,25.0,8
original_fixed,4x4,medium,14,1240,D4,8,69.0,14
original_fixed,4x4,medium,14,1240,E1,9,135.0,13
original_fixed,4x4,medium,14,1240,E2,2,26.0,4
original_fixed,4x4,medium,14,1240,E3,1,1.0,6
original_fixed,4x4,medium,14,1240,E4,3,16.0,5
original_fixed,4x4,medium,14,1245,B1,3,83.0,7
original_fixed,4x4,medium,14,1245,B2,4,88.0,5
original_fixed,4x4,medium,14,1245,B3,2,22.0,5
original_fixed,4x4,medium,14,1245,B4,3,35.0,4
original_fixed,4x4,medium,14,1245,C1,0,0.0,3
original_fixed,4x4,medium,14,1245,C2,9,122.0,11
original_fixed,4x4,medium,14,1245,C3,6,121.0,12
original_fixed,4x4,medium,14,1245,C4,4,85.0,6
original_fixed,4x4,medium,14,1245,D1,5,97.0,7
original_fixed,4x4,medium,14,1245,D2,3,49.0,6
original_fixed,4x4,medium,14,1245,D3,3,40.0,9
original_fixed,4x4,medium,14,1245,D4,4,35.0,13
original_fixed,4x4,medium,14,1245,E1,9,180.0,13
original_fixed,4x4,medium,14,1245,E2,2,36.0,6
original_fixed,4x4,medium,14,1245,E3,3,14.0,6
original_fixed,4x4,medium,14,1245,E4,3,31.0,6
original_fixed,4x4,medium,14,1250,B1,4,99.0,6
original_fixed,4x4,medium,14,1250,B2,4,108.0,6
original_fixed,4x4,medium,14,1250,B3,2,32.0,4
original_fixed,4x4,medium,14,1250,B4,3,50.0,5
original_fixed,4x4,medium,14,1250,C1,0,0.0,3
original_fixed,4x4,medium,14,1250,C2,9,167.0,11
original_fixed,4x4,medium,14,1250,C3,6,151.0,10
original_fixed,4x4,medium,14,1250,C4,4,105.0,6
original_fixed,4x4,medium,14,1250,D1,5,122.0,7
original_fixed,4x4,medium,14,1250,D2,4,68.0,6
original_fixed,4x4,medium,14,1250,D3,3,55.0,9
original_fixed,4x4,medium,14,1250,D4,3,38.0,11
original_fixed,4x4,medium,14,1250,E1,9,225.0,12
original_fixed,4x4,medium,14,1250,E2,3,50.0,6
original_fixed,4x4,medium,14,1250,E3,4,33.0,6
original_fixed,4x4,medium,14,1250,E4,3,46.0,6
original_fixed,4x4,medium,14,1255,B1,4,119.0,5
original_fixed,4x4,medium,14,1255,B2,4,128.0,6
original_fixed,4x4,medium,14,1255,B3,3,46.0,6
original_fixed,4x4,medium,14,1255,B4,4,69.0,5
original_fixed,4x4,medium,14,1255,C1,2,8.0,4
original_fixed,4x4,medium,14,1255,C2,9,212.0,11
original_fixed,4x4,medium,14,1255,C3,6,181.0,9
original_fixed,4x4,medium,14,1255,C4,4,125.0,6
original_fixed,4x4,medium,14,1255,D1,5,147.0,8
original_fixed,4x4,medium,14,1255,D2,4,88.0,6
original_fixed,4x4,medium,14,1255,D3,4,73.0,7
original_fixed,4x4,medium,14,1255,D4,4,57.0,10
original_fixed,4x4,medium,14,1255,E1,10,275.0,10
original_fixed,4x4,medium,14,1255,E2,3,65.0,6
original_fixed,4x4,medium,14,1255,E3,4,53.0,9
original_fixed,4x4,medium,14,1255,E4,4,65.0,8
original_fixed,4x4,medium,14,1260,B1,5,142.0,6
original_fixed,4x4,medium,14,1260,B2,5,151.0,6
original_fixed,4x4,medium,14,1260,B3,3,61.0,9
original_fixed,4x4,medium,14,1260,B4,4,89.0,6
original_fixed,4x4,medium,14,1260,C1,2,18.0,3
original_fixed,4x4,medium,14,1260,C2,11,261.0,12
original_fixed,4x4,medium,14,1260,C3,9,216.0,9
original_fixed,4x4,medium,14,1260,C4,4,145.0,8
original_fixed,4x4,medium,14,1260,D1,6,177.0,8
original_fixed,4x4,medium,14,1260,D2,4,108.0,7
original_fixed,4x4,medium,14,1260,D3,5,98.0,7
original_fixed,4x4,medium,14,1260,D4,4,77.0,9
original_fixed,4x4,medium,14,1260,E1,10,325.0,10
original_fixed,4x4,medium,14,1260,E2,4,81.0,7
original_fixed,4x4,medium,14,1260,E3,5,78.0,8
original_fixed,4x4,medium,14,1260,E4,5,89.0,9
original_fixed,4x4,medium,14,1265,B1,0,0.0,5
original_fixed,4x4,medium,14,1265,B2,0,0.0,5
original_fixed,4x4,medium,14,1265,B3,0,0.0,7
original_fixed,4x4,medium,14,1265,B4,0,0.0,6
original_fixed,4x4,medium,14,1265,C1,0,0.0,2
original_fixed,4x4,medium,14,1265,C2,4,59.0,11
original_fixed,4x4,medium,14,1265,C3,1,6.0,6
original_fixed,4x4,medium,14,1265,C4,0,0.0,7
original_fixed,4x4,medium,14,1265,D1,0,0.0,6
original_fixed,4x4,medium,14,1265,D2,1,4.0,5
original_fixed,4x4,medium,14,1265,D3,0,0.0,4
original_fixed,4x4,medium,14,1265,D4,4,14.0,9
original_fixed,4x4,medium,14,1265,E1,1,15.0,8
original_fixed,4x4,medium,14,1265,E2,0,0.0,6
original_fixed,4x4,medium,14,1265,E3,0,0.0,7
original_fixed,4x4,medium,14,1265,E4,0,0.0,9
original_fixed,4x4,medium,14,1270,B1,0,0.0,6
original_fixed,4x4,medium,14,1270,B2,0,0.0,4
original_fixed,4x4,medium,14,1270,B3,2,5.0,8
original_fixed,4x4,medium,14,1270,B4,1,3.0,6
original_fixed,4x4,medium,14,1270,C1,1,2.0,4
original_fixed,4x4,medium,14,1270,C2,0,0.0,10
original_fixed,4x4,medium,14,1270,C3,1,11.0,4
original_fixed,4x4,medium,14,1270,C4,0,0.0,6
original_fixed,4x4,medium,14,1270,D1,2,3.0,6
original_fixed,4x4,medium,14,1270,D2,1,9.0,10
original_fixed,4x4,medium,14,1270,D3,0,0.0,8
original_fixed,4x4,medium,14,1270,D4,4,34.0,10
original_fixed,4x4,medium,14,1270,E1,0,0.0,4
original_fixed,4x4,medium,14,1270,E2,1,2.0,6
original_fixed,4x4,medium,14,1270,E3,2,3.0,12
original_fixed,4x4,medium,14,1270,E4,1,3.0,8
original_fixed,4x4,medium,14,1275,B1,0,0.0,5
original_fixed,4x4,medium,14,1275,B2,0,0.0,4
original_fixed,4x4,medium,14,1275,B3,2,15.0,7
original_fixed,4x4,medium,14,1275,B4,2,12.0,5
original_fixed,4x4,medium,14,1275,C1,1,7.0,6
original_fixed,4x4,medium,14,1275,C2,0,0.0,9
original_fixed,4x4,medium,14,1275,C3,1,16.0,4
original_fixed,4x4,medium,14,1275,C4,3,10.0,7
original_fixed,4x4,medium,14,1275,D1,2,13.0,7
original_fixed,4x4,medium,14,1275,D2,1,14.0,11
original_fixed,4x4,medium,14,1275,D3,0,0.0,7
original_fixed,4x4,medium,14,1275,D4,4,54.0,12
original_fixed,4x4,medium,14,1275,E1,0,0.0,2
original_fixed,4x4,medium,14,1275,E2,2,9.0,6
original_fixed,4x4,medium,14,1275,E3,3,16.0,12
original_fixed,4x4,medium,14,1275,E4,3,13.0,8
original_fixed,4x4,medium,14,1280,B1,0,0.0,4
original_fixed,4x4,medium,14,1280,B2,0,0.0,3
original_fixed,4x4,medium,14,1280,B3,4,33.0,6
original_fixed,4x4,medium,14,1280,B4,2,12.0,3
original_fixed,4x4,medium,14,1280,C1,1,12.0,8
original_fixed,4x4,medium,14,1280,C2,0,0.0,5
original_fixed,4x4,medium,14,1280,C3,1,21.0,3
original_fixed,4x4,medium,14,1280,C4,3,25.0,6
original_fixed,4x4,medium,14,1280,D1,1,12.0,7
original_fixed,4x4,medium,14,1280,D2,3,28.0,10
original_fixed,4x4,medium,14,1280,D3,0,0.0,7
original_fixed,4x4,medium,14,1280,D4,5,75.0,10
original_fixed,4x4,medium,14,1280,E1,0,0.0,1
original_fixed,4x4,medium,14,1280,E2,4,23.0,5
original_fixed,4x4,medium,14,1280,E3,4,32.0,11
original_fixed,4x4,medium,14,1280,E4,5,34.0,7
original_fixed,4x4,medium,14,1285,B1,0,0.0,1
original_fixed,4x4,medium,14,1285,B2,0,0.0,3
original_fixed,4x4,medium,14,1285,B3,5,56.0,6
original_fixed,4x4,medium,14,1285,B4,2,22.0,2
original_fixed,4x4,medium,14,1285,C1,2,18.0,11
original_fixed,4x4,medium,14,1285,C2,0,0.0,5
original_fixed,4x4,medium,14,1285,C3,1,26.0,4
original_fixed,4x4,medium,14,1285,C4,4,45.0,5
original_fixed,4x4,medium,14,1285,D1,3,20.0,7
original_fixed,4x4,medium,14,1285,D2,4,45.0,10
original_fixed,4x4,medium,14,1285,D3,1,1.0,6
original_fixed,4x4,medium,14,1285,D4,6,105.0,9
original_fixed,4x4,medium,14,1285,E1,0,0.0,3
original_fixed,4x4,medium,14,1285,E2,4,43.0,6
original_fixed,4x4,medium,14,1285,E3,7,65.0,11
original_fixed,4x4,medium,14,1285,E4,6,64.0,8
original_fixed,4x4,medium,14,1290,B1,0,0.0,1
original_fixed,4x4,medium,14,1290,B2,1,4.0,4
original_fixed,4x4,medium,14,1290,B3,5,81.0,7
original_fixed,4x4,medium,14,1290,B4,2,32.0,2
original_fixed,4x4,medium,14,1290,C1,4,34.0,16
original_fixed,4x4,medium,14,1290,C2,1,4.0,4
original_fixed,4x4,medium,14,1290,C3,2,36.0,3
original_fixed,4x4,medium,14,1290,C4,5,68.0,5
original_fixed,4x4,medium,14,1290,D1,3,35.0,8
original_fixed,4x4,medium,14,1290,D2,6,74.0,9
original_fixed,4x4,medium,14,1290,D3,3,11.0,8
original_fixed,4x4,medium,14,1290,D4,6,135.0,6
original_fixed,4x4,medium,14,1290,E1,0,0.0,6
original_fixed,4x4,medium,14,1290,E2,4,63.0,8
original_fixed,4x4,medium,14,1290,E3,8,103.0,13
original_fixed,4x4,medium,14,1290,E4,6,94.0,7
original_fixed,4x4,medium,14,1295,B1,0,0.0,2
original_fixed,4x4,medium,14,1295,B2,1,9.0,5
original_fixed,4x4,medium,14,1295,B3,5,106.0,7
original_fixed,4x4,medium,14,1295,B4,2,42.0,2
original_fixed,4x4,medium,14,1295,C1,5,57.0,15
original_fixed,4x4,medium,14,1295,C2,1,9.0,5
original_fixed,4x4,medium,14,1295,C3,2,46.0,3
original_fixed,4x4,medium,14,1295,C4,5,93.0,5
original_fixed,4x4,medium,14,1295,D1,4,52.0,8
original_fixed,4x4,medium,14,1295,D2,7,108.0,9
original_fixed,4x4,medium,14,1295,D3,3,26.0,8
original_fixed,4x4,medium,14,1295,D4,6,165.0,8
original_fixed,4x4,medium,14,1295,E1,0,0.0,6
original_fixed,4x4,medium,14,1295,E2,4,83.0,8
original_fixed,4x4,medium,14,1295,E3,3,50.0,11
original_fixed,4x4,medium,14,1295,E4,6,124.0,9
original_fixed,4x4,medium,14,1300,B1,1,4.0,3
original_fixed,4x4,medium,14,1300,B2,1,14.0,4
original_fixed,4x4,medium,14,1300,B3,6,134.0,8
original_fixed,4x4,medium,14,1300,B4,2,52.0,3
original_fixed,4x4,medium,14,1300,C1,6,83.0,14
original_fixed,4x4,medium,14,1300,C2,4,21.0,6
original_fixed,4x4,medium,14,1300,C3,2,56.0,4
original_fixed,4x4,medium,14,1300,C4,5,118.0,6
original_fixed,4x4,medium,14,1300,D1,5,75.0,9
original_fixed,4x4,medium,14,1300,D2,7,143.0,8
original_fixed,4x4,medium,14,1300,D3,3,41.0,8
original_fixed,4x4,medium,14,1300,D4,6,195.0,9
original_fixed,4x4,medium,14,1300,E1,0,0.0,7
original_fixed,4x4,medium,14,1300,E2,4,103.0,8
original_fixed,4x4,medium,14,1300,E3,3,65.0,9
original_fixed,4x4,medium,14,1300,E4,6,154.0,10
original_fixed,4x4,medium,14,1305,B1,1,9.0,4
original_fixed,4x4,medium,14,1305,B2,2,23.0,5
original_fixed,4x4,medium,14,1305,B3,7,166.0,8
original_fixed,4x4,medium,14,1305,B4,2,62.0,3
original_fixed,4x4,medium,14,1305,C1,9,122.0,13
original_fixed,4x4,medium,14,1305,C2,4,41.0,7
original_fixed,4x4,medium,14,1305,C3,3,71.0,4
original_fixed,4x4,medium,14,1305,C4,5,143.0,6
original_fixed,4x4,medium,14,1305,D1,6,102.0,8
original_fixed,4x4,medium,14,1305,D2,7,178.0,10
original_fixed,4x4,medium,14,1305,D3,4,60.0,8
original_fixed,4x4,medium,14,1305,D4,6,225.0,11
original_fixed,4x4,medium,14,1305,E1,1,5.0,6
original_fixed,4x4,medium,14,1305,E2,5,125.0,8
original_fixed,4x4,medium,14,1305,E3,6,85.0,8
original_fixed,4x4,medium,14,1305,E4,6,184.0,11
original_fixed,4x4,medium,14,1310,B1,0,0.0,4
original_fixed,4x4,medium,14,1310,B2,0,0.0,6
original_fixed,4x4,medium,14,1310,B3,1,1.0,7
original_fixed,4x4,medium,14,1310,B4,0,0.0,3
original_fixed,4x4,medium,14,1310,C1,3,13.0,12
original_fixed,4x4,medium,14,1310,C2,0,0.0,8
original_fixed,4x4,medium,14,1310,C3,0,0.0,4
original_fixed,4x4,medium,14,1310,C4,0,0.0,4
original_fixed,4x4,medium,14,1310,D1,1,1.0,6
original_fixed,4x4,medium,14,1310,D2,0,0.0,7
original_fixed,4x4,medium,14,1310,D3,0,0.0,9
original_fixed,4x4,medium,14,1310,D4,0,0.0,8
original_fixed,4x4,medium,14,1310,E1,0,0.0,3
original_fixed,4x4,medium,14,1310,E2,1,3.0,7
original_fixed,4x4,medium,14,1310,E3,1,2.0,5
original_fixed,4x4,medium,14,1310,E4,1,30.0,8
original_fixed,4x4,medium,14,1315,B1,0,0.0,5
original_fixed,4x4,medium,14,1315,B2,0,0.0,7
original_fixed,4x4,medium,14,1315,B3,2,5.0,8
original_fixed,4x4,medium,14,1315,B4,0,0.0,6
original_fixed,4x4,medium,14,1315,C1,5,25.0,16
original_fixed,4x4,medium,14,1315,C2,1,4.0,9
original_fixed,4x4,medium,14,1315,C3,0,0.0,6
original_fixed,4x4,medium,14,1315,C4,0,0.0,3
original_fixed,4x4,medium,14,1315,D1,2,8.0,6
original_fixed,4x4,medium,14,1315,D2,1,3.0,6
original_fixed,4x4,medium,14,1315,D3,0,0.0,11
original_fixed,4x4,medium,14,1315,D4,3,11.0,10
original_fixed,4x4,medium,14,1315,E1,1,3.0,4
original_fixed,4x4,medium,14,1315,E2,2,10.0,6
original_fixed,4x4,medium,14,1315,E3,3,15.0,4
original_fixed,4x4,medium,14,1315,E4,0,0.0,8
original_fixed,4x4,medium,14,1320,B1,0,0.0,7
original_fixed,4x4,medium,14,1320,B2,1,4.0,6
original_fixed,4x4,medium,14,1320,B3,1,8.0,6
original_fixed,4x4,medium,14,1320,B4,0,0.0,6
original_fixed,4x4,medium,14,1320,C1,7,59.0,15
original_fixed,4x4,medium,14,1320,C2,1,9.0,11
original_fixed,4x4,medium,14,1320,C3,0,0.0,8
original_fixed,4x4,medium,14,1320,C4,1,5.0,5
original_fixed,4x4,medium,14,1320,D1,0,0.0,7
original_fixed,4x4,medium,14,1320,D2,2,9.0,7
original_fixed,4x4,medium,14,1320,D3,0,0.0,10
original_fixed,4x4,medium,14,1320,D4,3,26.0,11
original_fixed,4x4,medium,14,1320,E1,2,12.0,3
original_fixed,4x4,medium,14,1320,E2,2,20.0,6
original_fixed,4x4,medium,14,1320,E3,3,30.0,5
original_fixed,4x4,medium,14,1320,E4,1,5.0,4
original_fixed,4x4,medium,14,1325,B1,1,3.0,8
original_fixed,4x4,medium,14,1325,B2,2,12.0,5
original_fixed,4x4,medium,14,1325,B3,2,15.0,6
original_fixed,4x4,medium,14,1325,B4,1,1.0,7
original_fixed,4x4,medium,14,1325,C1,6,79.0,16
original_fixed,4x4,medium,14,1325,C2,2,19.0,11
original_fixed,4x4,medium,14,1325,C3,0,0.0,5
original_fixed,4x4,medium,14,1325,C4,1,10.0,5
original_fixed,4x4,medium,14,1325,D1,0,0.0,7
original_fixed,4x4,medium,14,1325,D2,2,19.0,6
original_fixed,4x4,medium,14,1325,D3,0,0.0,11
original_fixed,4x4,medium,14,1325,D4,3,41.0,9
original_fixed,4x4,medium,14,1325,E1,1,9.0,3
original_fixed,4x4,medium,14,1325,E2,2,30.0,6
original_fixed,4x4,medium,14,1325,E3,3,45.0,5
original_fixed,4x4,medium,14,1325,E4,2,14.0,6
original_fixed,4x4,medium,14,1330,B1,2,12.0,7
original_fixed,4x4,medium,14,1330,B2,2,22.0,4
original_fixed,4x4,medium,14,1330,B3,2,25.0,5
original_fixed,4x4,medium,14,1330,B4,1,6.0,6
original_fixed,4x4,medium,14,1330,C1,4,51.0,14
original_fixed,4x4,medium,14,1330,C2,3,34.0,10
original_fixed,4x4,medium,14,1330,C3,0,0.0,4
original_fixed,4x4,medium,14,1330,C4,1,15.0,4
original_fixed,4x4,medium,14,1330,D1,1,1.0,6
original_fixed,4x4,medium,14,1330,D2,3,30.0,6
original_fixed,4x4,medium,14,1330,D3,3,12.0,10
original_fixed,4x4,medium,14,1330,D4,4,57.0,7
original_fixed,4x4,medium,14,1330,E1,2,16.0,5
original_fixed,4x4,medium,14,1330,E2,2,40.0,6
original_fixed,4x4,medium,14,1330,E3,3,60.0,4
original_fixed,4x4,medium,14,1330,E4,3,27.0,8
original_fixed,4x4,medium,14,1335,B1,3,23.0,8
original_fixed,4x4,medium,14,1335,B2,2,32.0,4
original_fixed,4x4,medium,14,1335,B3,2,35.0,6
original_fixed,4x4,medium,14,1335,B4,1,11.0,6
original_fixed,4x4,medium,14,1335,C1,3,63.0,12
original_fixed,4x4,medium,14,1335,C2,4,52.0,9
original_fixed,4x4,medium,14,1335,C3,0,0.0,5
original_fixed,4x4,medium,14,1335,C4,1,20.0,7
original_fixed,4x4,medium,14,1335,D1,1,6.0,6
original_fixed,4x4,medium,14,1335,D2,3,45.0,7
original_fixed,4x4,medium,14,1335,D3,4,25.0,9
original_fixed,4x4,medium,14,1335,D4,4,77.0,8
original_fixed,4x4,medium,14,1335,E1,2,26.0,5
original_fixed,4x4,medium,14,1335,E2,3,53.0,9
original_fixed,4x4,medium,14,1335,E3,3,75.0,3
original_fixed,4x4,medium,14,1335,E4,4,45.0,9
original_fixed,4x4,medium,14,1340,B1,4,42.0,7
original_fixed,4x4,medium,14,1340,B2,2,42.0,4
original_fixed,4x4,medium,14,1340,B3,3,46.0,8
original_fixed,4x4,medium,14,1340,B4,1,16.0,6
original_fixed,4x4,medium,14,1340,C1,4,79.0,8
original_fixed,4x4,medium,14,1340,C2,4,72.0,9
original_fixed,4x4,medium,14,1340,C3,0,0.0,4
original_fixed,4x4,medium,14,1340,C4,1,25.0,8
original_fixed,4x4,medium,14,1340,D1,2,15.0,7
original_fixed,4x4,medium,14,1340,D2,4,65.0,9
original_fixed,4x4,medium,14,1340,D3,5,50.0,9
original_fixed,4x4,medium,14,1340,D4,4,97.0,7
original_fixed,4x4,medium,14,1340,E1,3,37.0,7
original_fixed,4x4,medium,14,1340,E2,3,68.0,9
original_fixed,4x4,medium,14,1340,E3,3,90.0,6
original_fixed,4x4,medium,14,1340,E4,5,67.0,9
original_fixed,4x4,medium,14,1345,B1,4,62.0,8
original_fixed,4x4,medium,14,1345,B2,2,52.0,4
original_fixed,4x4,medium,14,1345,B3,4,62.0,11
original_fixed,4x4,medium,14,1345,B4,2,24.0,8
original_fixed,4x4,medium,14,1345,C1,4,99.0,8
original_fixed,4x4,medium,14,1345,C2,5,95.0,9
original_fixed,4x4,medium,14,1345,C3,0,0.0,3
original_fixed,4x4,medium,14,1345,C4,1,30.0,8
original_fixed,4x4,medium,14,1345,D1,2,25.0,7
original_fixed,4x4,medium,14,1345,D2,5,89.0,10
original_fixed,4x4,medium,14,1345,D3,6,80.0,9
original_fixed,4x4,medium,14,1345,D4,4,117.0,9
original_fixed,4x4,medium,14,1345,E1,4,55.0,9
original_fixed,4x4,medium,14,1345,E2,4,84.0,8
original_fixed,4x4,medium,14,1345,E3,3,105.0,6
original_fixed,4x4,medium,14,1345,E4,5,92.0,8
original_fixed,4x4,medium,14,1350,B1,4,82.0,6
original_fixed,4x4,medium,14,1350,B2,2,62.0,5
original_fixed,4x4,medium,14,1350,B3,5,85.0,11
original_fixed,4x4,medium,14,1350,B4,2,34.0,7
original_fixed,4x4,medium,14,1350,C1,5,124.0,8
original_fixed,4x4,medium,14,1350,C2,7,126.0,10
original_fixed,4x4,medium,14,1350,C3,0,0.0,3
original_fixed,4x4,medium,14,1350,C4,1,35.0,7
original_fixed,4x4,medium,14,1350,D1,2,35.0,7
original_fixed,4x4,medium,14,1350,D2,5,114.0,9
original_fixed,4x4,medium,14,1350,D3,6,110.0,9
original_fixed,4x4,medium,14,1350,D4,5,138.0,9
original_fixed,4x4,medium,14,1350,E1,5,78.0,10
original_fixed,4x4,medium,14,1350,E2,5,107.0,10
original_fixed,4x4,medium,14,1350,E3,3,120.0,7
original_fixed,4x4,medium,14,1350,E4,5,117.0,10
original_fixed,4x4,medium,14,1355,B1,1,3.0,3
original_fixed,4x4,medium,14,1355,B2,0,0.0,6
original_fixed,4x4,medium,14,1355,B3,1,1.0,10
original_fixed,4x4,medium,14,1355,B4,0,0.0,5
original_fixed,4x4,medium,14,1355,C1,1,5.0,6
original_fixed,4x4,medium,14,1355,C2,2,8.0,10
original_fixed,4x4,medium,14,1355,C3,0,0.0,2
original_fixed,4x4,medium,14,1355,C4,4,13.0,6
original_fixed,4x4,medium,14,1355,D1,2,8.0,5
original_fixed,4x4,medium,14,1355,D2,1,4.0,9
original_fixed,4x4,medium,14,1355,D3,1,5.0,8
original_fixed,4x4,medium,14,1355,D4,0,0.0,7
original_fixed,4x4,medium,14,1355,E1,1,3.0,7
original_fixed,4x4,medium,14,1355,E2,1,3.0,8
original_fixed,4x4,medium,14,1355,E3,0,0.0,7
original_fixed,4x4,medium,14,1355,E4,1,2.0,8
original_fixed,4x4,medium,14,1360,B1,1,8.0,2
original_fixed,4x4,medium,14,1360,B2,1,2.0,6
original_fixed,4x4,medium,14,1360,B3,4,9.0,10
original_fixed,4x4,medium,14,1360,B4,2,6.0,3
original_fixed,4x4,medium,14,1360,C1,2,14.0,5
original_fixed,4x4,medium,14,1360,C2,1,5.0,10
original_fixed,4x4,medium,14,1360,C3,0,0.0,4
original_fixed,4x4,medium,14,1360,C4,5,37.0,7
original_fixed,4x4,medium,14,1360,D1,3,22.0,10
original_fixed,4x4,medium,14,1360,D2,1,9.0,10
original_fixed,4x4,medium,14,1360,D3,2,14.0,10
original_fixed,4x4,medium,14,1360,D4,2,6.0,5
original_fixed,4x4,medium,14,1360,E1,2,10.0,4
original_fixed,4x4,medium,14,1360,E2,2,12.0,7
original_fixed,4x4,medium,14,1360,E3,1,3.0,6
original_fixed,4x4,medium,14,1360,E4,3,15.0,8
original_fixed,4x4,medium,14,1365,B1,1,13.0,3
original_fixed,4x4,medium,14,1365,B2,2,9.0,7
original_fixed,4x4,medium,14,1365,B3,5,30.0,9
original_fixed,4x4,medium,14,1365,B4,2,16.0,4
original_fixed,4x4,medium,14,1365,C1,2,24.0,5
original_fixed,4x4,medium,14,1365,C2,2,11.0,7
original_fixed,4x4,medium,14,1365,C3,1,2.0,7
original_fixed,4x4,medium,14,1365,C4,5,62.0,7
original_fixed,4x4,medium,14,1365,D1,5,45.0,11
original_fixed,4x4,medium,14,1365,D2,2,18.0,11
original_fixed,4x4,medium,14,1365,D3,2,24.0,8
original_fixed,4x4,medium,14,1365,D4,3,11.0,4
original_fixed,4x4,medium,14,1365,E1,2,20.0,5
original_fixed,4x4,medium,14,1365,E2,4,26.0,8
original_fixed,4x4,medium,14,1365,E3,1,8.0,7
original_fixed,4x4,medium,14,1365,E4,4,32.0,8
original_fixed,4x4,medium,14,1370,B1,1,18.0,5
original_fixed,4x4,medium,14,1370,B2,2,19.0,8
original_fixed,4x4,medium,14,1370,B3,5,55.0,7
original_fixed,4x4,medium,14,1370,B4,3,31.0,5
original_fixed,4x4,medium,14,1370,C1,2,34.0,5
original_fixed,4x4,medium,14,1370,C2,2,21.0,6
original_fixed,4x4,medium,14,1370,C3,1,7.0,8
original_fixed,4x4,medium,14,1370,C4,5,87.0,8
original_fixed,4x4,medium,14,1370,D1,5,70.0,13
original_fixed,4x4,medium,14,1370,D2,3,29.0,9
original_fixed,4x4,medium,14,1370,D3,2,34.0,7
original_fixed,4x4,medium,14,1370,D4,3,26.0,6
original_fixed,4x4,medium,14,1370,E1,3,33.0,6
original_fixed,4x4,medium,14,1370,E2,4,46.0,8
original_fixed,4x4,medium,14,1370,E3,2,14.0,6
original_fixed,4x4,medium,14,1370,E4,2,24.0,7
original_fixed,4x4,medium,14,1375,B1,1,23.0,6
original_fixed,4x4,medium,14,1375,B2,3,34.0,7
original_fixed,4x4,medium,14,1375,B3,7,83.0,9
original_fixed,4x4,medium,14,1375,B4,3,46.0,5
original_fixed,4x4,medium,14,1375,C1,3,45.0,5
original_fixed,4x4,medium,14,1375,C2,4,37.0,8
original_fixed,4x4,medium,14,1375,C3,2,13.0,6
original_fixed,4x4,medium,14,1375,C4,5,112.0,9
original_fixed,4x4,medium,14,1375,D1,7,103.0,11
original_fixed,4x4,medium,14,1375,D2,4,46.0,11
original_fixed,4x4,medium,14,1375,D3,3,46.0,6
original_fixed,4x4,medium,14,1375,D4,3,41.0,6
original_fixed,4x4,medium,14,1375,E1,3,48.0,6
original_fixed,4x4,medium,14,1375,E2,4,66.0,7
original_fixed,4x4,medium,14,1375,E3,2,24.0,5
original_fixed,4x4,medium,14,1375,E4,2,34.0,6
original_fixed,4x4,medium,14,1380,B1,3,34.0,7
original_fixed,4x4,medium,14,1380,B2,3,49.0,8
original_fixed,4x4,medium,14,1380,B3,6,113.0,9
original_fixed,4x4,medium,14,1380,B4,3,61.0,6
original_fixed,4x4,medium,14,1380,C1,4,62.0,6
original_fixed,4x4,medium,14,1380,C2,6,65.0,8
original_fixed,4x4,medium,14,1380,C3,3,27.0,4
original_fixed,4x4,medium,14,1380,C4,6,139.0,11
original_fixed,4x4,medium,14,1380,D1,9,147.0,13
original_fixed,4x4,medium,14,1380,D2,6,72.0,11
original_fixed,4x4,medium,14,1380,D3,3,61.0,5
original_fixed,4x4,medium,14,1380,D4,3,56.0,9
original_fixed,4x4,medium,14,1380,E1,4,68.0,7
original_fixed,4x4,medium,14,1380,E2,5,87.0,7
original_fixed,4x4,medium,14,1380,E3,2,34.0,3
original_fixed,4x4,medium,14,1380,E4,2,44.0,5
original_fixed,4x4,medium,14,1385,B1,3,49.0,7
original_fixed,4x4,medium,14,1385,B2,4,67.0,8
original_fixed,4x4,medium,14,1385,B3,6,143.0,9
original_fixed,4x4,medium,14,1385,B4,3,76.0,5
original_fixed,4x4,medium,14,1385,C1,4,82.0,6
original_fixed,4x4,medium,14,1385,C2,6,95.0,9
original_fixed,4x4,medium,14,1385,C3,3,42.0,3
original_fixed,4x4,medium,14,1385,C4,6,169.0,10
original_fixed,4x4,medium,14,1385,D1,9,192.0,13
original_fixed,4x4,medium,14,1385,D2,6,102.0,9
original_fixed,4x4,medium,14,1385,D3,3,76.0,6
original_fixed,4x4,medium,14,1385,D4,4,74.0,9
original_fixed,4x4,medium,14,1385,E1,5,92.0,9
original_fixed,4x4,medium,14,1385,E2,5,112.0,8
original_fixed,4x4,medium,14,1385,E3,2,44.0,4
original_fixed,4x4,medium,14,1385,E4,2,54.0,6
original_fixed,4x4,medium,14,1390,B1,5,72.0,9
original_fixed,4x4,medium,14,1390,B2,4,87.0,7
original_fixed,4x4,medium,14,1390,B3,6,173.0,9
original_fixed,4x4,medium,14,1390,B4,3,91.0,6
original_fixed,4x4,medium,14,1390,C1,4,102.0,8
original_fixed,4x4,medium,14,1390,C2,8,130.0,9
original_fixed,4x4,medium,14,1390,C3,3,57.0,3
original_fixed,4x4,medium,14,1390,C4,7,202.0,10
original_fixed,4x4,medium,14,1390,D1,9,237.0,13
original_fixed,4x4,medium,14,1390,D2,6,132.0,8
original_fixed,4x4,medium,14,1390,D3,4,96.0,5
original_fixed,4x4,medium,14,1390,D4,5,99.0,10
original_fixed,4x4,medium,14,1390,E1,5,117.0,12
original_fixed,4x4,medium,14,1390,E2,5,137.0,8
original_fixed,4x4,medium,14,1390,E3,2,54.0,5
original_fixed,4x4,medium,14,1390,E4,2,64.0,6
original_fixed,4x4,medium,14,1395,B1,6,98.0,10
original_fixed,4x4,medium,14,1395,B2,4,107.0,7
original_fixed,4x4,medium,14,1395,B3,7,204.0,7
original_fixed,4x4,medium,14,1395,B4,3,106.0,8
original_fixed,4x4,medium,14,1395,C1,5,125.0,8
original_fixed,4x4,medium,14,1395,C2,8,170.0,10
original_fixed,4x4,medium,14,1395,C3,3,72.0,3
original_fixed,4x4,medium,14,1395,C4,7,237.0,10
original_fixed,4x4,medium,14,1395,D1,10,285.0,14
original_fixed,4x4,medium,14,1395,D2,6,162.0,7
original_fixed,4x4,medium,14,1395,D3,4,116.0,8
original_fixed,4x4,medium,14,1395,D4,6,128.0,10
original_fixed,4x4,medium,14,1395,E1,6,147.0,14
original_fixed,4x4,medium,14,1395,E2,5,162.0,7
original_fixed,4x4,medium,14,1395,E3,3,65.0,5
original_fixed,4x4,medium,14,1395,E4,3,76.0,6
original_fixed,4x4,medium,14,1400,B1,0,0.0,7
original_fixed,4x4,medium,14,1400,B2,1,3.0,4
original_fixed,4x4,medium,14,1400,B3,0,0.0,4
original_fixed,4x4,medium,14,1400,B4,1,1.0,8
original_fixed,4x4,medium,14,1400,C1,0,0.0,7
original_fixed,4x4,medium,14,1400,C2,0,0.0,8
original_fixed,4x4,medium,14,1400,C3,0,0.0,5
original_fixed,4x4,medium,14,1400,C4,1,13.0,10
original_fixed,4x4,medium,14,1400,D1,3,61.0,11
original_fixed,4x4,medium,14,1400,D2,1,3.0,4
original_fixed,4x4,medium,14,1400,D3,0,0.0,7
original_fixed,4x4,medium,14,1400,D4,2,12.0,9
original_fixed,4x4,medium,14,1400,E1,0,0.0,13
original_fixed,4x4,medium,14,1400,E2,0,0.0,5
original_fixed,4x4,medium,14,1400,E3,1,2.0,3
original_fixed,4x4,medium,14,1400,E4,1,3.0,3
original_fixed,4x4,medium,14,1405,B1,2,5.0,5
original_fixed,4x4,medium,14,1405,B2,1,8.0,6
original_fixed,4x4,medium,14,1405,B3,0,0.0,3
original_fixed,4x4,medium,14,1405,B4,2,9.0,9
original_fixed,4x4,medium,14,1405,C1,2,5.0,11
original_fixed,4x4,medium,14,1405,C2,1,3.0,9
original_fixed,4x4,medium,14,1405,C3,0,0.0,8
original_fixed,4x4,medium,14,1405,C4,0,0.0,9
original_fixed,4x4,medium,14,1405,D1,1,4.0,14
original_fixed,4x4,medium,14,1405,D2,1,8.0,5
original_fixed,4x4,medium,14,1405,D3,0,0.0,5
original_fixed,4x4,medium,14,1405,D4,1,8.0,8
original_fixed,4x4,medium,14,1405,E1,4,13.0,14
original_fixed,4x4,medium,14,1405,E2,0,0.0,6
original_fixed,4x4,medium,14,1405,E3,1,7.0,5
original_fixed,4x4,medium,14,1405,E4,1,8.0,2
original_fixed,4x4,medium,14,1410,B1,2,15.0,7
original_fixed,4x4,medium,14,1410,B2,1,13.0,7
original_fixed,4x4,medium,14,1410,B3,0,0.0,2
original_fixed,4x4,medium,14,1410,B4,1,11.0,10
original_fixed,4x4,medium,14,1410,C1,3,20.0,12
original_fixed,4x4,medium,14,1410,C2,1,8.0,9
original_fixed,4x4,medium,14,1410,C3,0,0.0,8
original_fixed,4x4,medium,14,1410,C4,2,4.0,10
original_fixed,4x4,medium,14,1410,D1,1,9.0,11
original_fixed,4x4,medium,14,1410,D2,1,13.0,6
original_fixed,4x4,medium,14,1410,D3,1,2.0,4
original_fixed,4x4,medium,14,1410,D4,1,13.0,7
original_fixed,4x4,medium,14,1410,E1,6,33.0,13
original_fixed,4x4,medium,14,1410,E2,0,0.0,6
original_fixed,4x4,medium,14,1410,E3,1,12.0,7
original_fixed,4x4,medium,14,1410,E4,1,13.0,4
original_fixed,4x4,medium,14,1415,B1,3,29.0,10
original_fixed,4x4,medium,14,1415,B2,1,18.0,7
original_fixed,4x4,medium,14,1415,B3,1,2.0,3
original_fixed,4x4,medium,14,1415,B4,2,21.0,11
original_fixed,4x4,medium,14,1415,C1,4,37.0,12
original_fixed,4x4,medium,14,1415,C2,2,17.0,8
original_fixed,4x4,medium,14,1415,C3,2,3.0,7
original_fixed,4x4,medium,14,1415,C4,2,14.0,11
original_fixed,4x4,medium,14,1415,D1,1,14.0,8
original_fixed,4x4,medium,14,1415,D2,1,18.0,7
original_fixed,4x4,medium,14,1415,D3,1,7.0,3
original_fixed,4x4,medium,14,1415,D4,1,18.0,7
original_fixed,4x4,medium,14,1415,E1,6,47.0,12
original_fixed,4x4,medium,14,1415,E2,0,0.0,6
original_fixed,4x4,medium,14,1415,E3,2,17.0,7
original_fixed,4x4,medium,14,1415,E4,1,18.0,4
original_fixed,4x4,medium,14,1420,B1,3,44.0,9
original_fixed,4x4,medium,14,1420,B2,2,26.0,5
original_fixed,4x4,medium,14,1420,B3,1,7.0,4
original_fixed,4x4,medium,14,1420,B4,3,32.0,9
original_fixed,4x4,medium,14,1420,C1,6,61.0,11
original_fixed,4x4,medium,14,1420,C2,2,27.0,4
original_fixed,4x4,medium,14,1420,C3,4,17.0,7
original_fixed,4x4,medium,14,1420,C4,3,27.0,11
original_fixed,4x4,medium,14,1420,D1,2,24.0,7
original_fixed,4x4,medium,14,1420,D2,1,23.0,8
original_fixed,4x4,medium,14,1420,D3,1,12.0,6
original_fixed,4x4,medium,14,1420,D4,1,23.0,8
original_fixed,4x4,medium,14,1420,E1,6,77.0,15
original_fixed,4x4,medium,14,1420,E2,2,6.0,6
original_fixed,4x4,medium,14,1420,E3,2,25.0,5
original_fixed,4x4,medium,14,1420,E4,1,23.0,3
original_fixed,4x4,medium,14,1425,B1,4,61.0,8
original_fixed,4x4,medium,14,1425,B2,2,36.0,7
original_fixed,4x4,medium,14,1425,B3,1,12.0,5
original_fixed,4x4,medium,14,1425,B4,7,60.0,9
original_fixed,4x4,medium,14,1425,C1,9,101.0,15
original_fixed,4x4,medium,14,1425,C2,2,37.0,4
original_fixed,4x4,medium,14,1425,C3,4,37.0,7
original_fixed,4x4,medium,14,1425,C4,5,49.0,11
original_fixed,4x4,medium,14,1425,D1,4,43.0,7
original_fixed,4x4,medium,14,1425,D2,1,28.0,7
original_fixed,4x4,medium,14,1425,D3,1,17.0,6
original_fixed,4x4,medium,14,1425,D4,1,28.0,8
original_fixed,4x4,medium,14,1425,E1,6,107.0,13
original_fixed,4x4,medium,14,1425,E2,2,16.0,8
original_fixed,4x4,medium,14,1425,E3,2,35.0,7
original_fixed,4x4,medium,14,1425,E4,3,32.0,4
original_fixed,4x4,medium,14,1430,B1,4,81.0,5
original_fixed,4x4,medium,14,1430,B2,2,46.0,7
original_fixed,4x4,medium,14,1430,B3,1,17.0,6
original_fixed,4x4,medium,14,1430,B4,9,100.0,10
original_fixed,4x4,medium,14,1430,C1,10,150.0,16
original_fixed,4x4,medium,14,1430,C2,2,47.0,3
original_fixed,4x4,medium,14,1430,C3,5,60.0,8
original_fixed,4x4,medium,14,1430,C4,3,57.0,10
original_fixed,4x4,medium,14,1430,D1,4,63.0,7
original_fixed,4x4,medium,14,1430,D2,1,33.0,6
original_fixed,4x4,medium,14,1430,D3,2,27.0,6
original_fixed,4x4,medium,14,1430,D4,3,40.0,7
original_fixed,4x4,medium,14,1430,E1,6,137.0,11
original_fixed,4x4,medium,14,1430,E2,3,30.0,8
original_fixed,4x4,medium,14,1430,E3,2,45.0,9
original_fixed,4x4,medium,14,1430,E4,3,47.0,5
original_fixed,4x4,medium,14,1435,B1,4,101.0,5
original_fixed,4x4,medium,14,1435,B2,2,56.0,7
original_fixed,4x4,medium,14,1435,B3,1,22.0,7
original_fixed,4x4,medium,14,1435,B4,6,114.0,12
original_fixed,4x4,medium,14,1435,C1,10,200.0,16
original_fixed,4x4,medium,14,1435,C2,2,57.0,4
original_fixed,4x4,medium,14,1435,C3,6,89.0,9
original_fixed,4x4,medium,14,1435,C4,3,72.0,7
original_fixed,4x4,medium,14,1435,D1,4,83.0,7
original_fixed,4x4,medium,14,1435,D2,2,40.0,4
original_fixed,4x4,medium,14,1435,D3,3,41.0,5
original_fixed,4x4,medium,14,1435,D4,4,58.0,5
original_fixed,4x4,medium,14,1435,E1,8,171.0,10
original_fixed,4x4,medium,14,1435,E2,4,47.0,10
original_fixed,4x4,medium,14,1435,E3,3,56.0,11
original_fixed,4x4,medium,14,1435,E4,3,62.0,6
original_fixed,4x4,medium,14,1440,B1,5,125.0,7
original_fixed,4x4,medium,14,1440,B2,2,66.0,6
original_fixed,4x4,medium,14,1440,B3,1,27.0,7
original_fixed,4x4,medium,14,1440,B4,6,144.0,13
original_fixed,4x4,medium,14,1440,C1,12,254.0,15
original_fixed,4x4,medium,14,1440,C2,2,67.0,6
original_fixed,4x4,medium,14,1440,C3,6,119.0,9
original_fixed,4x4,medium,14,1440,C4,3,87.0,6
original_fixed,4x4,medium,14,1440,D1,5,105.0,6
original_fixed,4x4,medium,14,1440,D2,2,50.0,4
original_fixed,4x4,medium,14,1440,D3,3,56.0,6
original_fixed,4x4,medium,14,1440,D4,5,79.0,5
original_fixed,4x4,medium,14,1440,E1,9,216.0,10
original_fixed,4x4,medium,14,1440,E2,7,77.0,12
original_fixed,4x4,medium,14,1440,E3,5,77.0,11
original_fixed,4x4,medium,14,1440,E4,3,77.0,6
original_fixed,4x4,medium,14,1445,B1,0,0.0,5
original_fixed,4x4,medium,14,1445,B2,0,0.0,6
original_fixed,4x4,medium,14,1445,B3,1,2.0,7
original_fixed,4x4,medium,14,1445,B4,0,0.0,9
original_fixed,4x4,medium,14,1445,C1,7,80.0,14
original_fixed,4x4,medium,14,1445,C2,0,0.0,5
original_fixed,4x4,medium,14,1445,C3,0,0.0,6
original_fixed,4x4,medium,14,1445,C4,2,5.0,4
original_fixed,4x4,medium,14,1445,D1,0,0.0,3
original_fixed,4x4,medium,14,1445,D2,0,0.0,5
original_fixed,4x4,medium,14,1445,D3,1,1.0,7
original_fixed,4x4,medium,14,1445,D4,1,6.0,4
original_fixed,4x4,medium,14,1445,E1,0,0.0,7
original_fixed,4x4,medium,14,1445,E2,0,0.0,11
original_fixed,4x4,medium,14,1445,E3,1,1.0,7
original_fixed,4x4,medium,14,1445,E4,0,0.0,6
original_fixed,4x4,medium,14,1450,B1,0,0.0,6
original_fixed,4x4,medium,14,1450,B2,0,0.0,5
original_fixed,4x4,medium,14,1450,B3,1,7.0,8
original_fixed,4x4,medium,14,1450,B4,0,0.0,6
original_fixed,4x4,medium,14,1450,C1,4,36.0,13
original_fixed,4x4,medium,14,1450,C2,0,0.0,6
original_fixed,4x4,medium,14,1450,C3,0,0.0,7
original_fixed,4x4,medium,14,1450,C4,2,15.0,7
original_fixed,4x4,medium,14,1450,D1,1,1.0,2
original_fixed,4x4,medium,14,1450,D2,0,0.0,8
original_fixed,4x4,medium,14,1450,D3,1,6.0,6
original_fixed,4x4,medium,14,1450,D4,1,11.0,2
original_fixed,4x4,medium,14,1450,E1,1,2.0,8
original_fixed,4x4,medium,14,1450,E2,0,0.0,12
original_fixed,4x4,medium,14,1450,E3,3,12.0,6
original_fixed,4x4,medium,14,1450,E4,0,0.0,6
original_fixed,4x4,medium,14,1455,B1,0,0.0,5
original_fixed,4x4,medium,14,1455,B2,0,0.0,6
original_fixed,4x4,medium,14,1455,B3,1,12.0,7
original_fixed,4x4,medium,14,1455,B4,2,6.0,6
original_fixed,4x4,medium,14,1455,C1,4,56.0,11
original_fixed,4x4,medium,14,1455,C2,1,2.0,11
original_fixed,4x4,medium,14,1455,C3,0,0.0,7
original_fixed,4x4,medium,14,1455,C4,2,25.0,7
original_fixed,4x4,medium,14,1455,D1,1,6.0,3
original_fixed,4x4,medium,14,1455,D2,0,0.0,9
original_fixed,4x4,medium,14,1455,D3,1,11.0,6
original_fixed,4x4,medium,14,1455,D4,1,16.0,2
original_fixed,4x4,medium,14,1455,E1,1,3.0,8
original_fixed,4x4,medium,14,1455,E2,2,5.0,13
original_fixed,4x4,medium,14,1455,E3,3,27.0,9
original_fixed,4x4,medium,14,1455,E4,2,3.0,5
original_fixed,4x4,medium,14,1460,B1,0,0.0,6
original_fixed,4x4,medium,14,1460,B2,0,0.0,7
original_fixed,4x4,medium,14,1460,B3,2,18.0,5
original_fixed,4x4,medium,14,1460,B4,3,21.0,5
original_fixed,4x4,medium,14,1460,C1,5,79.0,8
original_fixed,4x4,medium,14,1460,C2,1,7.0,12
original_fixed,4x4,medium,14,1460,C3,0,0.0,6
original_fixed,4x4,medium,14,1460,C4,3,40.0,7
original_fixed,4x4,medium,14,1460,D1,1,11.0,7
original_fixed,4x4,medium,14,1460,D2,1,5.0,7
original_fixed,4x4,medium,14,1460,D3,3,20.0,7
original_fixed,4x4,medium,14,1460,D4,1,21.0,1
original_fixed,4x4,medium,14,1460,E1,1,8.0,6
original_fixed,4x4,medium,14,1460,E2,5,24.0,15
original_fixed,4x4,medium,14,1460,E3,3,42.0,8
original_fixed,4x4,medium,14,1460,E4,2,13.0,4
original_fixed,4x4,medium,14,1465,B1,1,1.0,4
original_fixed,4x4,medium,14,1465,B2,1,2.0,10
original_fixed,4x4,medium,14,1465,B3,2,28.0,5
original_fixed,4x4,medium,14,1465,B4,3,36.0,4
original_fixed,4x4,medium,14,1465,C1,6,106.0,9
original_fixed,4x4,medium,14,1465,C2,2,17.0,11
original_fixed,4x4,medium,14,1465,C3,0,0.0,8
original_fixed,4x4,medium,14,1465,C4,5,61.0,8
original_fixed,4x4,medium,14,1465,D1,1,16.0,9
original_fixed,4x4,medium,14,1465,D2,3,15.0,4
original_fixed,4x4,medium,14,1465,D3,4,38.0,6
original_fixed,4x4,medium,14,1465,D4,1,26.0,1
original_fixed,4x4,medium,14,1465,E1,3,18.0,5
original_fixed,4x4,medium,14,1465,E2,6,53.0,11
original_fixed,4x4,medium,14,1465,E3,3,57.0,8
original_fixed,4x4,medium,14,1465,E4,2,23.0,4
original_fixed,4x4,medium,14,1470,B1,1,6.0,5
original_fixed,4x4,medium,14,1470,B2,2,12.0,10
original_fixed,4x4,medium,14,1470,B3,2,38.0,4
original_fixed,4x4,medium,14,1470,B4,4,55.0,4
original_fixed,4x4,medium,14,1470,C1,6,136.0,12
original_fixed,4x4,medium,14,1470,C2,3,29.0,9
original_fixed,4x4,medium,14,1470,C3,2,8.0,8
original_fixed,4x4,medium,14,1470,C4,6,89.0,9
original_fixed,4x4,medium,14,1470,D1,1,21.0,9
original_fixed,4x4,medium,14,1470,D2,4,32.0,5
original_fixed,4x4,medium,14,1470,D3,4,58.0,6
original_fixed,4x4,medium,14,1470,D4,1,31.0,2
original_fixed,4x4,medium,14,1470,E1,3,33.0,9
original_fixed,4x4,medium,14,1470,E2,7,86.0,11
original_fixed,4x4,medium,14,1470,E3,3,72.0,6
original_fixed,4x4,medium,14,1470,E4,3,38.0,6
original_fixed,4x4,medium,14,1475,B1,2,16.0,4
original_fixed,4x4,medium,14,1475,B2,3,25.0,12
original_fixed,4x4,medium,14,1475,B3,2,48.0,4
original_fixed,4x4,medium,14,1475,B4,4,75.0,4
original_fixed,4x4,medium,14,1475,C1,6,166.0,14
original_fixed,4x4,medium,14,1475,C2,3,44.0,8
original_fixed,4x4,medium,14,1475,C3,4,24.0,8
original_fixed,4x4,medium,14,1475,C4,6,119.0,9
original_fixed,4x4,medium,14,1475,D1,3,28.0,7
original_fixed,4x4,medium,14,1475,D2,4,52.0,5
original_fixed,4x4,medium,14,1475,D3,4,78.0,6
original_fixed,4x4,medium,14,1475,D4,1,36.0,4
original_fixed,4x4,medium,14,1475,E1,4,51.0,10
original_fixed,4x4,medium,14,1475,E2,7,121.0,11
original_fixed,4x4,medium,14,1475,E3,3,87.0,6
original_fixed,4x4,medium,14,1475,E4,3,53.0,7
original_fixed,4x4,medium,14,1480,B1,2,26.0,5
original_fixed,4x4,medium,14,1480,B2,5,46.0,13
original_fixed,4x4,medium,14,1480,B3,2,58.0,3
original_fixed,4x4,medium,14,1480,B4,4,95.0,7
original_fixed,4x4,medium,14,1480,C1,7,200.0,15
original_fixed,4x4,medium,14,1480,C2,3,59.0,5
original_fixed,4x4,medium,14,1480,C3,4,44.0,9
original_fixed,4x4,medium,14,1480,C4,8,155.0,9
original_fixed,4x4,medium,14,1480,D1,5,49.0,6
original_fixed,4x4,medium,14,1480,D2,4,72.0,5
original_fixed,4x4,medium,14,1480,D3,5,99.0,7
original_fixed,4x4,medium,14,1480,D4,1,41.0,4
original_fixed,4x4,medium,14,1480,E1,5,76.0,11
original_fixed,4x4,medium,14,1480,E2,9,164.0,11
original_fixed,4x4,medium,14,1480,E3,3,102.0,5
original_fixed,4x4,medium,14,1480,E4,3,68.0,7
original_fixed,4x4,medium,14,1485,B1,3,37.0,5
original_fixed,4x4,medium,14,1485,B2,6,72.0,13
original_fixed,4x4,medium,14,1485,B3,2,68.0,2
original_fixed,4x4,medium,14,1485,B4,4,115.0,8
original_fixed,4x4,medium,14,1485,C1,8,236.0,15
original_fixed,4x4,medium,14,1485,C2,4,78.0,5
original_fixed,4x4,medium,14,1485,C3,6,70.0,9
original_fixed,4x4,medium,14,1485,C4,8,195.0,13
original_fixed,4x4,medium,14,1485,D1,5,74.0,6
original_fixed,4x4,medium,14,1485,D2,4,92.0,5
original_fixed,4x4,medium,14,1485,D3,5,124.0,8
original_fixed,4x4,medium,14,1485,D4,1,46.0,4
original_fixed,4x4,medium,14,1485,E1,6,106.0,11
original_fixed,4x4,medium,14,1485,E2,9,209.0,10
original_fixed,4x4,medium,14,1485,E3,3,117.0,6
original_fixed,4x4,medium,14,1485,E4,3,83.0,7
original_fixed,4x4,medium,14,1490,B1,0,0.0,3
original_fixed,4x4,medium,14,1490,B2,3,7.0,11
original_fixed,4x4,medium,14,1490,B3,0,0.0,2
original_fixed,4x4,medium,14,1490,B4,0,0.0,7
original_fixed,4x4,medium,14,1490,C1,1,3.0,15
original_fixed,4x4,medium,14,1490,C2,1,3.0,4
original_fixed,4x4,medium,14,1490,C3,0,0.0,6
original_fixed,4x4,medium,14,1490,C4,1,4.0,9
original_fixed,4x4,medium,14,1490,D1,0,0.0,5
original_fixed,4x4,medium,14,1490,D2,0,0.0,3
original_fixed,4x4,medium,14,1490,D3,0,0.0,6
original_fixed,4x4,medium,14,1490,D4,1,1.0,4
original_fixed,4x4,medium,14,1490,E1,2,5.0,7
original_fixed,4x4,medium,14,1490,E2,2,38.0,8
original_fixed,4x4,medium,14,1490,E3,0,0.0,4
original_fixed,4x4,medium,14,1490,E4,2,7.0,6
original_fixed,4x4,medium,14,1495,B1,0,0.0,5
original_fixed,4x4,medium,14,1495,B2,2,16.0,7
original_fixed,4x4,medium,14,1495,B3,0,0.0,6
original_fixed,4x4,medium,14,1495,B4,0,0.0,8
original_fixed,4x4,medium,14,1495,C1,2,13.0,14
original_fixed,4x4,medium,14,1495,C2,1,8.0,3
original_fixed,4x4,medium,14,1495,C3,2,3.0,10
original_fixed,4x4,medium,14,1495,C4,1,9.0,9
original_fixed,4x4,medium,14,1495,D1,0,0.0,8
original_fixed,4x4,medium,14,1495,D2,0,0.0,5
original_fixed,4x4,medium,14,1495,D3,0,0.0,6
original_fixed,4x4,medium,14,1495,D4,1,6.0,4
original_fixed,4x4,medium,14,1495,E1,2,15.0,4
original_fixed,4x4,medium,14,1495,E2,0,0.0,8
original_fixed,4x4,medium,14,1495,E3,0,0.0,5
original_fixed,4x4,medium,14,1495,E4,2,17.0,7
original_fixed,4x4,medium,14,1500,B1,1,4.0,7
original_fixed,4x4,medium,14,1500,B2,3,31.0,6
original_fixed,4x4,medium,14,1500,B3,0,0.0,7
original_fixed,4x4,medium,14,1500,B4,2,5.0,8
original_fixed,4x4,medium,14,1500,C1,3,27.0,11
original_fixed,4x4,medium,14,1500,C2,1,13.0,6
original_fixed,4x4,medium,14,1500,C3,4,22.0,11
original_fixed,4x4,medium,14,1500,C4,3,20.0,8
original_fixed,4x4,medium,14,1500,D1,0,0.0,11
original_fixed,4x4,medium,14,1500,D2,0,0.0,4
original_fixed,4x4,medium,14,1500,D3,0,0.0,8
original_fixed,4x4,medium,14,1500,D4,1,11.0,5
original_fixed,4x4,medium,14,1500,E1,3,29.0,7
original_fixed,4x4,medium,14,1500,E2,0,0.0,6
original_fixed,4x4,medium,14,1500,E3,0,0.0,3
original_fixed,4x4,medium,14,1500,E4,3,30.0,8
original_fixed,4x4,medium,14,1505,B1,2,12.0,8
original_fixed,4x4,medium,14,1505,B2,3,46.0,5
original_fixed,4x4,medium,14,1505,B3,0,0.0,6
original_fixed,4x4,medium,14,1505,B4,3,19.0,8
original_fixed,4x4,medium,14,1505,C1,4,43.0,11
original_fixed,4x4,medium,14,1505,C2,1,18.0,5
original_fixed,4x4,medium,14,1505,C3,5,46.0,10
original_fixed,4x4,medium,14,1505,C4,4,39.0,9
original_fixed,4x4,medium,14,1505,D1,1,2.0,10
original_fixed,4x4,medium,14,1505,D2,0,0.0,3
original_fixed,4x4,medium,14,1505,D3,1,4.0,7
original_fixed,4x4,medium,14,1505,D4,1,16.0,4
original_fixed,4x4,medium,14,1505,E1,3,44.0,10
original_fixed,4x4,medium,14,1505,E2,0,0.0,5
original_fixed,4x4,medium,14,1505,E3,0,0.0,4
original_fixed,4x4,medium,14,1505,E4,4,47.0,8
original_fixed,4x4,medium,14,1510,B1,2,22.0,8
original_fixed,4x4,medium,14,1510,B2,4,66.0,6
original_fixed,4x4,medium,14,1510,B3,1,1.0,4
original_fixed,4x4,medium,14,1510,B4,4,37.0,6
original_fixed,4x4,medium,14,1510,C1,6,70.0,10
original_fixed,4x4,medium,14,1510,C2,3,25.0,6
original_fixed,4x4,medium,14,1510,C3,7,76.0,10
original_fixed,4x4,medium,14,1510,C4,5,63.0,8
original_fixed,4x4,medium,14,1510,D1,2,11.0,9
original_fixed,4x4,medium,14,1510,D2,0,0.0,2
original_fixed,4x4,medium,14,1510,D3,1,9.0,8
original_fixed,4x4,medium,14,1510,D4,2,24.0,4
original_fixed,4x4,medium,14,1510,E1,4,62.0,11
original_fixed,4x4,medium,14,1510,E2,3,4.0,4
original_fixed,4x4,medium,14,1510,E3,2,6.0,6
original_fixed,4x4,medium,14,1510,E4,5,69.0,9
original_fixed,4x4,medium,14,1515,B1,2,32.0,5
original_fixed,4x4,medium,14,1515,B2,4,86.0,7
original_fixed,4x4,medium,14,1515,B3,2,9.0,4
original_fixed,4x4,medium,14,1515,B4,5,60.0,5
original_fixed,4x4,medium,14,1515,C1,7,101.0,9
original_fixed,4x4,medium,14,1515,C2,2,35.0,6
original_fixed,4x4,medium,14,1515,C3,8,116.0,12
original_fixed,4x4,medium,14,1515,C4,6,93.0,9
original_fixed,4x4,medium,14,1515,D1,3,26.0,6
original_fixed,4x4,medium,14,1515,D2,1,5.0,7
original_fixed,4x4,medium,14,1515,D3,4,24.0,7
original_fixed,4x4,medium,14,1515,D4,2,34.0,4
original_fixed,4x4,medium,14,1515,E1,5,86.0,11
original_fixed,4x4,medium,14,1515,E2,3,19.0,6
original_fixed,4x4,medium,14,1515,E3,2,16.0,6
original_fixed,4x4,medium,14,1515,E4,5,94.0,9
original_fixed,4x4,medium,14,1520,B1,2,42.0,4
original_fixed,4x4,medium,14,1520,B2,4,106.0,7
original_fixed,4x4,medium,14,1520,B3,3,22.0,4
original_fixed,4x4,medium,14,1520,B4,5,85.0,5
original_fixed,4x4,medium,14,1520,C1,7,136.0,11
original_fixed,4x4,medium,14,1520,C2,2,45.0,6
original_fixed,4x4,medium,14,1520,C3,8,156.0,13
original_fixed,4x4,medium,14,1520,C4,6,123.0,8
original_fixed,4x4,medium,14,1520,D1,4,43.0,7
original_fixed,4x4,medium,14,1520,D2,1,10.0,7
original_fixed,4x4,medium,14,1520,D3,5,49.0,7
original_fixed,4x4,medium,14,1520,D4,2,44.0,4
original_fixed,4x4,medium,14,1520,E1,6,115.0,11
original_fixed,4x4,medium,14,1520,E2,3,34.0,6
original_fixed,4x4,medium,14,1520,E3,2,26.0,7
original_fixed,4x4,medium,14,1520,E4,5,119.0,8
original_fixed,4x4,medium,14,1525,B1,2,52.0,4
original_fixed,4x4,medium,14,1525,B2,5,129.0,9
original_fixed,4x4,medium,14,1525,B3,3,37.0,3
original_fixed,4x4,medium,14,1525,B4,5,110.0,8
original_fixed,4x4,medium,14,1525,C1,8,176.0,10
original_fixed,4x4,medium,14,1525,C2,3,59.0,5
original_fixed,4x4,medium,14,1525,C3,8,196.0,12
original_fixed,4x4,medium,14,1525,C4,6,153.0,8
original_fixed,4x4,medium,14,1525,D1,4,63.0,6
original_fixed,4x4,medium,14,1525,D2,2,19.0,7
original_fixed,4x4,medium,14,1525,D3,6,78.0,7
original_fixed,4x4,medium,14,1525,D4,2,54.0,4
original_fixed,4x4,medium,14,1525,E1,7,150.0,14
original_fixed,4x4,medium,14,1525,E2,3,49.0,7
original_fixed,4x4,medium,14,1525,E3,4,43.0,6
original_fixed,4x4,medium,14,1525,E4,5,144.0,8
original_fixed,4x4,medium,14,1530,B1,2,62.0,4
original_fixed,4x4,medium,14,1530,B2,6,156.0,9
original_fixed,4x4,medium,14,1530,B3,3,52.0,4
original_fixed,4x4,medium,14,1530,B4,5,135.0,9
original_fixed,4x4,medium,14,1530,C1,8,216.0,11
original_fixed,4x4,medium,14,1530,C2,5,79.0,6
original_fixed,4x4,medium,14,1530,C3,7,165.0,12
original_fixed,4x4,medium,14,1530,C4,6,183.0,9
original_fixed,4x4,medium,14,1530,D1,4,83.0,7
original_fixed,4x4,medium,14,1530,D2,2,29.0,6
original_fixed,4x4,medium,14,1530,D3,7,111.0,7
original_fixed,4x4,medium,14,1530,D4,2,64.0,4
original_fixed,4x4,medium,14,1530,E1,7,185.0,14
original_fixed,4x4,medium,14,1530,E2,3,64.0,8
original_fixed,4x4,medium,14,1530,E3,4,63.0,5
original_fixed,4x4,medium,14,1530,E4,5,169.0,8
original_fixed,4x4,medium,14,1535,B1,0,0.0,4
original_fixed,4x4,medium,14,1535,B2,1,7.0,7
original_fixed,4x4,medium,14,1535,B3,0,0.0,3
original_fixed,4x4,medium,14,1535,B4,0,0.0,6
original_fixed,4x4,medium,14,1535,C1,1,1.0,8
original_fixed,4x4,medium,14,1535,C2,0,0.0,4
original_fixed,4x4,medium,14,1535,C3,4,14.0,11
original_fixed,4x4,medium,14,1535,C4,1,3.0,6
original_fixed,4x4,medium,14,1535,D1,1,3.0,4
original_fixed,4x4,medium,14,1535,D2,1,4.0,6
original_fixed,4x4,medium,14,1535,D3,0,0.0,5
original_fixed,4x4,medium,14,1535,D4,1,2.0,3
original_fixed,4x4,medium,14,1535,E1,2,7.0,13
original_fixed,4x4,medium,14,1535,E2,0,0.0,8
original_fixed,4x4,medium,14,1535,E3,0,0.0,0
original_fixed,4x4,medium,14,1535,E4,2,5.0,7
original_fixed,4x4,medium,14,1540,B1,0,0.0,3
original_fixed,4x4,medium,14,1540,B2,2,17.0,7
original_fixed,4x4,medium,14,1540,B3,0,0.0,6
original_fixed,4x4,medium,14,1540,B4,1,2.0,4
original_fixed,4x4,medium,14,1540,C1,4,13.0,7
original_fixed,4x4,medium,14,1540,C2,0,0.0,4
original_fixed,4x4,medium,14,1540,C3,6,40.0,12
original_fixed,4x4,medium,14,1540,C4,2,13.0,5
original_fixed,4x4,medium,14,1540,D1,1,8.0,6
original_fixed,4x4,medium,14,1540,D2,1,9.0,9
original_fixed,4x4,medium,14,1540,D3,0,0.0,3
original_fixed,4x4,medium,14,1540,D4,1,7.0,7
original_fixed,4x4,medium,14,1540,E1,7,28.0,13
original_fixed,4x4,medium,14,1540,E2,0,0.0,5
original_fixed,4x4,medium,14,1540,E3,0,0.0,1
original_fixed,4x4,medium,14,1540,E4,3,18.0,8
original_fixed,4x4,medium,14,1545,B1,1,5.0,3
original_fixed,4x4,medium,14,1545,B2,2,27.0,7
original_fixed,4x4,medium,14,1545,B3,0,0.0,6
original_fixed,4x4,medium,14,1545,B4,1,7.0,4
original_fixed,4x4,medium,14,1545,C1,2,9.0,6
original_fixed,4x4,medium,14,1545,C2,0,0.0,6
original_fixed,4x4,medium,14,1545,C3,6,70.0,12
original_fixed,4x4,medium,14,1545,C4,1,13.0,6
original_fixed,4x4,medium,14,1545,D1,1,13.0,6
original_fixed,4x4,medium,14,1545,D2,2,18.0,9
original_fixed,4x4,medium,14,1545,D3,0,0.0,3
original_fixed,4x4,medium,14,1545,D4,2,17.0,8
original_fixed,4x4,medium,14,1545,E1,6,53.0,13
original_fixed,4x4,medium,14,1545,E2,1,3.0,5
original_fixed,4x4,medium,14,1545,E3,0,0.0,3
original_fixed,4x4,medium,14,1545,E4,3,33.0,8
original_fixed,4x4,medium,14,1550,B1,1,10.0,2
original_fixed,4x4,medium,14,1550,B2,2,37.0,7
original_fixed,4x4,medium,14,1550,B3,0,0.0,5
original_fixed,4x4,medium,14,1550,B4,2,16.0,5
original_fixed,4x4,medium,14,1550,C1,2,19.0,5
original_fixed,4x4,medium,14,1550,C2,0,0.0,5
original_fixed,4x4,medium,14,1550,C3,6,100.0,13
original_fixed,4x4,medium,14,1550,C4,1,18.0,4
original_fixed,4x4,medium,14,1550,D1,1,18.0,7
original_fixed,4x4,medium,14,1550,D2,2,28.0,7
original_fixed,4x4,medium,14,1550,D3,0,0.0,3
original_fixed,4x4,medium,14,1550,D4,2,27.0,7
original_fixed,4x4,medium,14,1550,E1,6,83.0,13
original_fixed,4x4,medium,14,1550,E2,1,8.0,2
original_fixed,4x4,medium,14,1550,E3,0,0.0,6
original_fixed,4x4,medium,14,1550,E4,3,48.0,8
original_fixed,4x4,medium,14,1555,B1,1,15.0,3
original_fixed,4x4,medium,14,1555,B2,4,54.0,6
original_fixed,4x4,medium,14,1555,B3,1,3.0,3
original_fixed,4x4,medium,14,1555,B4,2,26.0,6
original_fixed,4x4,medium,14,1555,C1,2,29.0,6
original_fixed,4x4,medium,14,1555,C2,0,0.0,5
original_fixed,4x4,medium,14,1555,C3,7,135.0,13
original_fixed,4x4,medium,14,1555,C4,1,23.0,3
original_fixed,4x4,medium,14,1555,D1,2,25.0,8
original_fixed,4x4,medium,14,1555,D2,2,38.0,5
original_fixed,4x4,medium,14,1555,D3,1,1.0,3
original_fixed,4x4,medium,14,1555,D4,2,37.0,8
original_fixed,4x4,medium,14,1555,E1,6,113.0,12
original_fixed,4x4,medium,14,1555,E2,1,13.0,2
original_fixed,4x4,medium,14,1555,E3,0,0.0,5
original_fixed,4x4,medium,14,1555,E4,3,63.0,9
original_fixed,4x4,medium,14,1560,B1,1,20.0,3
original_fixed,4x4,medium,14,1560,B2,4,74.0,6
original_fixed,4x4,medium,14,1560,B3,2,12.0,4
original_fixed,4x4,medium,14,1560,B4,2,36.0,7
original_fixed,4x4,medium,14,1560,C1,2,39.0,8
original_fixed,4x4,medium,14,1560,C2,0,0.0,6
original_fixed,4x4,medium,14,1560,C3,7,127.0,12
original_fixed,4x4,medium,14,1560,C4,2,29.0,3
original_fixed,4x4,medium,14,1560,D1,3,38.0,9
original_fixed,4x4,medium,14,1560,D2,2,48.0,4
original_fixed,4x4,medium,14,1560,D3,1,6.0,3
original_fixed,4x4,medium,14,1560,D4,4,53.0,8
original_fixed,4x4,medium,14,1560,E1,5,87.0,11
original_fixed,4x4,medium,14,1560,E2,1,18.0,3
original_fixed,4x4,medium,14,1560,E3,0,0.0,4
original_fixed,4x4,medium,14,1560,E4,5,85.0,10
original_fixed,4x4,medium,14,1565,B1,1,25.0,4
original_fixed,4x4,medium,14,1565,B2,4,94.0,6
original_fixed,4x4,medium,14,1565,B3,2,22.0,6
original_fixed,4x4,medium,14,1565,B4,4,50.0,6
original_fixed,4x4,medium,14,1565,C1,2,49.0,7
original_fixed,4x4,medium,14,1565,C2,1,5.0,6
original_fixed,4x4,medium,14,1565,C3,5,121.0,10
original_fixed,4x4,medium,14,1565,C4,3,44.0,5
original_fixed,4x4,medium,14,1565,D1,4,58.0,9
original_fixed,4x4,medium,14,1565,D2,2,58.0,4
original_fixed,4x4,medium,14,1565,D3,1,11.0,3
original_fixed,4x4,medium,14,1565,D4,4,73.0,7
original_fixed,4x4,medium,14,1565,E1,6,117.0,8
original_fixed,4x4,medium,14,1565,E2,2,27.0,6
original_fixed,4x4,medium,14,1565,E3,1,1.0,4
original_fixed,4x4,medium,14,1565,E4,5,110.0,9
original_fixed,4x4,medium,14,1570,B1,2,33.0,5
original_fixed,4x4,medium,14,1570,B2,4,114.0,5
original_fixed,4x4,medium,14,1570,B3,2,32.0,8
original_fixed,4x4,medium,14,1570,B4,4,70.0,7
original_fixed,4x4,medium,14,1570,C1,2,59.0,6
original_fixed,4x4,medium,14,1570,C2,2,14.0,8
original_fixed,4x4,medium,14,1570,C3,6,151.0,7
original_fixed,4x4,medium,14,1570,C4,3,59.0,7
original_fixed,4x4,medium,14,1570,D1,6,84.0,8
original_fixed,4x4,medium,14,1570,D2,2,68.0,3
original_fixed,4x4,medium,14,1570,D3,1,16.0,4
original_fixed,4x4,medium,14,1570,D4,4,93.0,9
original_fixed,4x4,medium,14,1570,E1,6,147.0,8
original_fixed,4x4,medium,14,1570,E2,2,37.0,6
original_fixed,4x4,medium,14,1570,E3,2,8.0,5
original_fixed,4x4,medium,14,1570,E4,6,140.0,8
original_fixed,4x4,medium,14,1575,B1,2,43.0,5
original_fixed,4x4,medium,14,1575,B2,4,134.0,5
original_fixed,4x4,medium,14,1575,B3,3,43.0,9
original_fixed,4x4,medium,14,1575,B4,4,90.0,5
original_fixed,4x4,medium,14,1575,C1,2,69.0,5
original_fixed,4x4,medium,14,1575,C2,2,24.0,10
original_fixed,4x4,medium,14,1575,C3,7,182.0,7
original_fixed,4x4,medium,14,1575,C4,3,74.0,8
original_fixed,4x4,medium,14,1575,D1,8,120.0,10
original_fixed,4x4,medium,14,1575,D2,2,78.0,4
original_fixed,4x4,medium,14,1575,D3,1,21.0,4
original_fixed,4x4,medium,14,1575,D4,6,120.0,11
original_fixed,4x4,medium,14,1575,E1,6,177.0,7
original_fixed,4x4,medium,14,1575,E2,2,47.0,7
original_fixed,4x4,medium,14,1575,E3,2,18.0,4
original_fixed,4x4,medium,14,1575,E4,6,170.0,7
original_fixed,4x4,medium,14,1580,B1,0,0.0,4
original_fixed,4x4,medium,14,1580,B2,0,0.0,3
original_fixed,4x4,medium,14,1580,B3,1,1.0,6
original_fixed,4x4,medium,14,1580,B4,1,1.0,4
original_fixed,4x4,medium,14,1580,C1,1,4.0,6
original_fixed,4x4,medium,14,1580,C2,2,5.0,7
original_fixed,4x4,medium,14,1580,C3,0,0.0,5
original_fixed,4x4,medium,14,1580,C4,1,2.0,6
original_fixed,4x4,medium,14,1580,D1,0,0.0,10
original_fixed,4x4,medium,14,1580,D2,1,1.0,4
original_fixed,4x4,medium,14,1580,D3,0,0.0,7
original_fixed,4x4,medium,14,1580,D4,0,0.0,10
original_fixed,4x4,medium,14,1580,E1,0,0.0,4
original_fixed,4x4,medium,14,1580,E2,2,4.0,5
original_fixed,4x4,medium,14,1580,E3,0,0.0,4
original_fixed,4x4,medium,14,1580,E4,1,4.0,3
original_fixed,4x4,medium,14,1585,B1,0,0.0,5
original_fixed,4x4,medium,14,1585,B2,0,0.0,3
original_fixed,4x4,medium,14,1585,B3,1,6.0,6
original_fixed,4x4,medium,14,1585,B4,0,0.0,7
original_fixed,4x4,medium,14,1585,C1,2,13.0,8
original_fixed,4x4,medium,14,1585,C2,2,15.0,8
original_fixed,4x4,medium,14,1585,C3,1,5.0,5
original_fixed,4x4,medium,14,1585,C4,1,7.0,8
original_fixed,4x4,medium,14,1585,D1,3,10.0,9
original_fixed,4x4,medium,14,1585,D2,1,6.0,6
original_fixed,4x4,medium,14,1585,D3,2,7.0,8
original_fixed,4x4,medium,14,1585,D4,1,1.0,11
original_fixed,4x4,medium,14,1585,E1,1,2.0,4
original_fixed,4x4,medium,14,1585,E2,3,17.0,9
original_fixed,4x4,medium,14,1585,E3,0,0.0,7
original_fixed,4x4,medium,14,1585,E4,1,9.0,3
original_fixed,4x4,medium,14,1590,B1,0,0.0,6
original_fixed,4x4,medium,14,1590,B2,0,0.0,4
original_fixed,4x4,medium,14,1590,B3,1,11.0,5
original_fixed,4x4,medium,14,1590,B4,1,3.0,8
original_fixed,4x4,medium,14,1590,C1,3,27.0,8
original_fixed,4x4,medium,14,1590,C2,4,30.0,10
original_fixed,4x4,medium,14,1590,C3,1,10.0,4
original_fixed,4x4,medium,14,1590,C4,2,15.0,9
original_fixed,4x4,medium,14,1590,D1,4,26.0,10
original_fixed,4x4,medium,14,1590,D2,1,11.0,6
original_fixed,4x4,medium,14,1590,D3,3,21.0,8
original_fixed,4x4,medium,14,1590,D4,2,7.0,10
original_fixed,4x4,medium,14,1590,E1,1,7.0,5
original_fixed,4x4,medium,14,1590,E2,3,32.0,9
original_fixed,4x4,medium,14,1590,E3,0,0.0,7
original_fixed,4x4,medium,14,1590,E4,1,14.0,4
original_fixed,4x4,medium,14,1595,B1,0,0.0,5
original_fixed,4x4,medium,14,1595,B2,0,0.0,4
original_fixed,4x4,medium,14,1595,B3,1,16.0,5
original_fixed,4x4,medium,14,1595,B4,2,9.0,7
original_fixed,4x4,medium,14,1595,C1,4,43.0,7
original_fixed,4x4,medium,14,1595,C2,4,50.0,10
original_fixed,4x4,medium,14,1595,C3,1,15.0,3
original_fixed,4x4,medium,14,1595,C4,4,32.0,9
original_fixed,4x4,medium,14,1595,D1,5,49.0,11
original_fixed,4x4,medium,14,1595,D2,1,16.0,5
original_fixed,4x4,medium,14,1595,D3,4,37.0,9
original_fixed,4x4,medium,14,1595,D4,2,17.0,8
original_fixed,4x4,medium,14,1595,E1,1,12.0,5
original_fixed,4x4,medium,14,1595,E2,4,52.0,9
original_fixed,4x4,medium,14,1595,E3,0,0.0,6
original_fixed,4x4,medium,14,1595,E4,1,19.0,5
original_fixed,4x4,medium,14,1600,B1,1,2.0,4
original_fixed,4x4,medium,14,1600,B2,0,0.0,4
original_fixed,4x4,medium,14,1600,B3,1,21.0,4
original_fixed,4x4,medium,14,1600,B4,2,19.0,6
original_fixed,4x4,medium,14,1600,C1,4,63.0,5
original_fixed,4x4,medium,14,1600,C2,4,70.0,9
original_fixed,4x4,medium,14,1600,C3,1,2.0,3
original_fixed,4x4,medium,14,1600,C4,4,52.0,8
original_fixed,4x4,medium,14,1600,D1,5,41.0,12
original_fixed,4x4,medium,14,1600,D2,1,21.0,8
original_fixed,4x4,medium,14,1600,D3,5,60.0,9
original_fixed,4x4,medium,14,1600,D4,4,34.0,9
original_fixed,4x4,medium,14,1600,E1,1,17.0,4
original_fixed,4x4,medium,14,1600,E2,6,78.0,10
original_fixed,4x4,medium,14,1600,E3,2,7.0,5
original_fixed,4x4,medium,14,1600,E4,3,27.0,5
original_fixed,4x4,medium,14,1605,B1,1,7.0,5
original_fixed,4x4,medium,14,1605,B2,2,7.0,3
original_fixed,4x4,medium,14,1605,B3,1,26.0,3
original_fixed,4x4,medium,14,1605,B4,3,34.0,8
original_fixed,4x4,medium,14,1605,C1,4,83.0,5
original_fixed,4x4,medium,14,1605,C2,4,90.0,7
original_fixed,4x4,medium,14,1605,C3,1,7.0,6
original_fixed,4x4,medium,14,1605,C4,4,72.0,7
original_fixed,4x4,medium,14,1605,D1,3,18.0,10
original_fixed,4x4,medium,14,1605,D2,1,26.0,7
original_fixed,4x4,medium,14,1605,D3,5,85.0,10
original_fixed,4x4,medium,14,1605,D4,3,46.0,9
original_fixed,4x4,medium,14,1605,E1,2,24.0,5
original_fixed,4x4,medium,14,1605,E2,7,112.0,10
original_fixed,4x4,medium,14,1605,E3,3,22.0,4
original_fixed,4x4,medium,14,1605,E4,3,42.0,7
original_fixed,4x4,medium,14,1610,B1,2,16.0,5
original_fixed,4x4,medium,14,1610,B2,2,17.0,3
original_fixed,4x4,medium,14,1610,B3,1,31.0,3
original_fixed,4x4,medium,14,1610,B4,4,54.0,9
original_fixed,4x4,medium,14,1610,C1,4,103.0,6
original_fixed,4x4,medium,14,1610,C2,5,115.0,6
original_fixed,4x4,medium,14,1610,C3,1,12.0,7
original_fixed,4x4,medium,14,1610,C4,4,92.0,6
original_fixed,4x4,medium,14,1610,D1,3,33.0,7
original_fixed,4x4,medium,14,1610,D2,2,32.0,7
original_fixed,4x4,medium,14,1610,D3,5,110.0,8
original_fixed,4x4,medium,14,1610,D4,4,64.0,8
original_fixed,4x4,medium,14,1610,E1,3,36.0,5
original_fixed,4x4,medium,14,1610,E2,7,147.0,9
original_fixed,4x4,medium,14,1610,E3,4,39.0,7
original_fixed,4x4,medium,14,1610,E4,4,61.0,8
original_fixed,4x4,medium,14,1615,B1,2,26.0,5
original_fixed,4x4,medium,14,1615,B2,2,27.0,3
original_fixed,4x4,medium,14,1615,B3,1,36.0,3
original_fixed,4x4,medium,14,1615,B4,4,74.0,7
original_fixed,4x4,medium,14,1615,C1,4,123.0,8
original_fixed,4x4,medium,14,1615,C2,6,142.0,6
original_fixed,4x4,medium,14,1615,C3,2,18.0,8
original_fixed,4x4,medium,14,1615,C4,4,112.0,5
original_fixed,4x4,medium,14,1615,D1,5,51.0,5
original_fixed,4x4,medium,14,1615,D2,2,42.0,8
original_fixed,4x4,medium,14,1615,D3,5,135.0,9
original_fixed,4x4,medium,14,1615,D4,7,92.0,11
original_fixed,4x4,medium,14,1615,E1,3,51.0,5
original_fixed,4x4,medium,14,1615,E2,7,182.0,8
original_fixed,4x4,medium,14,1615,E3,4,59.0,8
original_fixed,4x4,medium,14,1615,E4,4,81.0,8
original_fixed,4x4,medium,14,1620,B1,2,36.0,5
original_fixed,4x4,medium,14,1620,B2,2,37.0,4
original_fixed,4x4,medium,14,1620,B3,2,45.0,3
original_fixed,4x4,medium,14,1620,B4,4,94.0,5
original_fixed,4x4,medium,14,1620,C1,4,143.0,8
original_fixed,4x4,medium,14,1620,C2,6,172.0,6
original_fixed,4x4,medium,14,1620,C3,3,31.0,9
original_fixed,4x4,medium,14,1620,C4,5,134.0,5
original_fixed,4x4,medium,14,1620,D1,4,64.0,5
original_fixed,4x4,medium,14,1620,D2,4,60.0,9
original_fixed,4x4,medium,14,1620,D3,5,160.0,11
original_fixed,4x4,medium,14,1620,D4,8,130.0,11
original_fixed,4x4,medium,14,1620,E1,4,67.0,5
original_fixed,4x4,medium,14,1620,E2,7,217.0,9
original_fixed,4x4,medium,14,1620,E3,4,79.0,10
original_fixed,4x4,medium,14,1620,E4,4,101.0,9
original_fixed,4x4,medium,14,1625,B1,0,0.0,4
original_fixed,4x4,medium,14,1625,B2,1,3.0,3
original_fixed,4x4,medium,14,1625,B3,0,0.0,3
original_fixed,4x4,medium,14,1625,B4,1,2.0,3
original_fixed,4x4,medium,14,1625,C1,1,1.0,7
original_fixed,4x4,medium,14,1625,C2,0,0.0,6
original_fixed,4x4,medium,14,1625,C3,2,5.0,7
original_fixed,4x4,medium,14,1625,C4,1,7.0,6
original_fixed,4x4,medium,14,1625,D1,2,11.0,5
original_fixed,4x4,medium,14,1625,D2,1,2.0,6
original_fixed,4x4,medium,14,1625,D3,0,0.0,8
original_fixed,4x4,medium,14,1625,D4,0,0.0,9
original_fixed,4x4,medium,14,1625,E1,2,10.0,5
original_fixed,4x4,medium,14,1625,E2,1,4.0,9
original_fixed,4x4,medium,14,1625,E3,1,1.0,10
original_fixed,4x4,medium,14,1625,E4,0,0.0,5
original_fixed,4x4,medium,14,1630,B1,2,6.0,4
original_fixed,4x4,medium,14,1630,B2,1,8.0,3
original_fixed,4x4,medium,14,1630,B3,0,0.0,3
original_fixed,4x4,medium,14,1630,B4,1,7.0,5
original_fixed,4x4,medium,14,1630,C1,3,14.0,8
original_fixed,4x4,medium,14,1630,C2,3,11.0,7
original_fixed,4x4,medium,14,1630,C3,2,15.0,7
original_fixed,4x4,medium,14,1630,C4,1,12.0,7
original_fixed,4x4,medium,14,1630,D1,2,21.0,7
original_fixed,4x4,medium,14,1630,D2,1,7.0,8
original_fixed,4x4,medium,14,1630,D3,1,3.0,9
original_fixed,4x4,medium,14,1630,D4,0,0.0,9
original_fixed,4x4,medium,14,1630,E1,2,20.0,7
original_fixed,4x4,medium,14,1630,E2,1,9.0,10
original_fixed,4x4,medium,14,1630,E3,2,8.0,10
original_fixed,4x4,medium,14,1630,E4,0,0.0,3
original_fixed,4x4,medium,14,1635,B1,3,17.0,5
original_fixed,4x4,medium,14,1635,B2,1,13.0,3
original_fixed,4x4,medium,14,1635,B3,1,4.0,2
original_fixed,4x4,medium,14,1635,B4,1,12.0,5
original_fixed,4x4,medium,14,1635,C1,4,34.0,8
original_fixed,4x4,medium,14,1635,C2,3,26.0,7
original_fixed,4x4,medium,14,1635,C3,2,25.0,9
original_fixed,4x4,medium,14,1635,C4,1,17.0,9
original_fixed,4x4,medium,14,1635,D1,2,31.0,9
original_fixed,4x4,medium,14,1635,D2,1,12.0,7
original_fixed,4x4,medium,14,1635,D3,2,10.0,10
original_fixed,4x4,medium,14,1635,D4,2,7.0,9
original_fixed,4x4,medium,14,1635,E1,2,30.0,8
original_fixed,4x4,medium,14,1635,E2,2,16.0,9
original_fixed,4x4,medium,14,1635,E3,3,21.0,11
original_fixed,4x4,medium,14,1635,E4,1,4.0,3
original_fixed,4x4,medium,14,1640,B1,4,34.0,6
original_fixed,4x4,medium,14,1640,B2,1,18.0,1
original_fixed,4x4,medium,14,1640,B3,1,9.0,2
original_fixed,4x4,medium,14,1640,B4,1,17.0,7
original_fixed,4x4,medium,14,1640,C1,5,55.0,7
original_fixed,4x4,medium,14,1640,C2,4,42.0,8
original_fixed,4x4,medium,14,1640,C3,2,35.0,9
original_fixed,4x4,medium,14,1640,C4,1,22.0,8
original_fixed,4x4,medium,14,1640,D1,3,45.0,7
original_fixed,4x4,medium,14,1640,D2,2,22.0,7
original_fixed,4x4,medium,14,1640,D3,2,20.0,8
original_fixed,4x4,medium,14,1640,D4,1,9.0,9
original_fixed,4x4,medium,14,1640,E1,2,40.0,6
original_fixed,4x4,medium,14,1640,E2,3,27.0,9
original_fixed,4x4,medium,14,1640,E3,4,37.0,9
original_fixed,4x4,medium,14,1640,E4,1,9.0,4
original_fixed,4x4,medium,14,1645,B1,4,54.0,6
original_fixed,4x4,medium,14,1645,B2,1,23.0,5
original_fixed,4x4,medium,14,1645,B3,1,14.0,3
original_fixed,4x4,medium,14,1645,B4,1,22.0,6
original_fixed,4x4,medium,14,1645,C1,6,83.0,8
original_fixed,4x4,medium,14,1645,C2,4,30.0,8
original_fixed,4x4,medium,14,1645,C3,3,48.0,9
original_fixed,4x4,medium,14,1645,C4,3,31.0,9
original_fixed,4x4,medium,14,1645,D1,3,60.0,7
original_fixed,4x4,medium,14,1645,D2,2,32.0,5
original_fixed,4x4,medium,14,1645,D3,3,33.0,9
original_fixed,4x4,medium,14,1645,D4,3,20.0,7
original_fixed,4x4,medium,14,1645,E1,2,50.0,7
original_fixed,4x4,medium,14,1645,E2,4,47.0,6
original_fixed,4x4,medium,14,1645,E3,4,57.0,12
original_fixed,4x4,medium,14,1645,E4,2,16.0,7
original_fixed,4x4,medium,14,1650,B1,5,75.0,6
original_fixed,4x4,medium,14,1650,B2,1,28.0,8
original_fixed,4x4,medium,14,1650,B3,1,19.0,3
original_fixed,4x4,medium,14,1650,B4,3,37.0,6
original_fixed,4x4,medium,14,1650,C1,6,113.0,7
original_fixed,4x4,medium,14,1650,C2,1,7.0,8
original_fixed,4x4,medium,14,1650,C3,5,70.0,11
original_fixed,4x4,medium,14,1650,C4,4,48.0,8
original_fixed,4x4,medium,14,1650,D1,5,83.0,8
original_fixed,4x4,medium,14,1650,D2,4,49.0,5
original_fixed,4x4,medium,14,1650,D3,4,50.0,11
original_fixed,4x4,medium,14,1650,D4,3,35.0,8
original_fixed,4x4,medium,14,1650,E1,2,60.0,7
original_fixed,4x4,medium,14,1650,E2,4,67.0,4
original_fixed,4x4,medium,14,1650,E3,6,85.0,11
original_fixed,4x4,medium,14,1650,E4,3,29.0,9
original_fixed,4x4,medium,14,1655,B1,5,100.0,5
original_fixed,4x4,medium,14,1655,B2,1,33.0,10
original_fixed,4x4,medium,14,1655,B3,1,24.0,3
original_fixed,4x4,medium,14,1655,B4,4,54.0,6
original_fixed,4x4,medium,14,1655,C1,6,143.0,8
original_fixed,4x4,medium,14,1655,C2,1,12.0,5
original_fixed,4x4,medium,14,1655,C3,6,97.0,11
original_fixed,4x4,medium,14,1655,C4,6,75.0,8
original_fixed,4x4,medium,14,1655,D1,5,108.0,8
original_fixed,4x4,medium,14,1655,D2,5,70.0,6
original_fixed,4x4,medium,14,1655,D3,5,71.0,11
original_fixed,4x4,medium,14,1655,D4,3,50.0,8
original_fixed,4x4,medium,14,1655,E1,3,73.0,9
original_fixed,4x4,medium,14,1655,E2,4,87.0,4
original_fixed,4x4,medium,14,1655,E3,7,120.0,13
original_fixed,4x4,medium,14,1655,E4,3,44.0,10
original_fixed,4x4,medium,14,1660,B1,5,125.0,6
original_fixed,4x4,medium,14,1660,B2,1,38.0,8
original_fixed,4x4,medium,14,1660,B3,1,29.0,4
original_fixed,4x4,medium,14,1660,B4,4,74.0,5
original_fixed,4x4,medium,14,1660,C1,6,173.0,8
original_fixed,4x4,medium,14,1660,C2,2,22.0,4
original_fixed,4x4,medium,14,1660,C3,7,131.0,12
original_fixed,4x4,medium,14,1660,C4,6,105.0,10
original_fixed,4x4,medium,14,1660,D1,6,135.0,11
original_fixed,4x4,medium,14,1660,D2,5,95.0,6
original_fixed,4x4,medium,14,1660,D3,6,98.0,10
original_fixed,4x4,medium,14,1660,D4,4,68.0,8
original_fixed,4x4,medium,14,1660,E1,3,88.0,7
original_fixed,4x4,medium,14,1660,E2,4,107.0,4
original_fixed,4x4,medium,14,1660,E3,8,156.0,11
original_fixed,4x4,medium,14,1660,E4,5,63.0,8
original_fixed,4x4,medium,14,1665,B1,5,150.0,7
original_fixed,4x4,medium,14,1665,B2,3,49.0,7
original_fixed,4x4,medium,14,1665,B3,2,37.0,6
original_fixed,4x4,medium,14,1665,B4,4,94.0,4
original_fixed,4x4,medium,14,1665,C1,6,203.0,9
original_fixed,4x4,medium,14,1665,C2,4,38.0,5
original_fixed,4x4,medium,14,1665,C3,7,166.0,13
original_fixed,4x4,medium,14,1665,C4,7,138.0,10
original_fixed,4x4,medium,14,1665,D1,7,166.0,14
original_fixed,4x4,medium,14,1665,D2,5,120.0,6
original_fixed,4x4,medium,14,1665,D3,6,128.0,10
original_fixed,4x4,medium,14,1665,D4,4,88.0,8
original_fixed,4x4,medium,14,1665,E1,3,103.0,7
original_fixed,4x4,medium,14,1665,E2,4,127.0,5
original_fixed,4x4,medium,14,1665,E3,8,196.0,10
original_fixed,4x4,medium,14,1665,E4,5,88.0,10
original_fixed,4x4,medium,14,1670,B1,1,1.0,6
original_fixed,4x4,medium,14,1670,B2,1,1.0,6
original_fixed,4x4,medium,14,1670,B3,1,5.0,6
original_fixed,4x4,medium,14,1670,B4,0,0.0,1
original_fixed,4x4,medium,14,1670,C1,0,0.0,7
original_fixed,4x4,medium,14,1670,C2,1,7.0,4
original_fixed,4x4,medium,14,1670,C3,1,14.0,11
original_fixed,4x4,medium,14,1670,C4,0,0.0,7
original_fixed,4x4,medium,14,1670,D1,1,1.0,13
original_fixed,4x4,medium,14,1670,D2,1,2.0,7
original_fixed,4x4,medium,14,1670,D3,1,5.0,9
original_fixed,4x4,medium,14,1670,D4,0,0.0,4
original_fixed,4x4,medium,14,1670,E1,2,5.0,7
original_fixed,4x4,medium,14,1670,E2,0,0.0,2
original_fixed,4x4,medium,14,1670,E3,1,1.0,8
original_fixed,4x4,medium,14,1670,E4,1,5.0,7
original_fixed,4x4,medium,14,1675,B1,2,10.0,10
original_fixed,4x4,medium,14,1675,B2,1,6.0,6
original_fixed,4x4,medium,14,1675,B3,1,10.0,8
original_fixed,4x4,medium,14,1675,B4,0,0.0,4
original_fixed,4x4,medium,14,1675,C1,1,1.0,7
original_fixed,4x4,medium,14,1675,C2,1,12.0,4
original_fixed,4x4,medium,14,1675,C3,1,2.0,10
original_fixed,4x4,medium,14,1675,C4,1,2.0,6
original_fixed,4x4,medium,14,1675,D1,3,10.0,11
original_fixed,4x4,medium,14,1675,D2,1,7.0,9
original_fixed,4x4,medium,14,1675,D3,2,11.0,14
original_fixed,4x4,medium,14,1675,D4,0,0.0,8
original_fixed,4x4,medium,14,1675,E1,4,23.0,7
original_fixed,4x4,medium,14,1675,E2,0,0.0,2
original_fixed,4x4,medium,14,1675,E3,0,0.0,7
original_fixed,4x4,medium,14,1675,E4,1,10.0,6
original_fixed,4x4,medium,14,1680,B1,4,27.0,11
original_fixed,4x4,medium,14,1680,B2,1,11.0,5
original_fixed,4x4,medium,14,1680,B3,2,20.0,9
original_fixed,4x4,medium,14,1680,B4,0,0.0,6
original_fixed,4x4,medium,14,1680,C1,1,6.0,8
original_fixed,4x4,medium,14,1680,C2,1,17.0,6
original_fixed,4x4,medium,14,1680,C3,3,13.0,9
original_fixed,4x4,medium,14,1680,C4,2,9.0,6
original_fixed,4x4,medium,14,1680,D1,3,15.0,9
original_fixed,4x4,medium,14,1680,D2,1,12.0,9
original_fixed,4x4,medium,14,1680,D3,4,29.0,14
original_fixed,4x4,medium,14,1680,D4,1,1.0,9
original_fixed,4x4,medium,14,1680,E1,4,43.0,7
original_fixed,4x4,medium,14,1680,E2,0,0.0,2
original_fixed,4x4,medium,14,1680,E3,1,2.0,6
original_fixed,4x4,medium,14,1680,E4,2,17.0,6
original_fixed,4x4,medium,14,1685,B1,4,47.0,13
original_fixed,4x4,medium,14,1685,B2,1,16.0,6
original_fixed,4x4,medium,14,1685,B3,3,35.0,9
original_fixed,4x4,medium,14,1685,B4,0,0.0,5
original_fixed,4x4,medium,14,1685,C1,1,11.0,10
original_fixed,4x4,medium,14,1685,C2,1,22.0,7
original_fixed,4x4,medium,14,1685,C3,3,28.0,7
original_fixed,4x4,medium,14,1685,C4,3,24.0,7
original_fixed,4x4,medium,14,1685,D1,2,22.0,6
original_fixed,4x4,medium,14,1685,D2,2,18.0,9
original_fixed,4x4,medium,14,1685,D3,6,51.0,14
original_fixed,4x4,medium,14,1685,D4,2,10.0,9
original_fixed,4x4,medium,14,1685,E1,4,37.0,7
original_fixed,4x4,medium,14,1685,E2,0,0.0,4
original_fixed,4x4,medium,14,1685,E3,0,0.0,3
original_fixed,4x4,medium,14,1685,E4,2,27.0,5
original_fixed,4x4,medium,14,1690,B1,5,71.0,12
original_fixed,4x4,medium,14,1690,B2,4,29.0,7
original_fixed,4x4,medium,14,1690,B3,4,54.0,9
original_fixed,4x4,medium,14,1690,B4,0,0.0,4
original_fixed,4x4,medium,14,1690,C1,3,21.0,9
original_fixed,4x4,medium,14,1690,C2,1,27.0,10
original_fixed,4x4,medium,14,1690,C3,4,44.0,8
original_fixed,4x4,medium,14,1690,C4,3,39.0,4
original_fixed,4x4,medium,14,1690,D1,2,32.0,4
original_fixed,4x4,medium,14,1690,D2,2,28.0,9
original_fixed,4x4,medium,14,1690,D3,8,86.0,11
original_fixed,4x4,medium,14,1690,D4,4,25.0,7
original_fixed,4x4,medium,14,1690,E1,3,51.0,6
original_fixed,4x4,medium,14,1690,E2,0,0.0,6
original_fixed,4x4,medium,14,1690,E3,1,3.0,1
original_fixed,4x4,medium,14,1690,E4,3,42.0,5
original_fixed,4x4,medium,14,1695,B1,6,101.0,14
original_fixed,4x4,medium,14,1695,B2,4,49.0,8
original_fixed,4x4,medium,14,1695,B3,5,75.0,12
original_fixed,4x4,medium,14,1695,B4,1,3.0,3
original_fixed,4x4,medium,14,1695,C1,3,36.0,7
original_fixed,4x4,medium,14,1695,C2,2,34.0,9
original_fixed,4x4,medium,14,1695,C3,5,69.0,8
original_fixed,4x4,medium,14,1695,C4,3,54.0,5
original_fixed,4x4,medium,14,1695,D1,2,42.0,6
original_fixed,4x4,medium,14,1695,D2,2,38.0,9
original_fixed,4x4,medium,14,1695,D3,9,130.0,10
original_fixed,4x4,medium,14,1695,D4,5,50.0,8
original_fixed,4x4,medium,14,1695,E1,3,66.0,5
original_fixed,4x4,medium,14,1695,E2,0,0.0,6
original_fixed,4x4,medium,14,1695,E3,1,8.0,1
original_fixed,4x4,medium,14,1695,E4,3,57.0,8
original_fixed,4x4,medium,14,1700,B1,8,135.0,13
original_fixed,4x4,medium,14,1700,B2,4,69.0,8
original_fixed,4x4,medium,14,1700,B3,5,100.0,13
original_fixed,4x4,medium,14,1700,B4,1,8.0,3
original_fixed,4x4,medium,14,1700,C1,4,53.0,7
original_fixed,4x4,medium,14,1700,C2,3,49.0,9
original_fixed,4x4,medium,14,1700,C3,5,94.0,9
original_fixed,4x4,medium,14,1700,C4,3,69.0,4
original_fixed,4x4,medium,14,1700,D1,3,53.0,6
original_fixed,4x4,medium,14,1700,D2,4,56.0,9
original_fixed,4x4,medium,14,1700,D3,7,124.0,10
original_fixed,4x4,medium,14,1700,D4,4,65.0,7
original_fixed,4x4,medium,14,1700,E1,3,81.0,5
original_fixed,4x4,medium,14,1700,E2,1,1.0,9
original_fixed,4x4,medium,14,1700,E3,1,13.0,4
original_fixed,4x4,medium,14,1700,E4,3,72.0,8
original_fixed,4x4,medium,14,1705,B1,9,179.0,12
original_fixed,4x4,medium,14,1705,B2,4,89.0,7
original_fixed,4x4,medium,14,1705,B3,8,137.0,14
original_fixed,4x4,medium,14,1705,B4,1,13.0,3
original_fixed,4x4,medium,14,1705,C1,4,73.0,6
original_fixed,4x4,medium,14,1705,C2,6,69.0,10
original_fixed,4x4,medium,14,1705,C3,6,120.0,10
original_fixed,4x4,medium,14,1705,C4,3,84.0,5
original_fixed,4x4,medium,14,1705,D1,3,68.0,6
original_fixed,4x4,medium,14,1705,D2,6,78.0,7
original_fixed,4x4,medium,14,1705,D3,4,91.0,8
original_fixed,4x4,medium,14,1705,D4,4,85.0,8
original_fixed,4x4,medium,14,1705,E1,3,96.0,4
original_fixed,4x4,medium,14,1705,E2,1,6.0,9
original_fixed,4x4,medium,14,1705,E3,1,18.0,7
original_fixed,4x4,medium,14,1705,E4,3,87.0,7
original_fixed,4x4,medium,14,1710,B1,8,183.0,13
original_fixed,4x4,medium,14,1710,B2,5,112.0,9
original_fixed,4x4,medium,14,1710,B3,9,167.0,14
original_fixed,4x4,medium,14,1710,B4,1,18.0,4
original_fixed,4x4,medium,14,1710,C1,4,93.0,7
original_fixed,4x4,medium,14,1710,C2,7,103.0,10
original_fixed,4x4,medium,14,1710,C3,7,153.0,10
original_fixed,4x4,medium,14,1710,C4,3,99.0,4
original_fixed,4x4,medium,14,1710,D1,4,84.0,6
original_fixed,4x4,medium,14,1710,D2,6,108.0,9
original_fixed,4x4,medium,14,1710,D3,5,115.0,8
original_fixed,4x4,medium,14,1710,D4,5,109.0,7
original_fixed,4x4,medium,14,1710,E1,3,111.0,4
original_fixed,4x4,medium,14,1710,E2,3,20.0,8
original_fixed,4x4,medium,14,1710,E3,1,23.0,8
original_fixed,4x4,medium,14,1710,E4,3,102.0,9
original_fixed,4x4,medium,14,1715,B1,1,3.0,11
original_fixed,4x4,medium,14,1715,B2,1,2.0,9
original_fixed,4x4,medium,14,1715,B3,4,14.0,13
original_fixed,4x4,medium,14,1715,B4,0,0.0,4
original_fixed,4x4,medium,14,1715,C1,0,0.0,6
original_fixed,4x4,medium,14,1715,C2,2,3.0,9
original_fixed,4x4,medium,14,1715,C3,1,2.0,9
original_fixed,4x4,medium,14,1715,C4,0,0.0,2
original_fixed,4x4,medium,14,1715,D1,0,0.0,3
original_fixed,4x4,medium,14,1715,D2,1,1.0,9
original_fixed,4x4,medium,14,1715,D3,1,2.0,6
original_fixed,4x4,medium,14,1715,D4,0,0.0,7
original_fixed,4x4,medium,14,1715,E1,0,0.0,5
original_fixed,4x4,medium,14,1715,E2,0,0.0,5
original_fixed,4x4,medium,14,1715,E3,1,1.0,7
original_fixed,4x4,medium,14,1715,E4,1,3.0,9
original_fixed,4x4,medium,14,1720,B1,2,13.0,8
original_fixed,4x4,medium,14,1720,B2,1,7.0,11
original_fixed,4x4,medium,14,1720,B3,4,26.0,13
original_fixed,4x4,medium,14,1720,B4,1,5.0,3
original_fixed,4x4,medium,14,1720,C1,0,0.0,5
original_fixed,4x4,medium,14,1720,C2,3,14.0,10
original_fixed,4x4,medium,14,1720,C3,1,7.0,8
original_fixed,4x4,medium,14,1720,C4,1,1.0,3
original_fixed,4x4,medium,14,1720,D1,0,0.0,3
original_fixed,4x4,medium,14,1720,D2,0,0.0,9
original_fixed,4x4,medium,14,1720,D3,1,7.0,7
original_fixed,4x4,medium,14,1720,D4,0,0.0,6
original_fixed,4x4,medium,14,1720,E1,0,0.0,4
original_fixed,4x4,medium,14,1720,E2,2,9.0,5
original_fixed,4x4,medium,14,1720,E3,1,6.0,9
original_fixed,4x4,medium,14,1720,E4,1,8.0,8
original_fixed,4x4,medium,14,1725,B1,4,26.0,7
original_fixed,4x4,medium,14,1725,B2,1,12.0,12
original_fixed,4x4,medium,14,1725,B3,4,46.0,10
original_fixed,4x4,medium,14,1725,B4,1,10.0,2
original_fixed,4x4,medium,14,1725,C1,1,2.0,5
original_fixed,4x4,medium,14,1725,C2,4,33.0,13
original_fixed,4x4,medium,14,1725,C3,1,12.0,5
original_fixed,4x4,medium,14,1725,C4,1,6.0,6
original_fixed,4x4,medium,14,1725,D1,0,0.0,4
original_fixed,4x4,medium,14,1725,D2,1,1.0,7
original_fixed,4x4,medium,14,1725,D3,2,13.0,7
original_fixed,4x4,medium,14,1725,D4,1,3.0,7
original_fixed,4x4,medium,14,1725,E1,1,2.0,4
original_fixed,4x4,medium,14,1725,E2,4,25.0,5
original_fixed,4x4,medium,14,1725,E3,4,20.0,9
original_fixed,4x4,medium,14,1725,E4,2,14.0,6
original_fixed,4x4,medium,14,1730,B1,5,47.0,8
original_fixed,4x4,medium,14,1730,B2,1,17.0,13
original_fixed,4x4,medium,14,1730,B3,4,66.0,6
original_fixed,4x4,medium,14,1730,B4,2,17.0,4
original_fixed,4x4,medium,14,1730,C1,1,7.0,4
original_fixed,4x4,medium,14,1730,C2,4,53.0,15
original_fixed,4x4,medium,14,1730,C3,2,18.0,5
original_fixed,4x4,medium,14,1730,C4,1,11.0,6
original_fixed,4x4,medium,14,1730,D1,1,5.0,3
original_fixed,4x4,medium,14,1730,D2,2,7.0,5
original_fixed,4x4,medium,14,1730,D3,2,23.0,6
original_fixed,4x4,medium,14,1730,D4,2,9.0,6
original_fixed,4x4,medium,14,1730,E1,2,11.0,2
original_fixed,4x4,medium,14,1730,E2,4,45.0,8
original_fixed,4x4,medium,14,1730,E3,5,45.0,12
original_fixed,4x4,medium,14,1730,E4,2,24.0,6
original_fixed,4x4,medium,14,1735,B1,5,72.0,8
original_fixed,4x4,medium,14,1735,B2,2,25.0,11
original_fixed,4x4,medium,14,1735,B3,5,88.0,5
original_fixed,4x4,medium,14,1735,B4,2,27.0,5
original_fixed,4x4,medium,14,1735,C1,2,16.0,4
original_fixed,4x4,medium,14,1735,C2,6,80.0,19
original_fixed,4x4,medium,14,1735,C3,2,28.0,4
original_fixed,4x4,medium,14,1735,C4,1,16.0,5
original_fixed,4x4,medium,14,1735,D1,2,11.0,4
original_fixed,4x4,medium,14,1735,D2,2,17.0,4
original_fixed,4x4,medium,14,1735,D3,3,38.0,5
original_fixed,4x4,medium,14,1735,D4,3,23.0,6
original_fixed,4x4,medium,14,1735,E1,2,21.0,2
original_fixed,4x4,medium,14,1735,E2,4,65.0,10
original_fixed,4x4,medium,14,1735,E3,7,74.0,11
original_fixed,4x4,medium,14,1735,E4,3,37.0,7
original_fixed,4x4,medium,14,1740,B1,5,97.0,9
original_fixed,4x4,medium,14,1740,B2,2,35.0,9
original_fixed,4x4,medium,14,1740,B3,5,113.0,5
original_fixed,4x4,medium,14,1740,B4,2,37.0,5
original_fixed,4x4,medium,14,1740,C1,2,26.0,5
original_fixed,4x4,medium,14,1740,C2,8,118.0,21
original_fixed,4x4,medium,14,1740,C3,2,38.0,5
original_fixed,4x4,medium,14,1740,C4,2,24.0,3
original_fixed,4x4,medium,14,1740,D1,2,21.0,4
original_fixed,4x4,medium,14,1740,D2,2,27.0,4
original_fixed,4x4,medium,14,1740,D3,4,58.0,6
original_fixed,4x4,medium,14,1740,D4,3,38.0,8
original_fixed,4x4,medium,14,1740,E1,2,31.0,4
original_fixed,4x4,medium,14,1740,E2,5,89.0,10
original_fixed,4x4,medium,14,1740,E3,7,109.0,12
original_fixed,4x4,medium,14,1740,E4,3,52.0,8
original_fixed,4x4,medium,14,1745,B1,6,124.0,8
original_fixed,4x4,medium,14,1745,B2,6,55.0,9
original_fixed,4x4,medium,14,1745,B3,5,138.0,6
original_fixed,4x4,medium,14,1745,B4,2,47.0,3
original_fixed,4x4,medium,14,1745,C1,2,36.0,6
original_fixed,4x4,medium,14,1745,C2,8,88.0,20
original_fixed,4x4,medium,14,1745,C3,2,48.0,4
original_fixed,4x4,medium,14,1745,C4,2,34.0,3
original_fixed,4x4,medium,14,1745,D1,2,31.0,3
original_fixed,4x4,medium,14,1745,D2,2,37.0,4
original_fixed,4x4,medium,14,1745,D3,4,78.0,9
original_fixed,4x4,medium,14,1745,D4,5,59.0,8
original_fixed,4x4,medium,14,1745,E1,2,41.0,6
original_fixed,4x4,medium,14,1745,E2,6,115.0,10
original_fixed,4x4,medium,14,1745,E3,8,145.0,12
original_fixed,4x4,medium,14,1745,E4,3,67.0,7
original_fixed,4x4,medium,14,1750,B1,6,154.0,8
original_fixed,4x4,medium,14,1750,B2,4,71.0,8
original_fixed,4x4,medium,14,1750,B3,5,163.0,7
original_fixed,4x4,medium,14,1750,B4,2,57.0,3
original_fixed,4x4,medium,14,1750,C1,2,46.0,7
original_fixed,4x4,medium,14,1750,C2,9,100.0,20
original_fixed,4x4,medium,14,1750,C3,2,58.0,5
original_fixed,4x4,medium,14,1750,C4,2,44.0,3
original_fixed,4x4,medium,14,1750,D1,2,41.0,2
original_fixed,4x4,medium,14,1750,D2,2,47.0,3
original_fixed,4x4,medium,14,1750,D3,4,98.0,10
original_fixed,4x4,medium,14,1750,D4,5,84.0,7
original_fixed,4x4,medium,14,1750,E1,2,51.0,6
original_fixed,4x4,medium,14,1750,E2,7,146.0,13
original_fixed,4x4,medium,14,1750,E3,9,186.0,11
original_fixed,4x4,medium,14,1750,E4,4,85.0,7
original_fixed,4x4,medium,14,1755,B1,6,184.0,10
original_fixed,4x4,medium,14,1755,B2,4,91.0,7
original_fixed,4x4,medium,14,1755,B3,5,188.0,8
original_fixed,4x4,medium,14,1755,B4,2,67.0,5
original_fixed,4x4,medium,14,1755,C1,2,56.0,7
original_fixed,4x4,medium,14,1755,C2,11,150.0,19
original_fixed,4x4,medium,14,1755,C3,2,68.0,7
original_fixed,4x4,medium,14,1755,C4,2,54.0,3
original_fixed,4x4,medium,14,1755,D1,2,51.0,2
original_fixed,4x4,medium,14,1755,D2,2,57.0,3
original_fixed,4x4,medium,14,1755,D3,5,122.0,11
original_fixed,4x4,medium,14,1755,D4,5,109.0,6
original_fixed,4x4,medium,14,1755,E1,2,61.0,6
original_fixed,4x4,medium,14,1755,E2,8,185.0,14
original_fixed,4x4,medium,14,1755,E3,9,231.0,10
original_fixed,4x4,medium,14,1755,E4,5,110.0,6
original_fixed,4x4,medium,14,1760,B1,0,0.0,7
original_fixed,4x4,medium,14,1760,B2,2,5.0,5
original_fixed,4x4,medium,14,1760,B3,1,2.0,7
original_fixed,4x4,medium,14,1760,B4,0,0.0,3
original_fixed,4x4,medium,14,1760,C1,2,6.0,6
original_fixed,4x4,medium,14,1760,C2,6,25.0,19
original_fixed,4x4,medium,14,1760,C3,1,2.0,7
original_fixed,4x4,medium,14,1760,C4,0,0.0,4
original_fixed,4x4,medium,14,1760,D1,0,0.0,1
original_fixed,4x4,medium,14,1760,D2,0,0.0,3
original_fixed,4x4,medium,14,1760,D3,2,3.0,9
original_fixed,4x4,medium,14,1760,D4,0,0.0,4
original_fixed,4x4,medium,14,1760,E1,0,0.0,6
original_fixed,4x4,medium,14,1760,E2,1,1.0,11
original_fixed,4x4,medium,14,1760,E3,2,27.0,8
original_fixed,4x4,medium,14,1760,E4,1,5.0,5
original_fixed,4x4,medium,14,1765,B1,0,0.0,5
original_fixed,4x4,medium,14,1765,B2,2,15.0,7
original_fixed,4x4,medium,14,1765,B3,1,7.0,5
original_fixed,4x4,medium,14,1765,B4,0,0.0,2
original_fixed,4x4,medium,14,1765,C1,3,19.0,7
original_fixed,4x4,medium,14,1765,C2,8,44.0,22
original_fixed,4x4,medium,14,1765,C3,2,10.0,8
original_fixed,4x4,medium,14,1765,C4,1,4.0,5
original_fixed,4x4,medium,14,1765,D1,0,0.0,2
original_fixed,4x4,medium,14,1765,D2,0,0.0,4
original_fixed,4x4,medium,14,1765,D3,3,17.0,10
original_fixed,4x4,medium,14,1765,D4,0,0.0,3
original_fixed,4x4,medium,14,1765,E1,0,0.0,5
original_fixed,4x4,medium,14,1765,E2,3,11.0,8
original_fixed,4x4,medium,14,1765,E3,1,4.0,7
original_fixed,4x4,medium,14,1765,E4,1,10.0,6
original_fixed,4x4,medium,14,1770,B1,0,0.0,5
original_fixed,4x4,medium,14,1770,B2,2,25.0,11
original_fixed,4x4,medium,14,1770,B3,1,12.0,3
original_fixed,4x4,medium,14,1770,B4,0,0.0,2
original_fixed,4x4,medium,14,1770,C1,5,40.0,7
original_fixed,4x4,medium,14,1770,C2,10,85.0,21
original_fixed,4x4,medium,14,1770,C3,4,25.0,9
original_fixed,4x4,medium,14,1770,C4,1,9.0,5
original_fixed,4x4,medium,14,1770,D1,0,0.0,4
original_fixed,4x4,medium,14,1770,D2,0,0.0,6
original_fixed,4x4,medium,14,1770,D3,3,32.0,9
original_fixed,4x4,medium,14,1770,D4,0,0.0,4
original_fixed,4x4,medium,14,1770,E1,0,0.0,4
original_fixed,4x4,medium,14,1770,E2,3,26.0,8
original_fixed,4x4,medium,14,1770,E3,1,9.0,8
original_fixed,4x4,medium,14,1770,E4,1,15.0,6
original_fixed,4x4,medium,14,1775,B1,2,9.0,3
original_fixed,4x4,medium,14,1775,B2,2,35.0,9
original_fixed,4x4,medium,14,1775,B3,2,22.0,4
original_fixed,4x4,medium,14,1775,B4,0,0.0,2
original_fixed,4x4,medium,14,1775,C1,5,65.0,7
original_fixed,4x4,medium,14,1775,C2,8,95.0,20
original_fixed,4x4,medium,14,1775,C3,6,51.0,10
original_fixed,4x4,medium,14,1775,C4,2,18.0,6
original_fixed,4x4,medium,14,1775,D1,0,0.0,5
original_fixed,4x4,medium,14,1775,D2,0,0.0,7
original_fixed,4x4,medium,14,1775,D3,4,50.0,9
original_fixed,4x4,medium,14,1775,D4,0,0.0,4
original_fixed,4x4,medium,14,1775,E1,0,0.0,3
original_fixed,4x4,medium,14,1775,E2,3,41.0,8
original_fixed,4x4,medium,14,1775,E3,1,14.0,7
original_fixed,4x4,medium,14,1775,E4,1,20.0,5
original_fixed,4x4,medium,14,1780,B1,2,19.0,6
original_fixed,4x4,medium,14,1780,B2,2,45.0,8
original_fixed,4x4,medium,14,1780,B3,2,32.0,5
original_fixed,4x4,medium,14,1780,B4,0,0.0,2
original_fixed,4x4,medium,14,1780,C1,6,92.0,7
original_fixed,4x4,medium,14,1780,C2,8,120.0,19
original_fixed,4x4,medium,14,1780,C3,7,85.0,11
original_fixed,4x4,medium,14,1780,C4,2,28.0,5
original_fixed,4x4,medium,14,1780,D1,1,4.0,5
original_fixed,4x4,medium,14,1780,D2,1,1.0,7
original_fixed,4x4,medium,14,1780,D3,6,75.0,8
original_fixed,4x4,medium,14,1780,D4,1,3.0,6
original_fixed,4x4,medium,14,1780,E1,1,5.0,3
original_fixed,4x4,medium,14,1780,E2,4,57.0,10
original_fixed,4x4,medium,14,1780,E3,2,24.0,7
original_fixed,4x4,medium,14,1780,E4,2,29.0,5
original_fixed,4x4,medium,14,1785,B1,2,29.0,6
original_fixed,4x4,medium,14,1785,B2,6,65.0,7
original_fixed,4x4,medium,14,1785,B3,2,42.0,5
original_fixed,4x4,medium,14,1785,B4,0,0.0,2
original_fixed,4x4,medium,14,1785,C1,6,122.0,10
original_fixed,4x4,medium,14,1785,C2,8,157.0,17
original_fixed,4x4,medium,14,1785,C3,7,120.0,12
original_fixed,4x4,medium,14,1785,C4,2,38.0,5
original_fixed,4x4,medium,14,1785,D1,1,9.0,4
original_fixed,4x4,medium,14,1785,D2,1,6.0,8
original_fixed,4x4,medium,14,1785,D3,7,110.0,8
original_fixed,4x4,medium,14,1785,D4,1,8.0,6
original_fixed,4x4,medium,14,1785,E1,2,15.0,4
original_fixed,4x4,medium,14,1785,E2,6,81.0,10
original_fixed,4x4,medium,14,1785,E3,2,34.0,6
original_fixed,4x4,medium,14,1785,E4,2,39.0,6
original_fixed,4x4,medium,14,1790,B1,2,39.0,7
original_fixed,4x4,medium,14,1790,B2,6,95.0,7
original_fixed,4x4,medium,14,1790,B3,3,54.0,7
original_fixed,4x4,medium,14,1790,B4,1,4.0,2
original_fixed,4x4,medium,14,1790,C1,6,152.0,9
original_fixed,4x4,medium,14,1790,C2,8,197.0,16
original_fixed,4x4,medium,14,1790,C3,8,158.0,11
original_fixed,4x4,medium,14,1790,C4,3,49.0,5
original_fixed,4x4,medium,14,1790,D1,2,19.0,2
original_fixed,4x4,medium,14,1790,D2,3,18.0,9
original_fixed,4x4,medium,14,1790,D3,7,145.0,9
original_fixed,4x4,medium,14,1790,D4,1,13.0,6
original_fixed,4x4,medium,14,1790,E1,3,28.0,5
original_fixed,4x4,medium,14,1790,E2,6,111.0,11
original_fixed,4x4,medium,14,1790,E3,3,48.0,5
original_fixed,4x4,medium,14,1790,E4,2,49.0,7
original_fixed,4x4,medium,14,1795,B1,3,53.0,7
original_fixed,4x4,medium,14,1795,B2,6,125.0,7
original_fixed,4x4,medium,14,1795,B3,4,72.0,7
original_fixed,4x4,medium,14,1795,B4,2,12.0,3
original_fixed,4x4,medium,14,1795,C1,6,182.0,10
original_fixed,4x4,medium,14,1795,C2,11,231.0,15
original_fixed,4x4,medium,14,1795,C3,9,201.0,13
original_fixed,4x4,medium,14,1795,C4,3,64.0,4
original_fixed,4x4,medium,14,1795,D1,2,29.0,3
original_fixed,4x4,medium,14,1795,D2,3,33.0,11
original_fixed,4x4,medium,14,1795,D3,7,180.0,9
original_fixed,4x4,medium,14,1795,D4,2,23.0,5
original_fixed,4x4,medium,14,1795,E1,3,43.0,5
original_fixed,4x4,medium,14,1795,E2,7,144.0,11
original_fixed,4x4,medium,14,1795,E3,4,68.0,6
original_fixed,4x4,medium,14,1795,E4,2,59.0,8
original_fixed,4x4,medium,14,1800,B1,3,68.0,7
original_fixed,4x4,medium,14,1800,B2,6,155.0,9
original_fixed,4x4,medium,14,1800,B3,5,96.0,7
original_fixed,4x4,medium,14,1800,B4,2,22.0,5
original_fixed,4x4,medium,14,1800,C1,6,212.0,10
original_fixed,4x4,medium,14,1800,C2,11,280.0,16
original_fixed,4x4,medium,14,1800,C3,10,251.0,14
original_fixed,4x4,medium,14,1800,C4,3,79.0,4
original_fixed,4x4,medium,14,1800,D1,2,39.0,5
original_fixed,4x4,medium,14,1800,D2,3,48.0,11
original_fixed,4x4,medium,14,1800,D3,7,215.0,9
original_fixed,4x4,medium,14,1800,D4,5,40.0,6
original_fixed,4x4,medium,14,1800,E1,4,60.0,5
original_fixed,4x4,medium,14,1800,E2,7,179.0,10
original_fixed,4x4,medium,14,1800,E3,4,88.0,7
original_fixed,4x4,medium,14,1800,E4,4,74.0,7
