controller,grid,scenario,seed,time,intersection,queue_length,waiting_time,vehicle_count
original_fixed,5x5,medium,12,5,B1,0,0.0,0
original_fixed,5x5,medium,12,5,B2,0,0.0,0
original_fixed,5x5,medium,12,5,B3,0,0.0,0
original_fixed,5x5,medium,12,5,B4,0,0.0,0
original_fixed,5x5,medium,12,5,B5,0,0.0,0
original_fixed,5x5,medium,12,5,C1,0,0.0,1
original_fixed,5x5,medium,12,5,C2,0,0.0,0
original_fixed,5x5,medium,12,5,C3,0,0.0,0
original_fixed,5x5,medium,12,5,C4,0,0.0,0
original_fixed,5x5,medium,12,5,C5,0,0.0,0
original_fixed,5x5,medium,12,5,D1,0,0.0,0
original_fixed,5x5,medium,12,5,D2,0,0.0,0
original_fixed,5x5,medium,12,5,D3,0,0.0,0
original_fixed,5x5,medium,12,5,D4,0,0.0,0
original_fixed,5x5,medium,12,5,D5,0,0.0,0
original_fixed,5x5,medium,12,5,E1,0,0.0,0
original_fixed,5x5,medium,12,5,E2,0,0.0,0
original_fixed,5x5,medium,12,5,E3,0,0.0,0
original_fixed,5x5,medium,12,5,E4,0,0.0,0
original_fixed,5x5,medium,12,5,E5,0,0.0,0
original_fixed,5x5,medium,12,5,F1,0,0.0,0
original_fixed,5x5,medium,12,5,F2,0,0.0,1
original_fixed,5x5,medium,12,5,F3,0,0.0,0
original_fixed,5x5,medium,12,5,F4,0,0.0,0
original_fixed,5x5,medium,12,5,F5,0,0.0,0
original_fixed,5x5,medium,12,10,B1,0,0.0,1
original_fixed,5x5,medium,12,10,B2,0,0.0,0
original_fixed,5x5,medium,12,10,B3,0,0.0,0
original_fixed,5x5,medium,12,10,B4,0,0.0,0
original_fixed,5x5,medium,12,10,B5,0,0.0,1
original_fixed,5x5,medium,12,10,C1,0,0.0,1
original_fixed,5x5,medium,12,10,C2,0,0.0,0
original_fixed,5x5,medium,12,10,C3,0,0.0,0
original_fixed,5x5,medium,12,10,C4,0,0.0,0
original_fixed,5x5,medium,12,10,C5,0,0.0,0
original_fixed,5x5,medium,12,10,D1,0,0.0,0
original_fixed,5x5,medium,12,10,D2,0,0.0,0
original_fixed,5x5,medium,12,10,D3,0,0.0,0
original_fixed,5x5,medium,12,10,D4,0,0.0,0
original_fixed,5x5,medium,12,10,D5,0,0.0,0
original_fixed,5x5,medium,12,10,E1,0,0.0,0
original_fixed,5x5,medium,12,10,E2,0,0.0,1
original_fixed,5x5,medium,12,10,E3,0,0.0,0
original_fixed,5x5,medium,12,10,E4,0,0.0,0
original_fixed,5x5,medium,12,10,E5,0,0.0,0
original_fixed,5x5,medium,12,10,F1,0,0.0,0
original_fixed,5x5,medium,12,10,F2,0,0.0,1
original_fixed,5x5,medium,12,10,F3,0,0.0,0
original_fixed,5x5,medium,12,10,F4,0,0.0,0
original_fixed,5x5,medium,12,10,F5,0,0.0,0
original_fixed,5x5,medium,12,15,B1,0,0.0,1
original_fixed,5x5,medium,12,15,B2,0,0.0,0
original_fixed,5x5,medium,12,15,B3,0,0.0,0
original_fixed,5x5,medium,12,15,B4,0,0.0,0
original_fixed,5x5,medium,12,15,B5,0,0.0,1
original_fixed,5x5,medium,12,15,C1,0,0.0,1
original_fixed,5x5,medium,12,15,C2,0,0.0,1
original_fixed,5x5,medium,12,15,C3,0,0.0,0
original_fixed,5x5,medium,12,15,C4,0,0.0,1
original_fixed,5x5,medium,12,15,C5,0,0.0,0
original_fixed,5x5,medium,12,15,D1,0,0.0,0
original_fixed,5x5,medium,12,15,D2,0,0.0,0
original_fixed,5x5,medium,12,15,D3,0,0.0,0
original_fixed,5x5,medium,12,15,D4,0,0.0,0
original_fixed,5x5,medium,12,15,D5,0,0.0,0
original_fixed,5x5,medium,12,15,E1,0,0.0,0
original_fixed,5x5,medium,12,15,E2,0,0.0,1
original_fixed,5x5,medium,12,15,E3,0,0.0,0
original_fixed,5x5,medium,12,15,E4,0,0.0,0
original_fixed,5x5,medium,12,15,E5,0,0.0,0
original_fixed,5x5,medium,12,15,F1,0,0.0,0
original_fixed,5x5,medium,12,15,F2,0,0.0,3
original_fixed,5x5,medium,12,15,F3,0,0.0,0
original_fixed,5x5,medium,12,15,F4,0,0.0,1
original_fixed,5x5,medium,12,15,F5,0,0.0,0
original_fixed,5x5,medium,12,20,B1,0,0.0,1
original_fixed,5x5,medium,12,20,B2,0,0.0,0
original_fixed,5x5,medium,12,20,B3,0,0.0,0
original_fixed,5x5,medium,12,20,B4,0,0.0,0
original_fixed,5x5,medium,12,20,B5,0,0.0,1
original_fixed,5x5,medium,12,20,C1,0,0.0,0
original_fixed,5x5,medium,12,20,C2,0,0.0,2
original_fixed,5x5,medium,12,20,C3,0,0.0,0
original_fixed,5x5,medium,12,20,C4,0,0.0,1
original_fixed,5x5,medium,12,20,C5,0,0.0,1
original_fixed,5x5,medium,12,20,D1,0,0.0,0
original_fixed,5x5,medium,12,20,D2,0,0.0,0
original_fixed,5x5,medium,12,20,D3,0,0.0,0
original_fixed,5x5,medium,12,20,D4,0,0.0,0
original_fixed,5x5,medium,12,20,D5,0,0.0,0
original_fixed,5x5,medium,12,20,E1,0,0.0,1
original_fixed,5x5,medium,12,20,E2,0,0.0,1
original_fixed,5x5,medium,12,20,E3,0,0.0,0
original_fixed,5x5,medium,12,20,E4,0,0.0,0
original_fixed,5x5,medium,12,20,E5,0,0.0,1
original_fixed,5x5,medium,12,20,F1,0,0.0,0
original_fixed,5x5,medium,12,20,F2,0,0.0,4
original_fixed,5x5,medium,12,20,F3,0,0.0,0
original_fixed,5x5,medium,12,20,F4,0,0.0,1
original_fixed,5x5,medium,12,20,F5,0,0.0,0
original_fixed,5x5,medium,12,25,B1,0,0.0,1
original_fixed,5x5,medium,12,25,B2,0,0.0,0
original_fixed,5x5,medium,12,25,B3,0,0.0,0
original_fixed,5x5,medium,12,25,B4,0,0.0,0
original_fixed,5x5,medium,12,25,B5,0,0.0,0
original_fixed,5x5,medium,12,25,C1,0,0.0,0
original_fixed,5x5,medium,12,25,C2,0,0.0,2
original_fixed,5x5,medium,12,25,C3,0,0.0,0
original_fixed,5x5,medium,12,25,C4,0,0.0,1
original_fixed,5x5,medium,12,25,C5,0,0.0,2
original_fixed,5x5,medium,12,25,D1,0,0.0,0
original_fixed,5x5,medium,12,25,D2,0,0.0,0
original_fixed,5x5,medium,12,25,D3,0,0.0,0
original_fixed,5x5,medium,12,25,D4,0,0.0,1
original_fixed,5x5,medium,12,25,D5,0,0.0,1
original_fixed,5x5,medium,12,25,E1,0,0.0,1
original_fixed,5x5,medium,12,25,E2,0,0.0,0
original_fixed,5x5,medium,12,25,E3,0,0.0,0
original_fixed,5x5,medium,12,25,E4,0,0.0,0
original_fixed,5x5,medium,12,25,E5,0,0.0,1
original_fixed,5x5,medium,12,25,F1,0,0.0,0
original_fixed,5x5,medium,12,25,F2,1,5.0,4
original_fixed,5x5,medium,12,25,F3,0,0.0,1
original_fixed,5x5,medium,12,25,F4,0,0.0,1
original_fixed,5x5,medium,12,25,F5,0,0.0,0
original_fixed,5x5,medium,12,30,B1,1,2.0,1
original_fixed,5x5,medium,12,30,B2,0,0.0,1
original_fixed,5x5,medium,12,30,B3,0,0.0,0
original_fixed,5x5,medium,12,30,B4,0,0.0,1
original_fixed,5x5,medium,12,30,B5,0,0.0,1
original_fixed,5x5,medium,12,30,C1,0,0.0,0
original_fixed,5x5,medium,12,30,C2,0,0.0,1
original_fixed,5x5,medium,12,30,C3,0,0.0,0
original_fixed,5x5,medium,12,30,C4,1,5.0,1
original_fixed,5x5,medium,12,30,C5,0,0.0,3
original_fixed,5x5,medium,12,30,D1,0,0.0,0
original_fixed,5x5,medium,12,30,D2,0,0.0,1
original_fixed,5x5,medium,12,30,D3,0,0.0,0
original_fixed,5x5,medium,12,30,D4,0,0.0,1
original_fixed,5x5,medium,12,30,D5,0,0.0,1
original_fixed,5x5,medium,12,30,E1,0,0.0,1
original_fixed,5x5,medium,12,30,E2,0,0.0,1
original_fixed,5x5,medium,12,30,E3,0,0.0,1
original_fixed,5x5,medium,12,30,E4,0,0.0,0
original_fixed,5x5,medium,12,30,E5,0,0.0,1
original_fixed,5x5,medium,12,30,F1,0,0.0,1
original_fixed,5x5,medium,12,30,F2,1,10.0,2
original_fixed,5x5,medium,12,30,F3,0,0.0,1
original_fixed,5x5,medium,12,30,F4,0,0.0,1
original_fixed,5x5,medium,12,30,F5,0,0.0,0
original_fixed,5x5,medium,12,35,B1,1,7.0,2
original_fixed,5x5,medium,12,35,B2,0,0.0,1
original_fixed,5x5,medium,12,35,B3,0,0.0,1
original_fixed,5x5,medium,12,35,B4,0,0.0,1
original_fixed,5x5,medium,12,35,B5,0,0.0,1
original_fixed,5x5,medium,12,35,C1,0,0.0,0
original_fixed,5x5,medium,12,35,C2,0,0.0,0
original_fixed,5x5,medium,12,35,C3,0,0.0,1
original_fixed,5x5,medium,12,35,C4,1,10.0,1
original_fixed,5x5,medium,12,35,C5,1,1.0,3
original_fixed,5x5,medium,12,35,D1,0,0.0,0
original_fixed,5x5,medium,12,35,D2,0,0.0,1
original_fixed,5x5,medium,12,35,D3,0,0.0,1
original_fixed,5x5,medium,12,35,D4,0,0.0,1
original_fixed,5x5,medium,12,35,D5,0,0.0,1
original_fixed,5x5,medium,12,35,E1,0,0.0,0
original_fixed,5x5,medium,12,35,E2,0,0.0,1
original_fixed,5x5,medium,12,35,E3,0,0.0,1
original_fixed,5x5,medium,12,35,E4,0,0.0,0
original_fixed,5x5,medium,12,35,E5,1,1.0,1
original_fixed,5x5,medium,12,35,F1,0,0.0,1
original_fixed,5x5,medium,12,35,F2,1,15.0,2
original_fixed,5x5,medium,12,35,F3,0,0.0,0
original_fixed,5x5,medium,12,35,F4,1,3.0,1
original_fixed,5x5,medium,12,35,F5,0,0.0,0
original_fixed,5x5,medium,12,40,B1,1,12.0,2
original_fixed,5x5,medium,12,40,B2,0,0.0,1
original_fixed,5x5,medium,12,40,B3,0,0.0,1
original_fixed,5x5,medium,12,40,B4,0,0.0,1
original_fixed,5x5,medium,12,40,B5,0,0.0,1
original_fixed,5x5,medium,12,40,C1,0,0.0,0
original_fixed,5x5,medium,12,40,C2,0,0.0,0
original_fixed,5x5,medium,12,40,C3,0,0.0,1
original_fixed,5x5,medium,12,40,C4,1,15.0,1
original_fixed,5x5,medium,12,40,C5,1,6.0,3
original_fixed,5x5,medium,12,40,D1,0,0.0,0
original_fixed,5x5,medium,12,40,D2,0,0.0,1
original_fixed,5x5,medium,12,40,D3,0,0.0,1
original_fixed,5x5,medium,12,40,D4,1,2.0,2
original_fixed,5x5,medium,12,40,D5,0,0.0,0
original_fixed,5x5,medium,12,40,E1,0,0.0,0
original_fixed,5x5,medium,12,40,E2,0,0.0,3
original_fixed,5x5,medium,12,40,E3,0,0.0,1
original_fixed,5x5,medium,12,40,E4,0,0.0,0
original_fixed,5x5,medium,12,40,E5,1,6.0,2
original_fixed,5x5,medium,12,40,F1,0,0.0,1
original_fixed,5x5,medium,12,40,F2,1,20.0,2
original_fixed,5x5,medium,12,40,F3,0,0.0,0
original_fixed,5x5,medium,12,40,F4,1,8.0,1
original_fixed,5x5,medium,12,40,F5,0,0.0,0
original_fixed,5x5,medium,12,45,B1,1,17.0,2
original_fixed,5x5,medium,12,45,B2,0,0.0,2
original_fixed,5x5,medium,12,45,B3,0,0.0,2
original_fixed,5x5,medium,12,45,B4,1,1.0,1
original_fixed,5x5,medium,12,45,B5,0,0.0,2
original_fixed,5x5,medium,12,45,C1,0,0.0,0
original_fixed,5x5,medium,12,45,C2,0,0.0,0
original_fixed,5x5,medium,12,45,C3,0,0.0,1
original_fixed,5x5,medium,12,45,C4,1,20.0,1
original_fixed,5x5,medium,12,45,C5,2,13.0,3
original_fixed,5x5,medium,12,45,D1,0,0.0,0
original_fixed,5x5,medium,12,45,D2,1,1.0,1
original_fixed,5x5,medium,12,45,D3,0,0.0,1
original_fixed,5x5,medium,12,45,D4,1,7.0,2
original_fixed,5x5,medium,12,45,D5,0,0.0,0
original_fixed,5x5,medium,12,45,E1,0,0.0,1
original_fixed,5x5,medium,12,45,E2,0,0.0,3
original_fixed,5x5,medium,12,45,E3,0,0.0,0
original_fixed,5x5,medium,12,45,E4,0,0.0,2
original_fixed,5x5,medium,12,45,E5,1,11.0,2
original_fixed,5x5,medium,12,45,F1,0,0.0,0
original_fixed,5x5,medium,12,45,F2,1,25.0,2
original_fixed,5x5,medium,12,45,F3,0,0.0,0
original_fixed,5x5,medium,12,45,F4,1,13.0,1
original_fixed,5x5,medium,12,45,F5,0,0.0,1
original_fixed,5x5,medium,12,50,B1,0,0.0,1
original_fixed,5x5,medium,12,50,B2,0,0.0,2
original_fixed,5x5,medium,12,50,B3,0,0.0,2
original_fixed,5x5,medium,12,50,B4,0,0.0,0
original_fixed,5x5,medium,12,50,B5,0,0.0,3
original_fixed,5x5,medium,12,50,C1,0,0.0,0
original_fixed,5x5,medium,12,50,C2,0,0.0,0
original_fixed,5x5,medium,12,50,C3,1,2.0,1
original_fixed,5x5,medium,12,50,C4,0,0.0,1
original_fixed,5x5,medium,12,50,C5,1,1.0,2
original_fixed,5x5,medium,12,50,D1,0,0.0,0
original_fixed,5x5,medium,12,50,D2,0,0.0,1
original_fixed,5x5,medium,12,50,D3,0,0.0,1
original_fixed,5x5,medium,12,50,D4,0,0.0,2
original_fixed,5x5,medium,12,50,D5,0,0.0,3
original_fixed,5x5,medium,12,50,E1,0,0.0,2
original_fixed,5x5,medium,12,50,E2,0,0.0,2
original_fixed,5x5,medium,12,50,E3,0,0.0,1
original_fixed,5x5,medium,12,50,E4,0,0.0,4
original_fixed,5x5,medium,12,50,E5,0,0.0,1
original_fixed,5x5,medium,12,50,F1,0,0.0,1
original_fixed,5x5,medium,12,50,F2,1,1.0,1
original_fixed,5x5,medium,12,50,F3,0,0.0,0
original_fixed,5x5,medium,12,50,F4,0,0.0,0
original_fixed,5x5,medium,12,50,F5,0,0.0,1
original_fixed,5x5,medium,12,55,B1,1,3.0,1
original_fixed,5x5,medium,12,55,B2,0,0.0,2
original_fixed,5x5,medium,12,55,B3,1,4.0,2
original_fixed,5x5,medium,12,55,B4,0,0.0,0
original_fixed,5x5,medium,12,55,B5,0,0.0,3
original_fixed,5x5,medium,12,55,C1,0,0.0,0
original_fixed,5x5,medium,12,55,C2,0,0.0,0
original_fixed,5x5,medium,12,55,C3,1,7.0,1
original_fixed,5x5,medium,12,55,C4,0,0.0,1
original_fixed,5x5,medium,12,55,C5,1,6.0,2
original_fixed,5x5,medium,12,55,D1,0,0.0,1
original_fixed,5x5,medium,12,55,D2,0,0.0,1
original_fixed,5x5,medium,12,55,D3,0,0.0,1
original_fixed,5x5,medium,12,55,D4,1,1.0,2
original_fixed,5x5,medium,12,55,D5,0,0.0,3
original_fixed,5x5,medium,12,55,E1,0,0.0,2
original_fixed,5x5,medium,12,55,E2,1,3.0,1
original_fixed,5x5,medium,12,55,E3,0,0.0,1
original_fixed,5x5,medium,12,55,E4,0,0.0,5
original_fixed,5x5,medium,12,55,E5,0,0.0,0
original_fixed,5x5,medium,12,55,F1,0,0.0,1
original_fixed,5x5,medium,12,55,F2,1,6.0,1
original_fixed,5x5,medium,12,55,F3,0,0.0,0
original_fixed,5x5,medium,12,55,F4,0,0.0,0
original_fixed,5x5,medium,12,55,F5,0,0.0,1
original_fixed,5x5,medium,12,60,B1,1,8.0,1
original_fixed,5x5,medium,12,60,B2,0,0.0,1
original_fixed,5x5,medium,12,60,B3,2,11.0,4
original_fixed,5x5,medium,12,60,B4,0,0.0,0
original_fixed,5x5,medium,12,60,B5,0,0.0,2
original_fixed,5x5,medium,12,60,C1,0,0.0,0
original_fixed,5x5,medium,12,60,C2,0,0.0,0
original_fixed,5x5,medium,12,60,C3,1,12.0,1
original_fixed,5x5,medium,12,60,C4,0,0.0,1
original_fixed,5x5,medium,12,60,C5,1,11.0,2
original_fixed,5x5,medium,12,60,D1,0,0.0,2
original_fixed,5x5,medium,12,60,D2,0,0.0,1
original_fixed,5x5,medium,12,60,D3,0,0.0,1
original_fixed,5x5,medium,12,60,D4,1,6.0,2
original_fixed,5x5,medium,12,60,D5,0,0.0,3
original_fixed,5x5,medium,12,60,E1,0,0.0,1
original_fixed,5x5,medium,12,60,E2,1,8.0,1
original_fixed,5x5,medium,12,60,E3,0,0.0,2
original_fixed,5x5,medium,12,60,E4,1,1.0,5
original_fixed,5x5,medium,12,60,E5,0,0.0,1
original_fixed,5x5,medium,12,60,F1,0,0.0,1
original_fixed,5x5,medium,12,60,F2,1,11.0,1
original_fixed,5x5,medium,12,60,F3,0,0.0,0
original_fixed,5x5,medium,12,60,F4,0,0.0,0
original_fixed,5x5,medium,12,60,F5,1,1.0,2
original_fixed,5x5,medium,12,65,B1,1,13.0,1
original_fixed,5x5,medium,12,65,B2,0,0.0,1
original_fixed,5x5,medium,12,65,B3,2,21.0,4
original_fixed,5x5,medium,12,65,B4,0,0.0,0
original_fixed,5x5,medium,12,65,B5,1,3.0,2
original_fixed,5x5,medium,12,65,C1,0,0.0,0
original_fixed,5x5,medium,12,65,C2,0,0.0,0
original_fixed,5x5,medium,12,65,C3,1,17.0,1
original_fixed,5x5,medium,12,65,C4,0,0.0,2
original_fixed,5x5,medium,12,65,C5,1,16.0,3
original_fixed,5x5,medium,12,65,D1,0,0.0,2
original_fixed,5x5,medium,12,65,D2,0,0.0,2
original_fixed,5x5,medium,12,65,D3,0,0.0,1
original_fixed,5x5,medium,12,65,D4,1,11.0,2
original_fixed,5x5,medium,12,65,D5,0,0.0,1
original_fixed,5x5,medium,12,65,E1,0,0.0,1
original_fixed,5x5,medium,12,65,E2,1,13.0,1
original_fixed,5x5,medium,12,65,E3,0,0.0,2
original_fixed,5x5,medium,12,65,E4,2,9.0,6
original_fixed,5x5,medium,12,65,E5,0,0.0,2
original_fixed,5x5,medium,12,65,F1,0,0.0,1
original_fixed,5x5,medium,12,65,F2,1,16.0,2
original_fixed,5x5,medium,12,65,F3,0,0.0,0
original_fixed,5x5,medium,12,65,F4,0,0.0,0
original_fixed,5x5,medium,12,65,F5,2,6.0,3
original_fixed,5x5,medium,12,70,B1,1,18.0,1
original_fixed,5x5,medium,12,70,B2,1,3.0,1
original_fixed,5x5,medium,12,70,B3,2,31.0,3
original_fixed,5x5,medium,12,70,B4,0,0.0,0
original_fixed,5x5,medium,12,70,B5,2,10.0,2
original_fixed,5x5,medium,12,70,C1,0,0.0,0
original_fixed,5x5,medium,12,70,C2,0,0.0,1
original_fixed,5x5,medium,12,70,C3,1,22.0,1
original_fixed,5x5,medium,12,70,C4,1,3.0,2
original_fixed,5x5,medium,12,70,C5,1,21.0,3
original_fixed,5x5,medium,12,70,D1,1,2.0,2
original_fixed,5x5,medium,12,70,D2,1,3.0,2
original_fixed,5x5,medium,12,70,D3,1,5.0,1
original_fixed,5x5,medium,12,70,D4,1,16.0,4
original_fixed,5x5,medium,12,70,D5,1,3.0,1
original_fixed,5x5,medium,12,70,E1,1,2.0,1
original_fixed,5x5,medium,12,70,E2,1,18.0,2
original_fixed,5x5,medium,12,70,E3,1,5.0,2
original_fixed,5x5,medium,12,70,E4,4,24.0,5
original_fixed,5x5,medium,12,70,E5,0,0.0,3
original_fixed,5x5,medium,12,70,F1,1,2.0,1
original_fixed,5x5,medium,12,70,F2,1,21.0,4
original_fixed,5x5,medium,12,70,F3,0,0.0,0
original_fixed,5x5,medium,12,70,F4,0,0.0,0
original_fixed,5x5,medium,12,70,F5,1,11.0,4
original_fixed,5x5,medium,12,75,B1,1,23.0,1
original_fixed,5x5,medium,12,75,B2,1,8.0,1
original_fixed,5x5,medium,12,75,B3,2,41.0,3
original_fixed,5x5,medium,12,75,B4,0,0.0,0
original_fixed,5x5,medium,12,75,B5,2,20.0,2
original_fixed,5x5,medium,12,75,C1,0,0.0,1
original_fixed,5x5,medium,12,75,C2,0,0.0,1
original_fixed,5x5,medium,12,75,C3,1,27.0,2
original_fixed,5x5,medium,12,75,C4,1,8.0,2
original_fixed,5x5,medium,12,75,C5,1,26.0,3
original_fixed,5x5,medium,12,75,D1,1,7.0,1
original_fixed,5x5,medium,12,75,D2,1,8.0,2
original_fixed,5x5,medium,12,75,D3,1,10.0,1
original_fixed,5x5,medium,12,75,D4,1,21.0,4
original_fixed,5x5,medium,12,75,D5,1,8.0,1
original_fixed,5x5,medium,12,75,E1,1,7.0,1
original_fixed,5x5,medium,12,75,E2,1,23.0,3
original_fixed,5x5,medium,12,75,E3,2,11.0,2
original_fixed,5x5,medium,12,75,E4,4,44.0,5
original_fixed,5x5,medium,12,75,E5,1,1.0,2
original_fixed,5x5,medium,12,75,F1,1,7.0,1
original_fixed,5x5,medium,12,75,F2,1,26.0,4
original_fixed,5x5,medium,12,75,F3,0,0.0,0
original_fixed,5x5,medium,12,75,F4,0,0.0,0
original_fixed,5x5,medium,12,75,F5,1,16.0,5
original_fixed,5x5,medium,12,80,B1,1,28.0,1
original_fixed,5x5,medium,12,80,B2,1,13.0,1
original_fixed,5x5,medium,12,80,B3,3,55.0,3
original_fixed,5x5,medium,12,80,B4,0,0.0,0
original_fixed,5x5,medium,12,80,B5,2,30.0,2
original_fixed,5x5,medium,12,80,C1,0,0.0,1
original_fixed,5x5,medium,12,80,C2,0,0.0,1
original_fixed,5x5,medium,12,80,C3,1,32.0,2
original_fixed,5x5,medium,12,80,C4,1,13.0,3
original_fixed,5x5,medium,12,80,C5,1,31.0,2
original_fixed,5x5,medium,12,80,D1,1,12.0,2
original_fixed,5x5,medium,12,80,D2,1,13.0,2
original_fixed,5x5,medium,12,80,D3,1,15.0,1
original_fixed,5x5,medium,12,80,D4,1,26.0,4
original_fixed,5x5,medium,12,80,D5,1,13.0,1
original_fixed,5x5,medium,12,80,E1,1,12.0,1
original_fixed,5x5,medium,12,80,E2,1,28.0,3
original_fixed,5x5,medium,12,80,E3,2,21.0,3
original_fixed,5x5,medium,12,80,E4,4,64.0,4
original_fixed,5x5,medium,12,80,E5,1,6.0,2
original_fixed,5x5,medium,12,80,F1,1,12.0,1
original_fixed,5x5,medium,12,80,F2,1,31.0,4
original_fixed,5x5,medium,12,80,F3,0,0.0,0
original_fixed,5x5,medium,12,80,F4,0,0.0,0
original_fixed,5x5,medium,12,80,F5,1,21.0,5
original_fixed,5x5,medium,12,85,B1,1,33.0,1
original_fixed,5x5,medium,12,85,B2,1,18.0,1
original_fixed,5x5,medium,12,85,B3,3,70.0,3
original_fixed,5x5,medium,12,85,B4,0,0.0,0
original_fixed,5x5,medium,12,85,B5,2,40.0,2
original_fixed,5x5,medium,12,85,C1,0,0.0,1
original_fixed,5x5,medium,12,85,C2,1,2.0,1
original_fixed,5x5,medium,12,85,C3,1,37.0,2
original_fixed,5x5,medium,12,85,C4,2,23.0,4
original_fixed,5x5,medium,12,85,C5,2,38.0,3
original_fixed,5x5,medium,12,85,D1,1,17.0,3
original_fixed,5x5,medium,12,85,D2,2,22.0,2
original_fixed,5x5,medium,12,85,D3,1,20.0,1
original_fixed,5x5,medium,12,85,D4,3,39.0,3
original_fixed,5x5,medium,12,85,D5,1,18.0,1
original_fixed,5x5,medium,12,85,E1,1,17.0,1
original_fixed,5x5,medium,12,85,E2,1,33.0,4
original_fixed,5x5,medium,12,85,E3,2,31.0,3
original_fixed,5x5,medium,12,85,E4,4,84.0,4
original_fixed,5x5,medium,12,85,E5,1,11.0,3
original_fixed,5x5,medium,12,85,F1,1,17.0,1
original_fixed,5x5,medium,12,85,F2,1,36.0,3
original_fixed,5x5,medium,12,85,F3,0,0.0,0
original_fixed,5x5,medium,12,85,F4,0,0.0,0
original_fixed,5x5,medium,12,85,F5,2,28.0,4
original_fixed,5x5,medium,12,90,B1,1,38.0,3
original_fixed,5x5,medium,12,90,B2,1,23.0,2
original_fixed,5x5,medium,12,90,B3,3,85.0,3
original_fixed,5x5,medium,12,90,B4,0,0.0,0
original_fixed,5x5,medium,12,90,B5,2,50.0,3
original_fixed,5x5,medium,12,90,C1,0,0.0,0
original_fixed,5x5,medium,12,90,C2,1,7.0,1
original_fixed,5x5,medium,12,90,C3,1,42.0,2
original_fixed,5x5,medium,12,90,C4,2,33.0,5
original_fixed,5x5,medium,12,90,C5,2,48.0,3
original_fixed,5x5,medium,12,90,D1,1,22.0,2
original_fixed,5x5,medium,12,90,D2,2,32.0,4
original_fixed,5x5,medium,12,90,D3,1,25.0,1
original_fixed,5x5,medium,12,90,D4,3,54.0,3
original_fixed,5x5,medium,12,90,D5,1,23.0,1
original_fixed,5x5,medium,12,90,E1,1,22.0,1
original_fixed,5x5,medium,12,90,E2,2,41.0,4
original_fixed,5x5,medium,12,90,E3,2,41.0,3
original_fixed,5x5,medium,12,90,E4,4,104.0,4
original_fixed,5x5,medium,12,90,E5,2,21.0,3
original_fixed,5x5,medium,12,90,F1,1,22.0,1
original_fixed,5x5,medium,12,90,F2,2,44.0,4
original_fixed,5x5,medium,12,90,F3,0,0.0,0
original_fixed,5x5,medium,12,90,F4,0,0.0,1
original_fixed,5x5,medium,12,90,F5,2,38.0,4
original_fixed,5x5,medium,12,95,B1,0,0.0,2
original_fixed,5x5,medium,12,95,B2,0,0.0,1
original_fixed,5x5,medium,12,95,B3,0,0.0,3
original_fixed,5x5,medium,12,95,B4,0,0.0,2
original_fixed,5x5,medium,12,95,B5,0,0.0,2
original_fixed,5x5,medium,12,95,C1,0,0.0,1
original_fixed,5x5,medium,12,95,C2,0,0.0,0
original_fixed,5x5,medium,12,95,C3,0,0.0,2
original_fixed,5x5,medium,12,95,C4,0,0.0,4
original_fixed,5x5,medium,12,95,C5,0,0.0,2
original_fixed,5x5,medium,12,95,D1,0,0.0,2
original_fixed,5x5,medium,12,95,D2,0,0.0,4
original_fixed,5x5,medium,12,95,D3,0,0.0,2
original_fixed,5x5,medium,12,95,D4,0,0.0,1
original_fixed,5x5,medium,12,95,D5,0,0.0,0
original_fixed,5x5,medium,12,95,E1,0,0.0,1
original_fixed,5x5,medium,12,95,E2,0,0.0,4
original_fixed,5x5,medium,12,95,E3,0,0.0,2
original_fixed,5x5,medium,12,95,E4,0,0.0,3
original_fixed,5x5,medium,12,95,E5,0,0.0,1
original_fixed,5x5,medium,12,95,F1,0,0.0,1
original_fixed,5x5,medium,12,95,F2,0,0.0,2
original_fixed,5x5,medium,12,95,F3,0,0.0,1
original_fixed,5x5,medium,12,95,F4,0,0.0,2
original_fixed,5x5,medium,12,95,F5,0,0.0,2
original_fixed,5x5,medium,12,100,B1,0,0.0,2
original_fixed,5x5,medium,12,100,B2,0,0.0,1
original_fixed,5x5,medium,12,100,B3,0,0.0,4
original_fixed,5x5,medium,12,100,B4,0,0.0,4
original_fixed,5x5,medium,12,100,B5,0,0.0,3
original_fixed,5x5,medium,12,100,C1,0,0.0,2
original_fixed,5x5,medium,12,100,C2,0,0.0,0
original_fixed,5x5,medium,12,100,C3,0,0.0,4
original_fixed,5x5,medium,12,100,C4,0,0.0,4
original_fixed,5x5,medium,12,100,C5,1,1.0,2
original_fixed,5x5,medium,12,100,D1,0,0.0,3
original_fixed,5x5,medium,12,100,D2,0,0.0,5
original_fixed,5x5,medium,12,100,D3,0,0.0,2
original_fixed,5x5,medium,12,100,D4,0,0.0,2
original_fixed,5x5,medium,12,100,D5,0,0.0,1
original_fixed,5x5,medium,12,100,E1,0,0.0,1
original_fixed,5x5,medium,12,100,E2,0,0.0,5
original_fixed,5x5,medium,12,100,E3,0,0.0,2
original_fixed,5x5,medium,12,100,E4,0,0.0,3
original_fixed,5x5,medium,12,100,E5,1,4.0,3
original_fixed,5x5,medium,12,100,F1,0,0.0,1
original_fixed,5x5,medium,12,100,F2,0,0.0,1
original_fixed,5x5,medium,12,100,F3,0,0.0,2
original_fixed,5x5,medium,12,100,F4,0,0.0,4
original_fixed,5x5,medium,12,100,F5,0,0.0,1
original_fixed,5x5,medium,12,105,B1,0,0.0,1
original_fixed,5x5,medium,12,105,B2,1,1.0,2
original_fixed,5x5,medium,12,105,B3,0,0.0,4
original_fixed,5x5,medium,12,105,B4,0,0.0,4
original_fixed,5x5,medium,12,105,B5,0,0.0,3
original_fixed,5x5,medium,12,105,C1,0,0.0,2
original_fixed,5x5,medium,12,105,C2,0,0.0,0
original_fixed,5x5,medium,12,105,C3,1,1.0,4
original_fixed,5x5,medium,12,105,C4,1,3.0,3
original_fixed,5x5,medium,12,105,C5,1,6.0,3
original_fixed,5x5,medium,12,105,D1,0,0.0,3
original_fixed,5x5,medium,12,105,D2,1,4.0,5
original_fixed,5x5,medium,12,105,D3,0,0.0,3
original_fixed,5x5,medium,12,105,D4,0,0.0,2
original_fixed,5x5,medium,12,105,D5,0,0.0,1
original_fixed,5x5,medium,12,105,E1,0,0.0,2
original_fixed,5x5,medium,12,105,E2,2,7.0,5
original_fixed,5x5,medium,12,105,E3,0,0.0,2
original_fixed,5x5,medium,12,105,E4,0,0.0,3
original_fixed,5x5,medium,12,105,E5,1,9.0,4
original_fixed,5x5,medium,12,105,F1,0,0.0,1
original_fixed,5x5,medium,12,105,F2,1,1.0,2
original_fixed,5x5,medium,12,105,F3,0,0.0,2
original_fixed,5x5,medium,12,105,F4,1,1.0,5
original_fixed,5x5,medium,12,105,F5,0,0.0,1
original_fixed,5x5,medium,12,110,B1,1,4.0,1
original_fixed,5x5,medium,12,110,B2,1,6.0,4
original_fixed,5x5,medium,12,110,B3,1,2.0,4
original_fixed,5x5,medium,12,110,B4,0,0.0,3
original_fixed,5x5,medium,12,110,B5,0,0.0,3
original_fixed,5x5,medium,12,110,C1,0,0.0,2
original_fixed,5x5,medium,12,110,C2,0,0.0,0
original_fixed,5x5,medium,12,110,C3,1,6.0,3
original_fixed,5x5,medium,12,110,C4,2,9.0,4
original_fixed,5x5,medium,12,110,C5,1,11.0,2
original_fixed,5x5,medium,12,110,D1,0,0.0,2
original_fixed,5x5,medium,12,110,D2,2,11.0,5
original_fixed,5x5,medium,12,110,D3,0,0.0,2
original_fixed,5x5,medium,12,110,D4,0,0.0,1
original_fixed,5x5,medium,12,110,D5,0,0.0,3
original_fixed,5x5,medium,12,110,E1,0,0.0,3
original_fixed,5x5,medium,12,110,E2,3,19.0,5
original_fixed,5x5,medium,12,110,E3,0,0.0,1
original_fixed,5x5,medium,12,110,E4,0,0.0,2
original_fixed,5x5,medium,12,110,E5,1,14.0,5
original_fixed,5x5,medium,12,110,F1,0,0.0,1
original_fixed,5x5,medium,12,110,F2,1,6.0,2
original_fixed,5x5,medium,12,110,F3,0,0.0,2
original_fixed,5x5,medium,12,110,F4,1,6.0,5
original_fixed,5x5,medium,12,110,F5,0,0.0,1
original_fixed,5x5,medium,12,115,B1,1,9.0,1
original_fixed,5x5,medium,12,115,B2,1,11.0,4
original_fixed,5x5,medium,12,115,B3,2,12.0,2
original_fixed,5x5,medium,12,115,B4,0,0.0,1
original_fixed,5x5,medium,12,115,B5,1,2.0,6
original_fixed,5x5,medium,12,115,C1,1,2.0,2
original_fixed,5x5,medium,12,115,C2,0,0.0,1
original_fixed,5x5,medium,12,115,C3,1,11.0,3
original_fixed,5x5,medium,12,115,C4,2,19.0,5
original_fixed,5x5,medium,12,115,C5,1,16.0,3
original_fixed,5x5,medium,12,115,D1,0,0.0,2
original_fixed,5x5,medium,12,115,D2,3,23.0,5
original_fixed,5x5,medium,12,115,D3,0,0.0,3
original_fixed,5x5,medium,12,115,D4,1,1.0,2
original_fixed,5x5,medium,12,115,D5,1,3.0,3
original_fixed,5x5,medium,12,115,E1,1,2.0,3
original_fixed,5x5,medium,12,115,E2,4,37.0,5
original_fixed,5x5,medium,12,115,E3,0,0.0,1
original_fixed,5x5,medium,12,115,E4,0,0.0,1
original_fixed,5x5,medium,12,115,E5,2,21.0,6
original_fixed,5x5,medium,12,115,F1,1,4.0,1
original_fixed,5x5,medium,12,115,F2,1,11.0,2
original_fixed,5x5,medium,12,115,F3,0,0.0,3
original_fixed,5x5,medium,12,115,F4,1,11.0,2
original_fixed,5x5,medium,12,115,F5,0,0.0,0
original_fixed,5x5,medium,12,120,B1,1,14.0,1
original_fixed,5x5,medium,12,120,B2,1,16.0,4
original_fixed,5x5,medium,12,120,B3,2,22.0,3
original_fixed,5x5,medium,12,120,B4,0,0.0,1
original_fixed,5x5,medium,12,120,B5,3,12.0,7
original_fixed,5x5,medium,12,120,C1,1,7.0,3
original_fixed,5x5,medium,12,120,C2,0,0.0,3
original_fixed,5x5,medium,12,120,C3,1,16.0,4
original_fixed,5x5,medium,12,120,C4,3,34.0,5
original_fixed,5x5,medium,12,120,C5,1,21.0,2
original_fixed,5x5,medium,12,120,D1,0,0.0,0
original_fixed,5x5,medium,12,120,D2,3,38.0,6
original_fixed,5x5,medium,12,120,D3,0,0.0,2
original_fixed,5x5,medium,12,120,D4,1,6.0,2
original_fixed,5x5,medium,12,120,D5,1,8.0,4
original_fixed,5x5,medium,12,120,E1,1,7.0,4
original_fixed,5x5,medium,12,120,E2,4,57.0,8
original_fixed,5x5,medium,12,120,E3,0,0.0,1
original_fixed,5x5,medium,12,120,E4,0,0.0,1
original_fixed,5x5,medium,12,120,E5,2,31.0,6
original_fixed,5x5,medium,12,120,F1,1,9.0,1
original_fixed,5x5,medium,12,120,F2,1,16.0,1
original_fixed,5x5,medium,12,120,F3,1,3.0,4
original_fixed,5x5,medium,12,120,F4,1,16.0,3
original_fixed,5x5,medium,12,120,F5,0,0.0,0
original_fixed,5x5,medium,12,125,B1,1,19.0,2
original_fixed,5x5,medium,12,125,B2,1,21.0,4
original_fixed,5x5,medium,12,125,B3,2,32.0,4
original_fixed,5x5,medium,12,125,B4,0,0.0,0
original_fixed,5x5,medium,12,125,B5,3,27.0,8
original_fixed,5x5,medium,12,125,C1,1,12.0,3
original_fixed,5x5,medium,12,125,C2,0,0.0,4
original_fixed,5x5,medium,12,125,C3,1,21.0,5
original_fixed,5x5,medium,12,125,C4,3,49.0,4
original_fixed,5x5,medium,12,125,C5,1,26.0,2
original_fixed,5x5,medium,12,125,D1,0,0.0,0
original_fixed,5x5,medium,12,125,D2,3,53.0,5
original_fixed,5x5,medium,12,125,D3,0,0.0,2
original_fixed,5x5,medium,12,125,D4,1,11.0,4
original_fixed,5x5,medium,12,125,D5,1,13.0,4
original_fixed,5x5,medium,12,125,E1,1,12.0,3
original_fixed,5x5,medium,12,125,E2,4,77.0,8
original_fixed,5x5,medium,12,125,E3,0,0.0,0
original_fixed,5x5,medium,12,125,E4,0,0.0,1
original_fixed,5x5,medium,12,125,E5,2,41.0,5
original_fixed,5x5,medium,12,125,F1,1,14.0,1
original_fixed,5x5,medium,12,125,F2,1,21.0,2
original_fixed,5x5,medium,12,125,F3,1,8.0,3
original_fixed,5x5,medium,12,125,F4,1,21.0,3
original_fixed,5x5,medium,12,125,F5,0,0.0,2
original_fixed,5x5,medium,12,130,B1,1,24.0,3
original_fixed,5x5,medium,12,130,B2,2,31.0,4
original_fixed,5x5,medium,12,130,B3,2,42.0,4
original_fixed,5x5,medium,12,130,B4,0,0.0,0
original_fixed,5x5,medium,12,130,B5,3,42.0,6
original_fixed,5x5,medium,12,130,C1,2,18.0,4
original_fixed,5x5,medium,12,130,C2,0,0.0,2
original_fixed,5x5,medium,12,130,C3,1,26.0,6
original_fixed,5x5,medium,12,130,C4,3,64.0,4
original_fixed,5x5,medium,12,130,C5,2,32.0,2
original_fixed,5x5,medium,12,130,D1,0,0.0,0
original_fixed,5x5,medium,12,130,D2,3,68.0,4
original_fixed,5x5,medium,12,130,D3,0,0.0,3
original_fixed,5x5,medium,12,130,D4,1,16.0,5
original_fixed,5x5,medium,12,130,D5,2,22.0,5
original_fixed,5x5,medium,12,130,E1,1,17.0,4
original_fixed,5x5,medium,12,130,E2,4,97.0,7
original_fixed,5x5,medium,12,130,E3,0,0.0,2
original_fixed,5x5,medium,12,130,E4,0,0.0,3
original_fixed,5x5,medium,12,130,E5,2,51.0,5
original_fixed,5x5,medium,12,130,F1,1,19.0,1
original_fixed,5x5,medium,12,130,F2,1,26.0,2
original_fixed,5x5,medium,12,130,F3,1,13.0,2
original_fixed,5x5,medium,12,130,F4,1,26.0,3
original_fixed,5x5,medium,12,130,F5,0,0.0,2
original_fixed,5x5,medium,12,135,B1,1,29.0,4
original_fixed,5x5,medium,12,135,B2,2,41.0,4
original_fixed,5x5,medium,12,135,B3,2,52.0,3
original_fixed,5x5,medium,12,135,B4,0,0.0,2
original_fixed,5x5,medium,12,135,B5,5,64.0,6
original_fixed,5x5,medium,12,135,C1,2,28.0,5
original_fixed,5x5,medium,12,135,C2,0,0.0,1
original_fixed,5x5,medium,12,135,C3,4,39.0,6
original_fixed,5x5,medium,12,135,C4,4,81.0,4
original_fixed,5x5,medium,12,135,C5,2,42.0,2
original_fixed,5x5,medium,12,135,D1,0,0.0,0
original_fixed,5x5,medium,12,135,D2,3,83.0,4
original_fixed,5x5,medium,12,135,D3,1,5.0,3
original_fixed,5x5,medium,12,135,D4,1,21.0,6
original_fixed,5x5,medium,12,135,D5,2,32.0,5
original_fixed,5x5,medium,12,135,E1,2,27.0,4
original_fixed,5x5,medium,12,135,E2,4,117.0,7
original_fixed,5x5,medium,12,135,E3,0,0.0,2
original_fixed,5x5,medium,12,135,E4,0,0.0,4
original_fixed,5x5,medium,12,135,E5,2,61.0,4
original_fixed,5x5,medium,12,135,F1,1,24.0,1
original_fixed,5x5,medium,12,135,F2,1,31.0,2
original_fixed,5x5,medium,12,135,F3,1,18.0,1
original_fixed,5x5,medium,12,135,F4,1,31.0,3
original_fixed,5x5,medium,12,135,F5,0,0.0,2
original_fixed,5x5,medium,12,140,B1,1,3.0,3
original_fixed,5x5,medium,12,140,B2,0,0.0,4
original_fixed,5x5,medium,12,140,B3,0,0.0,2
original_fixed,5x5,medium,12,140,B4,0,0.0,4
original_fixed,5x5,medium,12,140,B5,1,1.0,3
original_fixed,5x5,medium,12,140,C1,1,2.0,3
original_fixed,5x5,medium,12,140,C2,0,0.0,3
original_fixed,5x5,medium,12,140,C3,0,0.0,3
original_fixed,5x5,medium,12,140,C4,1,1.0,3
original_fixed,5x5,medium,12,140,C5,0,0.0,2
original_fixed,5x5,medium,12,140,D1,0,0.0,1
original_fixed,5x5,medium,12,140,D2,0,0.0,2
original_fixed,5x5,medium,12,140,D3,0,0.0,3
original_fixed,5x5,medium,12,140,D4,0,0.0,7
original_fixed,5x5,medium,12,140,D5,0,0.0,4
original_fixed,5x5,medium,12,140,E1,1,2.0,3
original_fixed,5x5,medium,12,140,E2,0,0.0,6
original_fixed,5x5,medium,12,140,E3,0,0.0,3
original_fixed,5x5,medium,12,140,E4,1,4.0,6
original_fixed,5x5,medium,12,140,E5,0,0.0,1
original_fixed,5x5,medium,12,140,F1,0,0.0,0
original_fixed,5x5,medium,12,140,F2,1,2.0,1
original_fixed,5x5,medium,12,140,F3,0,0.0,0
original_fixed,5x5,medium,12,140,F4,0,0.0,1
original_fixed,5x5,medium,12,140,F5,1,3.0,2
original_fixed,5x5,medium,12,145,B1,1,8.0,2
original_fixed,5x5,medium,12,145,B2,0,0.0,3
original_fixed,5x5,medium,12,145,B3,1,5.0,2
original_fixed,5x5,medium,12,145,B4,0,0.0,6
original_fixed,5x5,medium,12,145,B5,2,10.0,2
original_fixed,5x5,medium,12,145,C1,1,7.0,4
original_fixed,5x5,medium,12,145,C2,0,0.0,7
original_fixed,5x5,medium,12,145,C3,1,3.0,3
original_fixed,5x5,medium,12,145,C4,0,0.0,1
original_fixed,5x5,medium,12,145,C5,0,0.0,4
original_fixed,5x5,medium,12,145,D1,0,0.0,1
original_fixed,5x5,medium,12,145,D2,1,3.0,3
original_fixed,5x5,medium,12,145,D3,1,1.0,5
original_fixed,5x5,medium,12,145,D4,1,4.0,8
original_fixed,5x5,medium,12,145,D5,0,0.0,5
original_fixed,5x5,medium,12,145,E1,1,2.0,3
original_fixed,5x5,medium,12,145,E2,1,5.0,6
original_fixed,5x5,medium,12,145,E3,1,3.0,2
original_fixed,5x5,medium,12,145,E4,2,10.0,6
original_fixed,5x5,medium,12,145,E5,0,0.0,0
original_fixed,5x5,medium,12,145,F1,0,0.0,0
original_fixed,5x5,medium,12,145,F2,1,7.0,1
original_fixed,5x5,medium,12,145,F3,0,0.0,0
original_fixed,5x5,medium,12,145,F4,0,0.0,1
original_fixed,5x5,medium,12,145,F5,2,11.0,3
original_fixed,5x5,medium,12,150,B1,1,13.0,2
original_fixed,5x5,medium,12,150,B2,0,0.0,4
original_fixed,5x5,medium,12,150,B3,1,10.0,2
original_fixed,5x5,medium,12,150,B4,2,2.0,8
original_fixed,5x5,medium,12,150,B5,0,0.0,1
original_fixed,5x5,medium,12,150,C1,3,17.0,5
original_fixed,5x5,medium,12,150,C2,0,0.0,7
original_fixed,5x5,medium,12,150,C3,2,11.0,3
original_fixed,5x5,medium,12,150,C4,0,0.0,1
original_fixed,5x5,medium,12,150,C5,0,0.0,5
original_fixed,5x5,medium,12,150,D1,0,0.0,1
original_fixed,5x5,medium,12,150,D2,1,8.0,4
original_fixed,5x5,medium,12,150,D3,2,9.0,5
original_fixed,5x5,medium,12,150,D4,3,18.0,8
original_fixed,5x5,medium,12,150,D5,1,3.0,5
original_fixed,5x5,medium,12,150,E1,1,7.0,3
original_fixed,5x5,medium,12,150,E2,1,10.0,5
original_fixed,5x5,medium,12,150,E3,1,8.0,3
original_fixed,5x5,medium,12,150,E4,3,22.0,6
original_fixed,5x5,medium,12,150,E5,0,0.0,0
original_fixed,5x5,medium,12,150,F1,0,0.0,0
original_fixed,5x5,medium,12,150,F2,1,12.0,1
original_fixed,5x5,medium,12,150,F3,0,0.0,0
original_fixed,5x5,medium,12,150,F4,0,0.0,1
original_fixed,5x5,medium,12,150,F5,2,21.0,4
original_fixed,5x5,medium,12,155,B1,2,21.0,2
original_fixed,5x5,medium,12,155,B2,0,0.0,2
original_fixed,5x5,medium,12,155,B3,1,15.0,2
original_fixed,5x5,medium,12,155,B4,2,12.0,7
original_fixed,5x5,medium,12,155,B5,0,0.0,1
original_fixed,5x5,medium,12,155,C1,3,32.0,5
original_fixed,5x5,medium,12,155,C2,0,0.0,6
original_fixed,5x5,medium,12,155,C3,2,21.0,4
original_fixed,5x5,medium,12,155,C4,0,0.0,0
original_fixed,5x5,medium,12,155,C5,0,0.0,4
original_fixed,5x5,medium,12,155,D1,0,0.0,0
original_fixed,5x5,medium,12,155,D2,1,13.0,5
original_fixed,5x5,medium,12,155,D3,3,20.0,6
original_fixed,5x5,medium,12,155,D4,3,33.0,8
original_fixed,5x5,medium,12,155,D5,1,8.0,4
original_fixed,5x5,medium,12,155,E1,1,12.0,2
original_fixed,5x5,medium,12,155,E2,1,15.0,4
original_fixed,5x5,medium,12,155,E3,1,13.0,3
original_fixed,5x5,medium,12,155,E4,3,37.0,4
original_fixed,5x5,medium,12,155,E5,0,0.0,0
original_fixed,5x5,medium,12,155,F1,0,0.0,1
original_fixed,5x5,medium,12,155,F2,1,17.0,2
original_fixed,5x5,medium,12,155,F3,0,0.0,0
original_fixed,5x5,medium,12,155,F4,0,0.0,3
original_fixed,5x5,medium,12,155,F5,2,31.0,6
original_fixed,5x5,medium,12,160,B1,2,31.0,2
original_fixed,5x5,medium,12,160,B2,1,5.0,3
original_fixed,5x5,medium,12,160,B3,1,20.0,2
original_fixed,5x5,medium,12,160,B4,3,26.0,6
original_fixed,5x5,medium,12,160,B5,0,0.0,2
original_fixed,5x5,medium,12,160,C1,3,47.0,6
original_fixed,5x5,medium,12,160,C2,3,11.0,5
original_fixed,5x5,medium,12,160,C3,2,31.0,5
original_fixed,5x5,medium,12,160,C4,0,0.0,0
original_fixed,5x5,medium,12,160,C5,0,0.0,3
original_fixed,5x5,medium,12,160,D1,0,0.0,1
original_fixed,5x5,medium,12,160,D2,1,18.0,3
original_fixed,5x5,medium,12,160,D3,4,39.0,6
original_fixed,5x5,medium,12,160,D4,6,60.0,8
original_fixed,5x5,medium,12,160,D5,1,13.0,4
original_fixed,5x5,medium,12,160,E1,2,19.0,2
original_fixed,5x5,medium,12,160,E2,1,20.0,4
original_fixed,5x5,medium,12,160,E3,1,18.0,5
original_fixed,5x5,medium,12,160,E4,3,52.0,4
original_fixed,5x5,medium,12,160,E5,0,0.0,1
original_fixed,5x5,medium,12,160,F1,0,0.0,2
original_fixed,5x5,medium,12,160,F2,1,22.0,2
original_fixed,5x5,medium,12,160,F3,0,0.0,1
original_fixed,5x5,medium,12,160,F4,0,0.0,2
original_fixed,5x5,medium,12,160,F5,3,42.0,6
original_fixed,5x5,medium,12,165,B1,2,41.0,2
original_fixed,5x5,medium,12,165,B2,1,10.0,2
original_fixed,5x5,medium,12,165,B3,1,25.0,3
original_fixed,5x5,medium,12,165,B4,3,41.0,4
original_fixed,5x5,medium,12,165,B5,0,0.0,3
original_fixed,5x5,medium,12,165,C1,4,66.0,5
original_fixed,5x5,medium,12,165,C2,3,26.0,7
original_fixed,5x5,medium,12,165,C3,3,45.0,6
original_fixed,5x5,medium,12,165,C4,0,0.0,1
original_fixed,5x5,medium,12,165,C5,0,0.0,3
original_fixed,5x5,medium,12,165,D1,0,0.0,2
original_fixed,5x5,medium,12,165,D2,1,23.0,3
original_fixed,5x5,medium,12,165,D3,4,59.0,6
original_fixed,5x5,medium,12,165,D4,6,90.0,8
original_fixed,5x5,medium,12,165,D5,1,18.0,3
original_fixed,5x5,medium,12,165,E1,2,29.0,2
original_fixed,5x5,medium,12,165,E2,2,27.0,4
original_fixed,5x5,medium,12,165,E3,1,23.0,6
original_fixed,5x5,medium,12,165,E4,3,67.0,4
original_fixed,5x5,medium,12,165,E5,0,0.0,2
original_fixed,5x5,medium,12,165,F1,0,0.0,2
original_fixed,5x5,medium,12,165,F2,1,27.0,1
original_fixed,5x5,medium,12,165,F3,0,0.0,1
original_fixed,5x5,medium,12,165,F4,0,0.0,2
original_fixed,5x5,medium,12,165,F5,3,57.0,5
original_fixed,5x5,medium,12,170,B1,2,51.0,2
original_fixed,5x5,medium,12,170,B2,1,15.0,2
original_fixed,5x5,medium,12,170,B3,1,30.0,3
original_fixed,5x5,medium,12,170,B4,4,57.0,4
original_fixed,5x5,medium,12,170,B5,0,0.0,4
original_fixed,5x5,medium,12,170,C1,4,86.0,5
original_fixed,5x5,medium,12,170,C2,3,41.0,6
original_fixed,5x5,medium,12,170,C3,4,62.0,6
original_fixed,5x5,medium,12,170,C4,0,0.0,1
original_fixed,5x5,medium,12,170,C5,1,3.0,3
original_fixed,5x5,medium,12,170,D1,0,0.0,2
original_fixed,5x5,medium,12,170,D2,1,28.0,2
original_fixed,5x5,medium,12,170,D3,4,79.0,6
original_fixed,5x5,medium,12,170,D4,6,120.0,8
original_fixed,5x5,medium,12,170,D5,1,23.0,3
original_fixed,5x5,medium,12,170,E1,2,39.0,2
original_fixed,5x5,medium,12,170,E2,2,37.0,5
original_fixed,5x5,medium,12,170,E3,3,33.0,5
original_fixed,5x5,medium,12,170,E4,3,82.0,4
original_fixed,5x5,medium,12,170,E5,0,0.0,3
original_fixed,5x5,medium,12,170,F1,0,0.0,2
original_fixed,5x5,medium,12,170,F2,1,32.0,2
original_fixed,5x5,medium,12,170,F3,0,0.0,2
original_fixed,5x5,medium,12,170,F4,0,0.0,0
original_fixed,5x5,medium,12,170,F5,5,75.0,6
original_fixed,5x5,medium,12,175,B1,2,61.0,5
original_fixed,5x5,medium,12,175,B2,1,20.0,2
original_fixed,5x5,medium,12,175,B3,2,39.0,3
original_fixed,5x5,medium,12,175,B4,4,77.0,4
original_fixed,5x5,medium,12,175,B5,0,0.0,2
original_fixed,5x5,medium,12,175,C1,4,106.0,4
original_fixed,5x5,medium,12,175,C2,3,56.0,5
original_fixed,5x5,medium,12,175,C3,4,82.0,7
original_fixed,5x5,medium,12,175,C4,0,0.0,1
original_fixed,5x5,medium,12,175,C5,1,8.0,4
original_fixed,5x5,medium,12,175,D1,0,0.0,2
original_fixed,5x5,medium,12,175,D2,1,33.0,2
original_fixed,5x5,medium,12,175,D3,4,99.0,5
original_fixed,5x5,medium,12,175,D4,7,152.0,10
original_fixed,5x5,medium,12,175,D5,1,28.0,2
original_fixed,5x5,medium,12,175,E1,2,49.0,2
original_fixed,5x5,medium,12,175,E2,3,52.0,6
original_fixed,5x5,medium,12,175,E3,3,48.0,5
original_fixed,5x5,medium,12,175,E4,3,97.0,3
original_fixed,5x5,medium,12,175,E5,0,0.0,4
original_fixed,5x5,medium,12,175,F1,1,4.0,4
original_fixed,5x5,medium,12,175,F2,1,37.0,2
original_fixed,5x5,medium,12,175,F3,0,0.0,2
original_fixed,5x5,medium,12,175,F4,0,0.0,0
original_fixed,5x5,medium,12,175,F5,5,100.0,8
original_fixed,5x5,medium,12,180,B1,2,71.0,6
original_fixed,5x5,medium,12,180,B2,1,25.0,3
original_fixed,5x5,medium,12,180,B3,2,49.0,3
original_fixed,5x5,medium,12,180,B4,4,97.0,4
original_fixed,5x5,medium,12,180,B5,0,0.0,2
original_fixed,5x5,medium,12,180,C1,4,126.0,4
original_fixed,5x5,medium,12,180,C2,3,71.0,4
original_fixed,5x5,medium,12,180,C3,5,105.0,7
original_fixed,5x5,medium,12,180,C4,0,0.0,0
original_fixed,5x5,medium,12,180,C5,1,13.0,4
original_fixed,5x5,medium,12,180,D1,1,3.0,2
original_fixed,5x5,medium,12,180,D2,1,38.0,2
original_fixed,5x5,medium,12,180,D3,5,124.0,5
original_fixed,5x5,medium,12,180,D4,7,187.0,11
original_fixed,5x5,medium,12,180,D5,1,33.0,2
original_fixed,5x5,medium,12,180,E1,2,59.0,3
original_fixed,5x5,medium,12,180,E2,4,72.0,6
original_fixed,5x5,medium,12,180,E3,5,67.0,5
original_fixed,5x5,medium,12,180,E4,3,112.0,3
original_fixed,5x5,medium,12,180,E5,0,0.0,4
original_fixed,5x5,medium,12,180,F1,2,14.0,5
original_fixed,5x5,medium,12,180,F2,1,42.0,2
original_fixed,5x5,medium,12,180,F3,0,0.0,2
original_fixed,5x5,medium,12,180,F4,0,0.0,1
original_fixed,5x5,medium,12,180,F5,5,125.0,9
original_fixed,5x5,medium,12,185,B1,0,0.0,6
original_fixed,5x5,medium,12,185,B2,0,0.0,4
original_fixed,5x5,medium,12,185,B3,0,0.0,2
original_fixed,5x5,medium,12,185,B4,0,0.0,0
original_fixed,5x5,medium,12,185,B5,0,0.0,5
original_fixed,5x5,medium,12,185,C1,0,0.0,3
original_fixed,5x5,medium,12,185,C2,1,2.0,2
original_fixed,5x5,medium,12,185,C3,1,3.0,4
original_fixed,5x5,medium,12,185,C4,0,0.0,2
original_fixed,5x5,medium,12,185,C5,1,3.0,4
original_fixed,5x5,medium,12,185,D1,0,0.0,3
original_fixed,5x5,medium,12,185,D2,0,0.0,1
original_fixed,5x5,medium,12,185,D3,0,0.0,3
original_fixed,5x5,medium,12,185,D4,0,0.0,9
original_fixed,5x5,medium,12,185,D5,0,0.0,1
original_fixed,5x5,medium,12,185,E1,0,0.0,2
original_fixed,5x5,medium,12,185,E2,1,4.0,5
original_fixed,5x5,medium,12,185,E3,0,0.0,3
original_fixed,5x5,medium,12,185,E4,0,0.0,2
original_fixed,5x5,medium,12,185,E5,1,1.0,5
original_fixed,5x5,medium,12,185,F1,0,0.0,4
original_fixed,5x5,medium,12,185,F2,1,1.0,3
original_fixed,5x5,medium,12,185,F3,0,0.0,1
original_fixed,5x5,medium,12,185,F4,0,0.0,1
original_fixed,5x5,medium,12,185,F5,0,0.0,6
original_fixed,5x5,medium,12,190,B1,0,0.0,7
original_fixed,5x5,medium,12,190,B2,0,0.0,5
original_fixed,5x5,medium,12,190,B3,0,0.0,3
original_fixed,5x5,medium,12,190,B4,0,0.0,1
original_fixed,5x5,medium,12,190,B5,1,4.0,5
original_fixed,5x5,medium,12,190,C1,0,0.0,4
original_fixed,5x5,medium,12,190,C2,1,7.0,2
original_fixed,5x5,medium,12,190,C3,1,8.0,3
original_fixed,5x5,medium,12,190,C4,0,0.0,5
original_fixed,5x5,medium,12,190,C5,1,8.0,3
original_fixed,5x5,medium,12,190,D1,0,0.0,4
original_fixed,5x5,medium,12,190,D2,0,0.0,2
original_fixed,5x5,medium,12,190,D3,0,0.0,5
original_fixed,5x5,medium,12,190,D4,0,0.0,6
original_fixed,5x5,medium,12,190,D5,0,0.0,3
original_fixed,5x5,medium,12,190,E1,0,0.0,2
original_fixed,5x5,medium,12,190,E2,2,10.0,4
original_fixed,5x5,medium,12,190,E3,0,0.0,3
original_fixed,5x5,medium,12,190,E4,0,0.0,4
original_fixed,5x5,medium,12,190,E5,3,13.0,5
original_fixed,5x5,medium,12,190,F1,1,1.0,4
original_fixed,5x5,medium,12,190,F2,1,6.0,7
original_fixed,5x5,medium,12,190,F3,1,3.0,1
original_fixed,5x5,medium,12,190,F4,0,0.0,2
original_fixed,5x5,medium,12,190,F5,1,1.0,4
original_fixed,5x5,medium,12,195,B1,2,6.0,7
original_fixed,5x5,medium,12,195,B2,1,1.0,4
original_fixed,5x5,medium,12,195,B3,0,0.0,3
original_fixed,5x5,medium,12,195,B4,0,0.0,1
original_fixed,5x5,medium,12,195,B5,2,12.0,6
original_fixed,5x5,medium,12,195,C1,0,0.0,5
original_fixed,5x5,medium,12,195,C2,1,12.0,2
original_fixed,5x5,medium,12,195,C3,1,13.0,3
original_fixed,5x5,medium,12,195,C4,0,0.0,6
original_fixed,5x5,medium,12,195,C5,2,16.0,3
original_fixed,5x5,medium,12,195,D1,1,1.0,4
original_fixed,5x5,medium,12,195,D2,1,4.0,3
original_fixed,5x5,medium,12,195,D3,0,0.0,5
original_fixed,5x5,medium,12,195,D4,0,0.0,5
original_fixed,5x5,medium,12,195,D5,0,0.0,3
original_fixed,5x5,medium,12,195,E1,1,2.0,3
original_fixed,5x5,medium,12,195,E2,2,20.0,4
original_fixed,5x5,medium,12,195,E3,0,0.0,4
original_fixed,5x5,medium,12,195,E4,0,0.0,4
original_fixed,5x5,medium,12,195,E5,3,28.0,5
original_fixed,5x5,medium,12,195,F1,2,7.0,4
original_fixed,5x5,medium,12,195,F2,1,11.0,7
original_fixed,5x5,medium,12,195,F3,1,8.0,3
original_fixed,5x5,medium,12,195,F4,0,0.0,4
original_fixed,5x5,medium,12,195,F5,1,6.0,3
original_fixed,5x5,medium,12,200,B1,3,20.0,6
original_fixed,5x5,medium,12,200,B2,2,7.0,4
original_fixed,5x5,medium,12,200,B3,0,0.0,2
original_fixed,5x5,medium,12,200,B4,0,0.0,1
original_fixed,5x5,medium,12,200,B5,3,24.0,7
original_fixed,5x5,medium,12,200,C1,0,0.0,5
original_fixed,5x5,medium,12,200,C2,1,17.0,1
original_fixed,5x5,medium,12,200,C3,1,18.0,2
original_fixed,5x5,medium,12,200,C4,0,0.0,5
original_fixed,5x5,medium,12,200,C5,3,31.0,3
original_fixed,5x5,medium,12,200,D1,1,6.0,4
original_fixed,5x5,medium,12,200,D2,1,9.0,5
original_fixed,5x5,medium,12,200,D3,0,0.0,5
original_fixed,5x5,medium,12,200,D4,1,5.0,5
original_fixed,5x5,medium,12,200,D5,0,0.0,2
original_fixed,5x5,medium,12,200,E1,1,7.0,4
original_fixed,5x5,medium,12,200,E2,2,30.0,4
original_fixed,5x5,medium,12,200,E3,0,0.0,3
original_fixed,5x5,medium,12,200,E4,0,0.0,3
original_fixed,5x5,medium,12,200,E5,3,43.0,7
original_fixed,5x5,medium,12,200,F1,2,17.0,2
original_fixed,5x5,medium,12,200,F2,1,16.0,8
original_fixed,5x5,medium,12,200,F3,1,13.0,4
original_fixed,5x5,medium,12,200,F4,0,0.0,3
original_fixed,5x5,medium,12,200,F5,1,11.0,1
original_fixed,5x5,medium,12,205,B1,5,40.0,7
original_fixed,5x5,medium,12,205,B2,2,17.0,3
original_fixed,5x5,medium,12,205,B3,0,0.0,0
original_fixed,5x5,medium,12,205,B4,0,0.0,2
original_fixed,5x5,medium,12,205,B5,5,48.0,7
original_fixed,5x5,medium,12,205,C1,2,8.0,6
original_fixed,5x5,medium,12,205,C2,1,22.0,1
original_fixed,5x5,medium,12,205,C3,1,23.0,2
original_fixed,5x5,medium,12,205,C4,1,1.0,4
original_fixed,5x5,medium,12,205,C5,3,46.0,5
original_fixed,5x5,medium,12,205,D1,3,18.0,3
original_fixed,5x5,medium,12,205,D2,2,15.0,5
original_fixed,5x5,medium,12,205,D3,1,2.0,4
original_fixed,5x5,medium,12,205,D4,1,10.0,3
original_fixed,5x5,medium,12,205,D5,0,0.0,1
original_fixed,5x5,medium,12,205,E1,2,15.0,4
original_fixed,5x5,medium,12,205,E2,3,45.0,6
original_fixed,5x5,medium,12,205,E3,0,0.0,3
original_fixed,5x5,medium,12,205,E4,0,0.0,1
original_fixed,5x5,medium,12,205,E5,5,63.0,8
original_fixed,5x5,medium,12,205,F1,2,27.0,3
original_fixed,5x5,medium,12,205,F2,2,22.0,7
original_fixed,5x5,medium,12,205,F3,1,18.0,4
original_fixed,5x5,medium,12,205,F4,0,0.0,2
original_fixed,5x5,medium,12,205,F5,1,16.0,3
original_fixed,5x5,medium,12,210,B1,5,65.0,7
original_fixed,5x5,medium,12,210,B2,2,27.0,2
original_fixed,5x5,medium,12,210,B3,0,0.0,0
original_fixed,5x5,medium,12,210,B4,1,2.0,2
original_fixed,5x5,medium,12,210,B5,5,73.0,6
original_fixed,5x5,medium,12,210,C1,4,24.0,6
original_fixed,5x5,medium,12,210,C2,1,27.0,1
original_fixed,5x5,medium,12,210,C3,1,28.0,2
original_fixed,5x5,medium,12,210,C4,1,6.0,4
original_fixed,5x5,medium,12,210,C5,3,61.0,5
original_fixed,5x5,medium,12,210,D1,3,33.0,5
original_fixed,5x5,medium,12,210,D2,2,25.0,5
original_fixed,5x5,medium,12,210,D3,1,7.0,2
original_fixed,5x5,medium,12,210,D4,1,15.0,3
original_fixed,5x5,medium,12,210,D5,0,0.0,2
original_fixed,5x5,medium,12,210,E1,2,25.0,3
original_fixed,5x5,medium,12,210,E2,3,60.0,6
original_fixed,5x5,medium,12,210,E3,2,5.0,4
original_fixed,5x5,medium,12,210,E4,0,0.0,1
original_fixed,5x5,medium,12,210,E5,5,88.0,10
original_fixed,5x5,medium,12,210,F1,2,37.0,3
original_fixed,5x5,medium,12,210,F2,4,40.0,7
original_fixed,5x5,medium,12,210,F3,1,23.0,5
original_fixed,5x5,medium,12,210,F4,0,0.0,1
original_fixed,5x5,medium,12,210,F5,1,21.0,4
original_fixed,5x5,medium,12,215,B1,5,90.0,8
original_fixed,5x5,medium,12,215,B2,2,37.0,2
original_fixed,5x5,medium,12,215,B3,0,0.0,0
original_fixed,5x5,medium,12,215,B4,1,7.0,3
original_fixed,5x5,medium,12,215,B5,5,98.0,7
original_fixed,5x5,medium,12,215,C1,4,44.0,5
original_fixed,5x5,medium,12,215,C2,1,32.0,1
original_fixed,5x5,medium,12,215,C3,1,33.0,2
original_fixed,5x5,medium,12,215,C4,2,14.0,3
original_fixed,5x5,medium,12,215,C5,3,76.0,7
original_fixed,5x5,medium,12,215,D1,3,48.0,6
original_fixed,5x5,medium,12,215,D2,3,36.0,4
original_fixed,5x5,medium,12,215,D3,1,12.0,1
original_fixed,5x5,medium,12,215,D4,2,22.0,3
original_fixed,5x5,medium,12,215,D5,0,0.0,2
original_fixed,5x5,medium,12,215,E1,3,38.0,3
original_fixed,5x5,medium,12,215,E2,3,75.0,5
original_fixed,5x5,medium,12,215,E3,2,15.0,4
original_fixed,5x5,medium,12,215,E4,0,0.0,1
original_fixed,5x5,medium,12,215,E5,6,117.0,10
original_fixed,5x5,medium,12,215,F1,2,47.0,4
original_fixed,5x5,medium,12,215,F2,4,60.0,8
original_fixed,5x5,medium,12,215,F3,1,28.0,4
original_fixed,5x5,medium,12,215,F4,0,0.0,2
original_fixed,5x5,medium,12,215,F5,1,26.0,6
original_fixed,5x5,medium,12,220,B1,5,115.0,7
original_fixed,5x5,medium,12,220,B2,2,47.0,3
original_fixed,5x5,medium,12,220,B3,0,0.0,0
original_fixed,5x5,medium,12,220,B4,2,15.0,3
original_fixed,5x5,medium,12,220,B5,5,123.0,7
original_fixed,5x5,medium,12,220,C1,4,64.0,4
original_fixed,5x5,medium,12,220,C2,1,37.0,1
original_fixed,5x5,medium,12,220,C3,1,38.0,3
original_fixed,5x5,medium,12,220,C4,2,24.0,2
original_fixed,5x5,medium,12,220,C5,4,93.0,7
original_fixed,5x5,medium,12,220,D1,3,63.0,6
original_fixed,5x5,medium,12,220,D2,3,51.0,5
original_fixed,5x5,medium,12,220,D3,1,17.0,1
original_fixed,5x5,medium,12,220,D4,2,32.0,4
original_fixed,5x5,medium,12,220,D5,0,0.0,2
original_fixed,5x5,medium,12,220,E1,3,53.0,4
original_fixed,5x5,medium,12,220,E2,3,90.0,4
original_fixed,5x5,medium,12,220,E3,2,25.0,3
original_fixed,5x5,medium,12,220,E4,0,0.0,1
original_fixed,5x5,medium,12,220,E5,8,153.0,10
original_fixed,5x5,medium,12,220,F1,3,61.0,4
original_fixed,5x5,medium,12,220,F2,5,81.0,8
original_fixed,5x5,medium,12,220,F3,2,34.0,4
original_fixed,5x5,medium,12,220,F4,0,0.0,1
original_fixed,5x5,medium,12,220,F5,2,32.0,6
original_fixed,5x5,medium,12,225,B1,5,140.0,6
original_fixed,5x5,medium,12,225,B2,2,57.0,4
original_fixed,5x5,medium,12,225,B3,0,0.0,0
original_fixed,5x5,medium,12,225,B4,2,25.0,3
original_fixed,5x5,medium,12,225,B5,5,148.0,7
original_fixed,5x5,medium,12,225,C1,4,84.0,5
original_fixed,5x5,medium,12,225,C2,1,42.0,1
original_fixed,5x5,medium,12,225,C3,2,45.0,3
original_fixed,5x5,medium,12,225,C4,2,34.0,2
original_fixed,5x5,medium,12,225,C5,4,113.0,7
original_fixed,5x5,medium,12,225,D1,3,78.0,6
original_fixed,5x5,medium,12,225,D2,3,66.0,5
original_fixed,5x5,medium,12,225,D3,1,22.0,1
original_fixed,5x5,medium,12,225,D4,2,42.0,4
original_fixed,5x5,medium,12,225,D5,0,0.0,3
original_fixed,5x5,medium,12,225,E1,3,68.0,4
original_fixed,5x5,medium,12,225,E2,4,110.0,5
original_fixed,5x5,medium,12,225,E3,3,37.0,3
original_fixed,5x5,medium,12,225,E4,0,0.0,0
original_fixed,5x5,medium,12,225,E5,8,193.0,9
original_fixed,5x5,medium,12,225,F1,3,76.0,4
original_fixed,5x5,medium,12,225,F2,6,110.0,8
original_fixed,5x5,medium,12,225,F3,2,44.0,6
original_fixed,5x5,medium,12,225,F4,0,0.0,3
original_fixed,5x5,medium,12,225,F5,3,43.0,6
original_fixed,5x5,medium,12,230,B1,1,1.0,3
original_fixed,5x5,medium,12,230,B2,0,0.0,2
original_fixed,5x5,medium,12,230,B3,0,0.0,0
original_fixed,5x5,medium,12,230,B4,0,0.0,2
original_fixed,5x5,medium,12,230,B5,1,2.0,5
original_fixed,5x5,medium,12,230,C1,0,0.0,5
original_fixed,5x5,medium,12,230,C2,0,0.0,2
original_fixed,5x5,medium,12,230,C3,0,0.0,2
original_fixed,5x5,medium,12,230,C4,0,0.0,3
original_fixed,5x5,medium,12,230,C5,0,0.0,3
original_fixed,5x5,medium,12,230,D1,0,0.0,5
original_fixed,5x5,medium,12,230,D2,1,4.0,4
original_fixed,5x5,medium,12,230,D3,0,0.0,0
original_fixed,5x5,medium,12,230,D4,0,0.0,2
original_fixed,5x5,medium,12,230,D5,1,4.0,4
original_fixed,5x5,medium,12,230,E1,0,0.0,4
original_fixed,5x5,medium,12,230,E2,0,0.0,3
original_fixed,5x5,medium,12,230,E3,0,0.0,1
original_fixed,5x5,medium,12,230,E4,0,0.0,2
original_fixed,5x5,medium,12,230,E5,3,21.0,7
original_fixed,5x5,medium,12,230,F1,0,0.0,4
original_fixed,5x5,medium,12,230,F2,1,2.0,7
original_fixed,5x5,medium,12,230,F3,0,0.0,6
original_fixed,5x5,medium,12,230,F4,1,2.0,3
original_fixed,5x5,medium,12,230,F5,1,6.0,5
original_fixed,5x5,medium,12,235,B1,1,6.0,2
original_fixed,5x5,medium,12,235,B2,0,0.0,2
original_fixed,5x5,medium,12,235,B3,0,0.0,2
original_fixed,5x5,medium,12,235,B4,1,5.0,2
original_fixed,5x5,medium,12,235,B5,1,7.0,5
original_fixed,5x5,medium,12,235,C1,0,0.0,6
original_fixed,5x5,medium,12,235,C2,0,0.0,2
original_fixed,5x5,medium,12,235,C3,1,4.0,3
original_fixed,5x5,medium,12,235,C4,0,0.0,4
original_fixed,5x5,medium,12,235,C5,1,5.0,3
original_fixed,5x5,medium,12,235,D1,1,4.0,8
original_fixed,5x5,medium,12,235,D2,2,11.0,5
original_fixed,5x5,medium,12,235,D3,0,0.0,0
original_fixed,5x5,medium,12,235,D4,0,0.0,1
original_fixed,5x5,medium,12,235,D5,1,9.0,5
original_fixed,5x5,medium,12,235,E1,0,0.0,4
original_fixed,5x5,medium,12,235,E2,0,0.0,5
original_fixed,5x5,medium,12,235,E3,0,0.0,2
original_fixed,5x5,medium,12,235,E4,0,0.0,3
original_fixed,5x5,medium,12,235,E5,2,12.0,7
original_fixed,5x5,medium,12,235,F1,1,3.0,4
original_fixed,5x5,medium,12,235,F2,0,0.0,6
original_fixed,5x5,medium,12,235,F3,0,0.0,6
original_fixed,5x5,medium,12,235,F4,1,7.0,3
original_fixed,5x5,medium,12,235,F5,2,15.0,6
original_fixed,5x5,medium,12,240,B1,1,11.0,3
original_fixed,5x5,medium,12,240,B2,0,0.0,0
original_fixed,5x5,medium,12,240,B3,0,0.0,4
original_fixed,5x5,medium,12,240,B4,1,10.0,3
original_fixed,5x5,medium,12,240,B5,1,12.0,3
original_fixed,5x5,medium,12,240,C1,0,0.0,5
original_fixed,5x5,medium,12,240,C2,0,0.0,2
original_fixed,5x5,medium,12,240,C3,1,9.0,4
original_fixed,5x5,medium,12,240,C4,0,0.0,4
original_fixed,5x5,medium,12,240,C5,1,10.0,4
original_fixed,5x5,medium,12,240,D1,1,9.0,7
original_fixed,5x5,medium,12,240,D2,2,21.0,5
original_fixed,5x5,medium,12,240,D3,0,0.0,0
original_fixed,5x5,medium,12,240,D4,0,0.0,2
original_fixed,5x5,medium,12,240,D5,1,14.0,5
original_fixed,5x5,medium,12,240,E1,0,0.0,4
original_fixed,5x5,medium,12,240,E2,1,2.0,5
original_fixed,5x5,medium,12,240,E3,0,0.0,5
original_fixed,5x5,medium,12,240,E4,0,0.0,4
original_fixed,5x5,medium,12,240,E5,1,15.0,5
original_fixed,5x5,medium,12,240,F1,1,8.0,4
original_fixed,5x5,medium,12,240,F2,1,5.0,5
original_fixed,5x5,medium,12,240,F3,1,4.0,4
original_fixed,5x5,medium,12,240,F4,2,16.0,2
original_fixed,5x5,medium,12,240,F5,3,28.0,6
original_fixed,5x5,medium,12,245,B1,1,16.0,5
original_fixed,5x5,medium,12,245,B2,0,0.0,0
original_fixed,5x5,medium,12,245,B3,0,0.0,4
original_fixed,5x5,medium,12,245,B4,1,15.0,4
original_fixed,5x5,medium,12,245,B5,1,17.0,2
original_fixed,5x5,medium,12,245,C1,0,0.0,4
original_fixed,5x5,medium,12,245,C2,1,1.0,4
original_fixed,5x5,medium,12,245,C3,1,14.0,3
original_fixed,5x5,medium,12,245,C4,1,1.0,2
original_fixed,5x5,medium,12,245,C5,1,15.0,7
original_fixed,5x5,medium,12,245,D1,2,16.0,7
original_fixed,5x5,medium,12,245,D2,3,31.0,6
original_fixed,5x5,medium,12,245,D3,0,0.0,1
original_fixed,5x5,medium,12,245,D4,0,0.0,1
original_fixed,5x5,medium,12,245,D5,1,19.0,5
original_fixed,5x5,medium,12,245,E1,0,0.0,3
original_fixed,5x5,medium,12,245,E2,1,7.0,6
original_fixed,5x5,medium,12,245,E3,0,0.0,5
original_fixed,5x5,medium,12,245,E4,0,0.0,3
original_fixed,5x5,medium,12,245,E5,1,20.0,5
original_fixed,5x5,medium,12,245,F1,1,13.0,3
original_fixed,5x5,medium,12,245,F2,1,10.0,3
original_fixed,5x5,medium,12,245,F3,1,9.0,4
original_fixed,5x5,medium,12,245,F4,2,26.0,3
original_fixed,5x5,medium,12,245,F5,4,44.0,5
original_fixed,5x5,medium,12,250,B1,2,25.0,6
original_fixed,5x5,medium,12,250,B2,0,0.0,1
original_fixed,5x5,medium,12,250,B3,0,0.0,3
original_fixed,5x5,medium,12,250,B4,2,24.0,6
original_fixed,5x5,medium,12,250,B5,1,22.0,2
original_fixed,5x5,medium,12,250,C1,1,3.0,2
original_fixed,5x5,medium,12,250,C2,2,9.0,6
original_fixed,5x5,medium,12,250,C3,1,19.0,3
original_fixed,5x5,medium,12,250,C4,1,6.0,1
original_fixed,5x5,medium,12,250,C5,1,20.0,5
original_fixed,5x5,medium,12,250,D1,2,26.0,8
original_fixed,5x5,medium,12,250,D2,3,45.0,5
original_fixed,5x5,medium,12,250,D3,0,0.0,3
original_fixed,5x5,medium,12,250,D4,0,0.0,2
original_fixed,5x5,medium,12,250,D5,1,24.0,7
original_fixed,5x5,medium,12,250,E1,0,0.0,4
original_fixed,5x5,medium,12,250,E2,2,17.0,3
original_fixed,5x5,medium,12,250,E3,0,0.0,3
original_fixed,5x5,medium,12,250,E4,1,4.0,5
original_fixed,5x5,medium,12,250,E5,1,25.0,2
original_fixed,5x5,medium,12,250,F1,1,18.0,3
original_fixed,5x5,medium,12,250,F2,2,19.0,5
original_fixed,5x5,medium,12,250,F3,3,21.0,4
original_fixed,5x5,medium,12,250,F4,2,36.0,4
original_fixed,5x5,medium,12,250,F5,4,64.0,5
original_fixed,5x5,medium,12,255,B1,3,37.0,6
original_fixed,5x5,medium,12,255,B2,0,0.0,1
original_fixed,5x5,medium,12,255,B3,0,0.0,3
original_fixed,5x5,medium,12,255,B4,3,38.0,7
original_fixed,5x5,medium,12,255,B5,1,27.0,3
original_fixed,5x5,medium,12,255,C1,1,8.0,3
original_fixed,5x5,medium,12,255,C2,2,19.0,6
original_fixed,5x5,medium,12,255,C3,2,29.0,3
original_fixed,5x5,medium,12,255,C4,1,11.0,1
original_fixed,5x5,medium,12,255,C5,2,26.0,6
original_fixed,5x5,medium,12,255,D1,3,39.0,7
original_fixed,5x5,medium,12,255,D2,3,60.0,6
original_fixed,5x5,medium,12,255,D3,0,0.0,4
original_fixed,5x5,medium,12,255,D4,1,1.0,3
original_fixed,5x5,medium,12,255,D5,1,29.0,7
original_fixed,5x5,medium,12,255,E1,0,0.0,4
original_fixed,5x5,medium,12,255,E2,2,27.0,3
original_fixed,5x5,medium,12,255,E3,1,1.0,3
original_fixed,5x5,medium,12,255,E4,2,10.0,5
original_fixed,5x5,medium,12,255,E5,1,30.0,3
original_fixed,5x5,medium,12,255,F1,1,23.0,3
original_fixed,5x5,medium,12,255,F2,2,29.0,5
original_fixed,5x5,medium,12,255,F3,3,36.0,4
original_fixed,5x5,medium,12,255,F4,2,46.0,4
original_fixed,5x5,medium,12,255,F5,4,84.0,5
original_fixed,5x5,medium,12,260,B1,3,52.0,4
original_fixed,5x5,medium,12,260,B2,0,0.0,2
original_fixed,5x5,medium,12,260,B3,0,0.0,2
original_fixed,5x5,medium,12,260,B4,3,53.0,7
original_fixed,5x5,medium,12,260,B5,1,32.0,3
original_fixed,5x5,medium,12,260,C1,2,15.0,4
original_fixed,5x5,medium,12,260,C2,3,31.0,6
original_fixed,5x5,medium,12,260,C3,2,39.0,3
original_fixed,5x5,medium,12,260,C4,1,16.0,1
original_fixed,5x5,medium,12,260,C5,3,38.0,6
original_fixed,5x5,medium,12,260,D1,3,54.0,6
original_fixed,5x5,medium,12,260,D2,4,77.0,6
original_fixed,5x5,medium,12,260,D3,0,0.0,3
original_fixed,5x5,medium,12,260,D4,1,6.0,3
original_fixed,5x5,medium,12,260,D5,2,38.0,7
original_fixed,5x5,medium,12,260,E1,0,0.0,3
original_fixed,5x5,medium,12,260,E2,2,37.0,3
original_fixed,5x5,medium,12,260,E3,2,11.0,3
original_fixed,5x5,medium,12,260,E4,3,22.0,5
original_fixed,5x5,medium,12,260,E5,1,35.0,3
original_fixed,5x5,medium,12,260,F1,1,28.0,2
original_fixed,5x5,medium,12,260,F2,3,41.0,6
original_fixed,5x5,medium,12,260,F3,4,52.0,5
original_fixed,5x5,medium,12,260,F4,3,59.0,3
original_fixed,5x5,medium,12,260,F5,5,106.0,5
original_fixed,5x5,medium,12,265,B1,3,67.0,4
original_fixed,5x5,medium,12,265,B2,0,0.0,2
original_fixed,5x5,medium,12,265,B3,1,5.0,2
original_fixed,5x5,medium,12,265,B4,5,74.0,7
original_fixed,5x5,medium,12,265,B5,1,37.0,2
original_fixed,5x5,medium,12,265,C1,2,25.0,5
original_fixed,5x5,medium,12,265,C2,3,46.0,5
original_fixed,5x5,medium,12,265,C3,2,49.0,4
original_fixed,5x5,medium,12,265,C4,1,21.0,1
original_fixed,5x5,medium,12,265,C5,3,53.0,8
original_fixed,5x5,medium,12,265,D1,4,74.0,6
original_fixed,5x5,medium,12,265,D2,5,101.0,6
original_fixed,5x5,medium,12,265,D3,0,0.0,2
original_fixed,5x5,medium,12,265,D4,1,11.0,2
original_fixed,5x5,medium,12,265,D5,2,48.0,6
original_fixed,5x5,medium,12,265,E1,1,3.0,6
original_fixed,5x5,medium,12,265,E2,3,49.0,3
original_fixed,5x5,medium,12,265,E3,3,23.0,3
original_fixed,5x5,medium,12,265,E4,4,38.0,6
original_fixed,5x5,medium,12,265,E5,1,40.0,3
original_fixed,5x5,medium,12,265,F1,1,33.0,2
original_fixed,5x5,medium,12,265,F2,3,56.0,5
original_fixed,5x5,medium,12,265,F3,4,72.0,6
original_fixed,5x5,medium,12,265,F4,3,74.0,3
original_fixed,5x5,medium,12,265,F5,5,131.0,6
original_fixed,5x5,medium,12,270,B1,3,82.0,3
original_fixed,5x5,medium,12,270,B2,0,0.0,1
original_fixed,5x5,medium,12,270,B3,1,10.0,2
original_fixed,5x5,medium,12,270,B4,5,99.0,8
original_fixed,5x5,medium,12,270,B5,1,42.0,3
original_fixed,5x5,medium,12,270,C1,2,35.0,4
original_fixed,5x5,medium,12,270,C2,4,64.0,6
original_fixed,5x5,medium,12,270,C3,2,59.0,4
original_fixed,5x5,medium,12,270,C4,1,26.0,1
original_fixed,5x5,medium,12,270,C5,3,68.0,7
original_fixed,5x5,medium,12,270,D1,4,94.0,7
original_fixed,5x5,medium,12,270,D2,6,129.0,7
original_fixed,5x5,medium,12,270,D3,2,7.0,2
original_fixed,5x5,medium,12,270,D4,1,16.0,2
original_fixed,5x5,medium,12,270,D5,2,58.0,6
original_fixed,5x5,medium,12,270,E1,1,8.0,5
original_fixed,5x5,medium,12,270,E2,3,64.0,3
original_fixed,5x5,medium,12,270,E3,3,38.0,3
original_fixed,5x5,medium,12,270,E4,5,63.0,6
original_fixed,5x5,medium,12,270,E5,1,45.0,2
original_fixed,5x5,medium,12,270,F1,1,38.0,3
original_fixed,5x5,medium,12,270,F2,3,71.0,5
original_fixed,5x5,medium,12,270,F3,4,92.0,7
original_fixed,5x5,medium,12,270,F4,3,89.0,3
original_fixed,5x5,medium,12,270,F5,5,156.0,6
original_fixed,5x5,medium,12,275,B1,0,0.0,0
original_fixed,5x5,medium,12,275,B2,0,0.0,2
original_fixed,5x5,medium,12,275,B3,0,0.0,3
original_fixed,5x5,medium,12,275,B4,1,3.0,7
original_fixed,5x5,medium,12,275,B5,1,5.0,2
original_fixed,5x5,medium,12,275,C1,1,4.0,3
original_fixed,5x5,medium,12,275,C2,0,0.0,3
original_fixed,5x5,medium,12,275,C3,1,2.0,5
original_fixed,5x5,medium,12,275,C4,0,0.0,3
original_fixed,5x5,medium,12,275,C5,0,0.0,5
original_fixed,5x5,medium,12,275,D1,1,5.0,4
original_fixed,5x5,medium,12,275,D2,1,1.0,5
original_fixed,5x5,medium,12,275,D3,0,0.0,1
original_fixed,5x5,medium,12,275,D4,0,0.0,2
original_fixed,5x5,medium,12,275,D5,0,0.0,5
original_fixed,5x5,medium,12,275,E1,1,1.0,8
original_fixed,5x5,medium,12,275,E2,0,0.0,0
original_fixed,5x5,medium,12,275,E3,0,0.0,3
original_fixed,5x5,medium,12,275,E4,0,0.0,3
original_fixed,5x5,medium,12,275,E5,0,0.0,2
original_fixed,5x5,medium,12,275,F1,0,0.0,5
original_fixed,5x5,medium,12,275,F2,0,0.0,3
original_fixed,5x5,medium,12,275,F3,0,0.0,6
original_fixed,5x5,medium,12,275,F4,0,0.0,3
original_fixed,5x5,medium,12,275,F5,0,0.0,4
original_fixed,5x5,medium,12,280,B1,0,0.0,0
original_fixed,5x5,medium,12,280,B2,0,0.0,1
original_fixed,5x5,medium,12,280,B3,0,0.0,6
original_fixed,5x5,medium,12,280,B4,1,8.0,5
original_fixed,5x5,medium,12,280,B5,1,10.0,2
original_fixed,5x5,medium,12,280,C1,2,13.0,5
original_fixed,5x5,medium,12,280,C2,0,0.0,4
original_fixed,5x5,medium,12,280,C3,2,8.0,6
original_fixed,5x5,medium,12,280,C4,0,0.0,4
original_fixed,5x5,medium,12,280,C5,0,0.0,5
original_fixed,5x5,medium,12,280,D1,1,10.0,4
original_fixed,5x5,medium,12,280,D2,1,4.0,5
original_fixed,5x5,medium,12,280,D3,0,0.0,3
original_fixed,5x5,medium,12,280,D4,0,0.0,3
original_fixed,5x5,medium,12,280,D5,0,0.0,6
original_fixed,5x5,medium,12,280,E1,2,7.0,7
original_fixed,5x5,medium,12,280,E2,0,0.0,2
original_fixed,5x5,medium,12,280,E3,0,0.0,6
original_fixed,5x5,medium,12,280,E4,0,0.0,4
original_fixed,5x5,medium,12,280,E5,0,0.0,3
original_fixed,5x5,medium,12,280,F1,1,2.0,6
original_fixed,5x5,medium,12,280,F2,0,0.0,2
original_fixed,5x5,medium,12,280,F3,0,0.0,2
original_fixed,5x5,medium,12,280,F4,0,0.0,7
original_fixed,5x5,medium,12,280,F5,1,3.0,3
original_fixed,5x5,medium,12,285,B1,0,0.0,1
original_fixed,5x5,medium,12,285,B2,0,0.0,1
original_fixed,5x5,medium,12,285,B3,0,0.0,5
original_fixed,5x5,medium,12,285,B4,1,13.0,4
original_fixed,5x5,medium,12,285,B5,2,18.0,2
original_fixed,5x5,medium,12,285,C1,2,23.0,5
original_fixed,5x5,medium,12,285,C2,1,1.0,5
original_fixed,5x5,medium,12,285,C3,2,18.0,6
original_fixed,5x5,medium,12,285,C4,0,0.0,5
original_fixed,5x5,medium,12,285,C5,4,13.0,5
original_fixed,5x5,medium,12,285,D1,1,15.0,4
original_fixed,5x5,medium,12,285,D2,1,3.0,3
original_fixed,5x5,medium,12,285,D3,0,0.0,5
original_fixed,5x5,medium,12,285,D4,0,0.0,4
original_fixed,5x5,medium,12,285,D5,3,12.0,5
original_fixed,5x5,medium,12,285,E1,3,20.0,7
original_fixed,5x5,medium,12,285,E2,0,0.0,3
original_fixed,5x5,medium,12,285,E3,0,0.0,6
original_fixed,5x5,medium,12,285,E4,1,4.0,4
original_fixed,5x5,medium,12,285,E5,1,1.0,6
original_fixed,5x5,medium,12,285,F1,2,9.0,6
original_fixed,5x5,medium,12,285,F2,1,3.0,2
original_fixed,5x5,medium,12,285,F3,0,0.0,2
original_fixed,5x5,medium,12,285,F4,0,0.0,9
original_fixed,5x5,medium,12,285,F5,1,8.0,2
original_fixed,5x5,medium,12,290,B1,0,0.0,1
original_fixed,5x5,medium,12,290,B2,0,0.0,0
original_fixed,5x5,medium,12,290,B3,0,0.0,6
original_fixed,5x5,medium,12,290,B4,2,23.0,3
original_fixed,5x5,medium,12,290,B5,2,28.0,4
original_fixed,5x5,medium,12,290,C1,2,33.0,4
original_fixed,5x5,medium,12,290,C2,1,6.0,6
original_fixed,5x5,medium,12,290,C3,2,28.0,6
original_fixed,5x5,medium,12,290,C4,0,0.0,5
original_fixed,5x5,medium,12,290,C5,4,33.0,4
original_fixed,5x5,medium,12,290,D1,1,20.0,2
original_fixed,5x5,medium,12,290,D2,1,8.0,2
original_fixed,5x5,medium,12,290,D3,0,0.0,5
original_fixed,5x5,medium,12,290,D4,0,0.0,3
original_fixed,5x5,medium,12,290,D5,4,28.0,6
original_fixed,5x5,medium,12,290,E1,4,36.0,5
original_fixed,5x5,medium,12,290,E2,0,0.0,3
original_fixed,5x5,medium,12,290,E3,0,0.0,4
original_fixed,5x5,medium,12,290,E4,2,10.0,5
original_fixed,5x5,medium,12,290,E5,1,6.0,5
original_fixed,5x5,medium,12,290,F1,3,20.0,5
original_fixed,5x5,medium,12,290,F2,1,8.0,1
original_fixed,5x5,medium,12,290,F3,0,0.0,3
original_fixed,5x5,medium,12,290,F4,0,0.0,8
original_fixed,5x5,medium,12,290,F5,2,14.0,3
original_fixed,5x5,medium,12,295,B1,0,0.0,3
original_fixed,5x5,medium,12,295,B2,0,0.0,1
original_fixed,5x5,medium,12,295,B3,1,5.0,5
original_fixed,5x5,medium,12,295,B4,2,33.0,2
original_fixed,5x5,medium,12,295,B5,2,38.0,4
original_fixed,5x5,medium,12,295,C1,2,43.0,3
original_fixed,5x5,medium,12,295,C2,2,13.0,5
original_fixed,5x5,medium,12,295,C3,3,43.0,7
original_fixed,5x5,medium,12,295,C4,2,8.0,6
original_fixed,5x5,medium,12,295,C5,4,53.0,4
original_fixed,5x5,medium,12,295,D1,1,25.0,2
original_fixed,5x5,medium,12,295,D2,2,16.0,3
original_fixed,5x5,medium,12,295,D3,1,5.0,7
original_fixed,5x5,medium,12,295,D4,1,3.0,4
original_fixed,5x5,medium,12,295,D5,4,48.0,5
original_fixed,5x5,medium,12,295,E1,4,56.0,7
original_fixed,5x5,medium,12,295,E2,0,0.0,5
original_fixed,5x5,medium,12,295,E3,1,3.0,2
original_fixed,5x5,medium,12,295,E4,3,23.0,5
original_fixed,5x5,medium,12,295,E5,1,11.0,5
original_fixed,5x5,medium,12,295,F1,4,36.0,4
original_fixed,5x5,medium,12,295,F2,1,13.0,1
original_fixed,5x5,medium,12,295,F3,0,0.0,3
original_fixed,5x5,medium,12,295,F4,0,0.0,5
original_fixed,5x5,medium,12,295,F5,2,24.0,6
original_fixed,5x5,medium,12,300,B1,0,0.0,2
original_fixed,5x5,medium,12,300,B2,0,0.0,3
original_fixed,5x5,medium,12,300,B3,1,10.0,4
original_fixed,5x5,medium,12,300,B4,2,43.0,2
original_fixed,5x5,medium,12,300,B5,2,48.0,4
original_fixed,5x5,medium,12,300,C1,3,56.0,3
original_fixed,5x5,medium,12,300,C2,3,26.0,5
original_fixed,5x5,medium,12,300,C3,3,58.0,7
original_fixed,5x5,medium,12,300,C4,3,20.0,6
original_fixed,5x5,medium,12,300,C5,4,73.0,4
original_fixed,5x5,medium,12,300,D1,1,30.0,2
original_fixed,5x5,medium,12,300,D2,2,26.0,4
original_fixed,5x5,medium,12,300,D3,3,18.0,7
original_fixed,5x5,medium,12,300,D4,2,10.0,4
original_fixed,5x5,medium,12,300,D5,4,68.0,5
original_fixed,5x5,medium,12,300,E1,5,80.0,8
original_fixed,5x5,medium,12,300,E2,1,4.0,5
original_fixed,5x5,medium,12,300,E3,2,12.0,2
original_fixed,5x5,medium,12,300,E4,4,43.0,5
original_fixed,5x5,medium,12,300,E5,3,21.0,5
original_fixed,5x5,medium,12,300,F1,4,56.0,4
original_fixed,5x5,medium,12,300,F2,1,18.0,1
original_fixed,5x5,medium,12,300,F3,0,0.0,4
original_fixed,5x5,medium,12,300,F4,0,0.0,3
original_fixed,5x5,medium,12,300,F5,2,34.0,6
original_fixed,5x5,medium,12,305,B1,0,0.0,2
original_fixed,5x5,medium,12,305,B2,0,0.0,3
original_fixed,5x5,medium,12,305,B3,2,17.0,3
original_fixed,5x5,medium,12,305,B4,2,53.0,4
original_fixed,5x5,medium,12,305,B5,2,58.0,4
original_fixed,5x5,medium,12,305,C1,3,71.0,4
original_fixed,5x5,medium,12,305,C2,4,43.0,5
original_fixed,5x5,medium,12,305,C3,3,73.0,6
original_fixed,5x5,medium,12,305,C4,3,35.0,5
original_fixed,5x5,medium,12,305,C5,4,93.0,4
original_fixed,5x5,medium,12,305,D1,1,35.0,2
original_fixed,5x5,medium,12,305,D2,2,36.0,4
original_fixed,5x5,medium,12,305,D3,3,33.0,7
original_fixed,5x5,medium,12,305,D4,2,20.0,4
original_fixed,5x5,medium,12,305,D5,5,91.0,5
original_fixed,5x5,medium,12,305,E1,5,105.0,8
original_fixed,5x5,medium,12,305,E2,2,12.0,7
original_fixed,5x5,medium,12,305,E3,2,22.0,2
original_fixed,5x5,medium,12,305,E4,4,63.0,5
original_fixed,5x5,medium,12,305,E5,5,43.0,6
original_fixed,5x5,medium,12,305,F1,4,76.0,4
original_fixed,5x5,medium,12,305,F2,1,23.0,1
original_fixed,5x5,medium,12,305,F3,0,0.0,2
original_fixed,5x5,medium,12,305,F4,0,0.0,3
original_fixed,5x5,medium,12,305,F5,2,44.0,6
original_fixed,5x5,medium,12,310,B1,0,0.0,3
original_fixed,5x5,medium,12,310,B2,0,0.0,4
original_fixed,5x5,medium,12,310,B3,2,27.0,3
original_fixed,5x5,medium,12,310,B4,2,63.0,4
original_fixed,5x5,medium,12,310,B5,3,73.0,3
original_fixed,5x5,medium,12,310,C1,3,86.0,4
original_fixed,5x5,medium,12,310,C2,4,63.0,6
original_fixed,5x5,medium,12,310,C3,4,91.0,4
original_fixed,5x5,medium,12,310,C4,3,50.0,6
original_fixed,5x5,medium,12,310,C5,4,113.0,5
original_fixed,5x5,medium,12,310,D1,1,40.0,4
original_fixed,5x5,medium,12,310,D2,2,46.0,4
original_fixed,5x5,medium,12,310,D3,3,48.0,6
original_fixed,5x5,medium,12,310,D4,2,30.0,3
original_fixed,5x5,medium,12,310,D5,5,116.0,5
original_fixed,5x5,medium,12,310,E1,5,130.0,8
original_fixed,5x5,medium,12,310,E2,2,22.0,5
original_fixed,5x5,medium,12,310,E3,2,32.0,4
original_fixed,5x5,medium,12,310,E4,4,83.0,7
original_fixed,5x5,medium,12,310,E5,5,68.0,6
original_fixed,5x5,medium,12,310,F1,4,96.0,4
original_fixed,5x5,medium,12,310,F2,1,28.0,2
original_fixed,5x5,medium,12,310,F3,0,0.0,1
original_fixed,5x5,medium,12,310,F4,0,0.0,1
original_fixed,5x5,medium,12,310,F5,3,56.0,5
original_fixed,5x5,medium,12,315,B1,2,8.0,4
original_fixed,5x5,medium,12,315,B2,0,0.0,3
original_fixed,5x5,medium,12,315,B3,2,37.0,3
original_fixed,5x5,medium,12,315,B4,2,73.0,5
original_fixed,5x5,medium,12,315,B5,3,88.0,3
original_fixed,5x5,medium,12,315,C1,3,101.0,4
original_fixed,5x5,medium,12,315,C2,4,83.0,7
original_fixed,5x5,medium,12,315,C3,4,111.0,4
original_fixed,5x5,medium,12,315,C4,4,70.0,5
original_fixed,5x5,medium,12,315,C5,4,133.0,5
original_fixed,5x5,medium,12,315,D1,2,50.0,4
original_fixed,5x5,medium,12,315,D2,3,59.0,5
original_fixed,5x5,medium,12,315,D3,4,68.0,5
original_fixed,5x5,medium,12,315,D4,2,40.0,3
original_fixed,5x5,medium,12,315,D5,5,141.0,5
original_fixed,5x5,medium,12,315,E1,6,156.0,9
original_fixed,5x5,medium,12,315,E2,2,32.0,5
original_fixed,5x5,medium,12,315,E3,2,42.0,4
original_fixed,5x5,medium,12,315,E4,4,103.0,8
original_fixed,5x5,medium,12,315,E5,5,93.0,9
original_fixed,5x5,medium,12,315,F1,4,116.0,4
original_fixed,5x5,medium,12,315,F2,1,33.0,4
original_fixed,5x5,medium,12,315,F3,0,0.0,0
original_fixed,5x5,medium,12,315,F4,0,0.0,2
original_fixed,5x5,medium,12,315,F5,3,71.0,4
original_fixed,5x5,medium,12,320,B1,0,0.0,3
original_fixed,5x5,medium,12,320,B2,0,0.0,5
original_fixed,5x5,medium,12,320,B3,0,0.0,1
original_fixed,5x5,medium,12,320,B4,0,0.0,4
original_fixed,5x5,medium,12,320,B5,0,0.0,1
original_fixed,5x5,medium,12,320,C1,1,1.0,2
original_fixed,5x5,medium,12,320,C2,1,1.0,6
original_fixed,5x5,medium,12,320,C3,0,0.0,3
original_fixed,5x5,medium,12,320,C4,0,0.0,4
original_fixed,5x5,medium,12,320,C5,0,0.0,3
original_fixed,5x5,medium,12,320,D1,0,0.0,2
original_fixed,5x5,medium,12,320,D2,0,0.0,5
original_fixed,5x5,medium,12,320,D3,0,0.0,4
original_fixed,5x5,medium,12,320,D4,1,2.0,3
original_fixed,5x5,medium,12,320,D5,0,0.0,5
original_fixed,5x5,medium,12,320,E1,0,0.0,8
original_fixed,5x5,medium,12,320,E2,1,1.0,5
original_fixed,5x5,medium,12,320,E3,0,0.0,3
original_fixed,5x5,medium,12,320,E4,0,0.0,6
original_fixed,5x5,medium,12,320,E5,1,2.0,7
original_fixed,5x5,medium,12,320,F1,0,0.0,3
original_fixed,5x5,medium,12,320,F2,0,0.0,4
original_fixed,5x5,medium,12,320,F3,0,0.0,1
original_fixed,5x5,medium,12,320,F4,0,0.0,3
original_fixed,5x5,medium,12,320,F5,1,1.0,2
original_fixed,5x5,medium,12,325,B1,0,0.0,4
original_fixed,5x5,medium,12,325,B2,0,0.0,6
original_fixed,5x5,medium,12,325,B3,0,0.0,2
original_fixed,5x5,medium,12,325,B4,1,4.0,5
original_fixed,5x5,medium,12,325,B5,0,0.0,2
original_fixed,5x5,medium,12,325,C1,1,6.0,3
original_fixed,5x5,medium,12,325,C2,2,10.0,8
original_fixed,5x5,medium,12,325,C3,0,0.0,2
original_fixed,5x5,medium,12,325,C4,0,0.0,5
original_fixed,5x5,medium,12,325,C5,0,0.0,2
original_fixed,5x5,medium,12,325,D1,1,1.0,1
original_fixed,5x5,medium,12,325,D2,0,0.0,5
original_fixed,5x5,medium,12,325,D3,0,0.0,4
original_fixed,5x5,medium,12,325,D4,1,7.0,6
original_fixed,5x5,medium,12,325,D5,0,0.0,5
original_fixed,5x5,medium,12,325,E1,2,9.0,7
original_fixed,5x5,medium,12,325,E2,2,10.0,4
original_fixed,5x5,medium,12,325,E3,0,0.0,4
original_fixed,5x5,medium,12,325,E4,0,0.0,4
original_fixed,5x5,medium,12,325,E5,2,11.0,9
original_fixed,5x5,medium,12,325,F1,0,0.0,4
original_fixed,5x5,medium,12,325,F2,1,2.0,4
original_fixed,5x5,medium,12,325,F3,0,0.0,1
original_fixed,5x5,medium,12,325,F4,1,3.0,5
original_fixed,5x5,medium,12,325,F5,1,2.0,1
original_fixed,5x5,medium,12,330,B1,0,0.0,3
original_fixed,5x5,medium,12,330,B2,1,4.0,6
original_fixed,5x5,medium,12,330,B3,1,2.0,4
original_fixed,5x5,medium,12,330,B4,1,9.0,4
original_fixed,5x5,medium,12,330,B5,0,0.0,2
original_fixed,5x5,medium,12,330,C1,1,11.0,5
original_fixed,5x5,medium,12,330,C2,2,20.0,8
original_fixed,5x5,medium,12,330,C3,0,0.0,2
original_fixed,5x5,medium,12,330,C4,1,5.0,5
original_fixed,5x5,medium,12,330,C5,0,0.0,3
original_fixed,5x5,medium,12,330,D1,1,6.0,1
original_fixed,5x5,medium,12,330,D2,2,8.0,5
original_fixed,5x5,medium,12,330,D3,1,3.0,4
original_fixed,5x5,medium,12,330,D4,1,12.0,8
original_fixed,5x5,medium,12,330,D5,0,0.0,7
original_fixed,5x5,medium,12,330,E1,4,22.0,7
original_fixed,5x5,medium,12,330,E2,2,20.0,4
original_fixed,5x5,medium,12,330,E3,1,5.0,6
original_fixed,5x5,medium,12,330,E4,1,5.0,2
original_fixed,5x5,medium,12,330,E5,3,25.0,9
original_fixed,5x5,medium,12,330,F1,0,0.0,4
original_fixed,5x5,medium,12,330,F2,2,9.0,4
original_fixed,5x5,medium,12,330,F3,0,0.0,1
original_fixed,5x5,medium,12,330,F4,1,8.0,4
original_fixed,5x5,medium,12,330,F5,1,7.0,1
original_fixed,5x5,medium,12,335,B1,0,0.0,1
original_fixed,5x5,medium,12,335,B2,1,9.0,5
original_fixed,5x5,medium,12,335,B3,1,7.0,6
original_fixed,5x5,medium,12,335,B4,2,16.0,4
original_fixed,5x5,medium,12,335,B5,0,0.0,2
original_fixed,5x5,medium,12,335,C1,1,16.0,6
original_fixed,5x5,medium,12,335,C2,2,30.0,5
original_fixed,5x5,medium,12,335,C3,0,0.0,1
original_fixed,5x5,medium,12,335,C4,1,10.0,4
original_fixed,5x5,medium,12,335,C5,0,0.0,2
original_fixed,5x5,medium,12,335,D1,1,11.0,1
original_fixed,5x5,medium,12,335,D2,3,19.0,3
original_fixed,5x5,medium,12,335,D3,2,9.0,3
original_fixed,5x5,medium,12,335,D4,1,17.0,9
original_fixed,5x5,medium,12,335,D5,0,0.0,7
original_fixed,5x5,medium,12,335,E1,5,45.0,6
original_fixed,5x5,medium,12,335,E2,2,30.0,3
original_fixed,5x5,medium,12,335,E3,1,10.0,6
original_fixed,5x5,medium,12,335,E4,1,10.0,2
original_fixed,5x5,medium,12,335,E5,4,45.0,9
original_fixed,5x5,medium,12,335,F1,0,0.0,3
original_fixed,5x5,medium,12,335,F2,3,23.0,4
original_fixed,5x5,medium,12,335,F3,0,0.0,2
original_fixed,5x5,medium,12,335,F4,1,13.0,3
original_fixed,5x5,medium,12,335,F5,1,12.0,1
original_fixed,5x5,medium,12,340,B1,1,2.0,3
original_fixed,5x5,medium,12,340,B2,1,14.0,4
original_fixed,5x5,medium,12,340,B3,1,12.0,7
original_fixed,5x5,medium,12,340,B4,3,29.0,6
original_fixed,5x5,medium,12,340,B5,0,0.0,3
original_fixed,5x5,medium,12,340,C1,1,21.0,4
original_fixed,5x5,medium,12,340,C2,3,42.0,6
original_fixed,5x5,medium,12,340,C3,0,0.0,0
original_fixed,5x5,medium,12,340,C4,3,21.0,3
original_fixed,5x5,medium,12,340,C5,0,0.0,2
original_fixed,5x5,medium,12,340,D1,1,16.0,3
original_fixed,5x5,medium,12,340,D2,3,34.0,3
original_fixed,5x5,medium,12,340,D3,2,19.0,2
original_fixed,5x5,medium,12,340,D4,2,25.0,11
original_fixed,5x5,medium,12,340,D5,0,0.0,6
original_fixed,5x5,medium,12,340,E1,3,31.0,6
original_fixed,5x5,medium,12,340,E2,2,40.0,3
original_fixed,5x5,medium,12,340,E3,1,15.0,4
original_fixed,5x5,medium,12,340,E4,1,15.0,5
original_fixed,5x5,medium,12,340,E5,4,48.0,7
original_fixed,5x5,medium,12,340,F1,0,0.0,3
original_fixed,5x5,medium,12,340,F2,3,38.0,4
original_fixed,5x5,medium,12,340,F3,0,0.0,3
original_fixed,5x5,medium,12,340,F4,1,18.0,1
original_fixed,5x5,medium,12,340,F5,1,17.0,1
original_fixed,5x5,medium,12,345,B1,1,7.0,3
original_fixed,5x5,medium,12,345,B2,1,19.0,3
original_fixed,5x5,medium,12,345,B3,2,18.0,7
original_fixed,5x5,medium,12,345,B4,3,44.0,6
original_fixed,5x5,medium,12,345,B5,0,0.0,3
original_fixed,5x5,medium,12,345,C1,1,26.0,3
original_fixed,5x5,medium,12,345,C2,3,57.0,8
original_fixed,5x5,medium,12,345,C3,0,0.0,3
original_fixed,5x5,medium,12,345,C4,2,26.0,2
original_fixed,5x5,medium,12,345,C5,0,0.0,5
original_fixed,5x5,medium,12,345,D1,1,21.0,3
original_fixed,5x5,medium,12,345,D2,3,49.0,4
original_fixed,5x5,medium,12,345,D3,2,29.0,3
original_fixed,5x5,medium,12,345,D4,4,40.0,12
original_fixed,5x5,medium,12,345,D5,0,0.0,3
original_fixed,5x5,medium,12,345,E1,2,33.0,3
original_fixed,5x5,medium,12,345,E2,2,50.0,4
original_fixed,5x5,medium,12,345,E3,1,20.0,3
original_fixed,5x5,medium,12,345,E4,1,20.0,7
original_fixed,5x5,medium,12,345,E5,3,61.0,5
original_fixed,5x5,medium,12,345,F1,1,5.0,4
original_fixed,5x5,medium,12,345,F2,3,53.0,4
original_fixed,5x5,medium,12,345,F3,0,0.0,4
original_fixed,5x5,medium,12,345,F4,1,23.0,1
original_fixed,5x5,medium,12,345,F5,1,22.0,3
original_fixed,5x5,medium,12,350,B1,1,12.0,5
original_fixed,5x5,medium,12,350,B2,1,24.0,3
original_fixed,5x5,medium,12,350,B3,3,30.0,6
original_fixed,5x5,medium,12,350,B4,3,59.0,8
original_fixed,5x5,medium,12,350,B5,1,1.0,3
original_fixed,5x5,medium,12,350,C1,2,33.0,3
original_fixed,5x5,medium,12,350,C2,3,72.0,8
original_fixed,5x5,medium,12,350,C3,0,0.0,5
original_fixed,5x5,medium,12,350,C4,2,36.0,5
original_fixed,5x5,medium,12,350,C5,1,4.0,6
original_fixed,5x5,medium,12,350,D1,1,26.0,3
original_fixed,5x5,medium,12,350,D2,3,64.0,4
original_fixed,5x5,medium,12,350,D3,2,39.0,3
original_fixed,5x5,medium,12,350,D4,4,60.0,10
original_fixed,5x5,medium,12,350,D5,0,0.0,2
original_fixed,5x5,medium,12,350,E1,2,43.0,3
original_fixed,5x5,medium,12,350,E2,2,60.0,5
original_fixed,5x5,medium,12,350,E3,2,29.0,2
original_fixed,5x5,medium,12,350,E4,1,25.0,6
original_fixed,5x5,medium,12,350,E5,3,76.0,5
original_fixed,5x5,medium,12,350,F1,1,10.0,4
original_fixed,5x5,medium,12,350,F2,3,68.0,4
original_fixed,5x5,medium,12,350,F3,0,0.0,3
original_fixed,5x5,medium,12,350,F4,1,28.0,1
original_fixed,5x5,medium,12,350,F5,1,27.0,4
original_fixed,5x5,medium,12,355,B1,1,17.0,5
original_fixed,5x5,medium,12,355,B2,2,34.0,3
original_fixed,5x5,medium,12,355,B3,3,45.0,4
original_fixed,5x5,medium,12,355,B4,5,77.0,10
original_fixed,5x5,medium,12,355,B5,1,6.0,2
original_fixed,5x5,medium,12,355,C1,2,43.0,4
original_fixed,5x5,medium,12,355,C2,3,87.0,6
original_fixed,5x5,medium,12,355,C3,0,0.0,5
original_fixed,5x5,medium,12,355,C4,2,46.0,5
original_fixed,5x5,medium,12,355,C5,1,9.0,5
original_fixed,5x5,medium,12,355,D1,1,31.0,2
original_fixed,5x5,medium,12,355,D2,3,79.0,4
original_fixed,5x5,medium,12,355,D3,2,49.0,4
original_fixed,5x5,medium,12,355,D4,5,81.0,10
original_fixed,5x5,medium,12,355,D5,0,0.0,3
original_fixed,5x5,medium,12,355,E1,2,53.0,5
original_fixed,5x5,medium,12,355,E2,2,70.0,4
original_fixed,5x5,medium,12,355,E3,2,39.0,2
original_fixed,5x5,medium,12,355,E4,1,30.0,5
original_fixed,5x5,medium,12,355,E5,3,91.0,5
original_fixed,5x5,medium,12,355,F1,1,15.0,2
original_fixed,5x5,medium,12,355,F2,3,83.0,5
original_fixed,5x5,medium,12,355,F3,2,6.0,3
original_fixed,5x5,medium,12,355,F4,1,33.0,1
original_fixed,5x5,medium,12,355,F5,1,32.0,6
original_fixed,5x5,medium,12,360,B1,2,24.0,5
original_fixed,5x5,medium,12,360,B2,2,44.0,2
original_fixed,5x5,medium,12,360,B3,3,60.0,4
original_fixed,5x5,medium,12,360,B4,6,106.0,12
original_fixed,5x5,medium,12,360,B5,1,11.0,3
original_fixed,5x5,medium,12,360,C1,3,56.0,4
original_fixed,5x5,medium,12,360,C2,3,102.0,6
original_fixed,5x5,medium,12,360,C3,1,1.0,6
original_fixed,5x5,medium,12,360,C4,2,56.0,6
original_fixed,5x5,medium,12,360,C5,1,14.0,4
original_fixed,5x5,medium,12,360,D1,1,36.0,1
original_fixed,5x5,medium,12,360,D2,3,94.0,6
original_fixed,5x5,medium,12,360,D3,2,59.0,3
original_fixed,5x5,medium,12,360,D4,6,110.0,10
original_fixed,5x5,medium,12,360,D5,1,3.0,5
original_fixed,5x5,medium,12,360,E1,2,63.0,7
original_fixed,5x5,medium,12,360,E2,2,80.0,4
original_fixed,5x5,medium,12,360,E3,2,49.0,2
original_fixed,5x5,medium,12,360,E4,2,40.0,4
original_fixed,5x5,medium,12,360,E5,3,106.0,5
original_fixed,5x5,medium,12,360,F1,1,20.0,3
original_fixed,5x5,medium,12,360,F2,3,98.0,5
original_fixed,5x5,medium,12,360,F3,2,16.0,3
original_fixed,5x5,medium,12,360,F4,1,38.0,2
original_fixed,5x5,medium,12,360,F5,1,37.0,5
original_fixed,5x5,medium,12,365,B1,0,0.0,2
original_fixed,5x5,medium,12,365,B2,0,0.0,2
original_fixed,5x5,medium,12,365,B3,0,0.0,3
original_fixed,5x5,medium,12,365,B4,1,2.0,9
original_fixed,5x5,medium,12,365,B5,0,0.0,4
original_fixed,5x5,medium,12,365,C1,1,2.0,3
original_fixed,5x5,medium,12,365,C2,2,7.0,6
original_fixed,5x5,medium,12,365,C3,1,1.0,5
original_fixed,5x5,medium,12,365,C4,0,0.0,6
original_fixed,5x5,medium,12,365,C5,1,3.0,4
original_fixed,5x5,medium,12,365,D1,0,0.0,1
original_fixed,5x5,medium,12,365,D2,1,3.0,3
original_fixed,5x5,medium,12,365,D3,0,0.0,3
original_fixed,5x5,medium,12,365,D4,1,5.0,7
original_fixed,5x5,medium,12,365,D5,0,0.0,5
original_fixed,5x5,medium,12,365,E1,0,0.0,5
original_fixed,5x5,medium,12,365,E2,0,0.0,3
original_fixed,5x5,medium,12,365,E3,0,0.0,3
original_fixed,5x5,medium,12,365,E4,0,0.0,5
original_fixed,5x5,medium,12,365,E5,0,0.0,2
original_fixed,5x5,medium,12,365,F1,1,4.0,3
original_fixed,5x5,medium,12,365,F2,0,0.0,3
original_fixed,5x5,medium,12,365,F3,1,2.0,1
original_fixed,5x5,medium,12,365,F4,0,0.0,1
original_fixed,5x5,medium,12,365,F5,2,6.0,4
original_fixed,5x5,medium,12,370,B1,0,0.0,1
original_fixed,5x5,medium,12,370,B2,0,0.0,4
original_fixed,5x5,medium,12,370,B3,0,0.0,3
original_fixed,5x5,medium,12,370,B4,2,10.0,11
original_fixed,5x5,medium,12,370,B5,0,0.0,4
original_fixed,5x5,medium,12,370,C1,1,7.0,3
original_fixed,5x5,medium,12,370,C2,2,17.0,7
original_fixed,5x5,medium,12,370,C3,2,11.0,6
original_fixed,5x5,medium,12,370,C4,2,4.0,6
original_fixed,5x5,medium,12,370,C5,2,13.0,4
original_fixed,5x5,medium,12,370,D1,0,0.0,3
original_fixed,5x5,medium,12,370,D2,1,8.0,6
original_fixed,5x5,medium,12,370,D3,0,0.0,3
original_fixed,5x5,medium,12,370,D4,3,16.0,4
original_fixed,5x5,medium,12,370,D5,1,1.0,8
original_fixed,5x5,medium,12,370,E1,0,0.0,3
original_fixed,5x5,medium,12,370,E2,0,0.0,3
original_fixed,5x5,medium,12,370,E3,0,0.0,6
original_fixed,5x5,medium,12,370,E4,0,0.0,6
original_fixed,5x5,medium,12,370,E5,1,5.0,2
original_fixed,5x5,medium,12,370,F1,1,9.0,4
original_fixed,5x5,medium,12,370,F2,0,0.0,3
original_fixed,5x5,medium,12,370,F3,1,7.0,1
original_fixed,5x5,medium,12,370,F4,0,0.0,1
original_fixed,5x5,medium,12,370,F5,3,20.0,5
original_fixed,5x5,medium,12,375,B1,0,0.0,0
original_fixed,5x5,medium,12,375,B2,0,0.0,4
original_fixed,5x5,medium,12,375,B3,0,0.0,3
original_fixed,5x5,medium,12,375,B4,5,31.0,11
original_fixed,5x5,medium,12,375,B5,2,6.0,4
original_fixed,5x5,medium,12,375,C1,0,0.0,3
original_fixed,5x5,medium,12,375,C2,2,27.0,8
original_fixed,5x5,medium,12,375,C3,3,23.0,6
original_fixed,5x5,medium,12,375,C4,3,15.0,6
original_fixed,5x5,medium,12,375,C5,2,23.0,4
original_fixed,5x5,medium,12,375,D1,0,0.0,4
original_fixed,5x5,medium,12,375,D2,2,14.0,7
original_fixed,5x5,medium,12,375,D3,0,0.0,3
original_fixed,5x5,medium,12,375,D4,3,31.0,5
original_fixed,5x5,medium,12,375,D5,3,13.0,8
original_fixed,5x5,medium,12,375,E1,1,1.0,3
original_fixed,5x5,medium,12,375,E2,0,0.0,4
original_fixed,5x5,medium,12,375,E3,0,0.0,6
original_fixed,5x5,medium,12,375,E4,1,3.0,7
original_fixed,5x5,medium,12,375,E5,1,10.0,1
original_fixed,5x5,medium,12,375,F1,1,14.0,5
original_fixed,5x5,medium,12,375,F2,1,4.0,3
original_fixed,5x5,medium,12,375,F3,1,12.0,1
original_fixed,5x5,medium,12,375,F4,0,0.0,1
original_fixed,5x5,medium,12,375,F5,4,40.0,6
original_fixed,5x5,medium,12,380,B1,0,0.0,0
original_fixed,5x5,medium,12,380,B2,0,0.0,2
original_fixed,5x5,medium,12,380,B3,0,0.0,3
original_fixed,5x5,medium,12,380,B4,7,62.0,12
original_fixed,5x5,medium,12,380,B5,2,16.0,2
original_fixed,5x5,medium,12,380,C1,0,0.0,2
original_fixed,5x5,medium,12,380,C2,2,37.0,7
original_fixed,5x5,medium,12,380,C3,3,38.0,7
original_fixed,5x5,medium,12,380,C4,4,31.0,4
original_fixed,5x5,medium,12,380,C5,3,38.0,4
original_fixed,5x5,medium,12,380,D1,0,0.0,5
original_fixed,5x5,medium,12,380,D2,3,27.0,6
original_fixed,5x5,medium,12,380,D3,0,0.0,2
original_fixed,5x5,medium,12,380,D4,3,46.0,5
original_fixed,5x5,medium,12,380,D5,3,28.0,7
original_fixed,5x5,medium,12,380,E1,3,10.0,3
original_fixed,5x5,medium,12,380,E2,1,4.0,5
original_fixed,5x5,medium,12,380,E3,0,0.0,6
original_fixed,5x5,medium,12,380,E4,1,8.0,7
original_fixed,5x5,medium,12,380,E5,1,15.0,2
original_fixed,5x5,medium,12,380,F1,2,21.0,5
original_fixed,5x5,medium,12,380,F2,1,9.0,3
original_fixed,5x5,medium,12,380,F3,1,17.0,1
original_fixed,5x5,medium,12,380,F4,1,3.0,1
original_fixed,5x5,medium,12,380,F5,4,60.0,6
original_fixed,5x5,medium,12,385,B1,0,0.0,0
original_fixed,5x5,medium,12,385,B2,0,0.0,1
original_fixed,5x5,medium,12,385,B3,0,0.0,5
original_fixed,5x5,medium,12,385,B4,9,105.0,13
original_fixed,5x5,medium,12,385,B5,2,26.0,3
original_fixed,5x5,medium,12,385,C1,0,0.0,4
original_fixed,5x5,medium,12,385,C2,2,47.0,6
original_fixed,5x5,medium,12,385,C3,4,55.0,7
original_fixed,5x5,medium,12,385,C4,4,51.0,4
original_fixed,5x5,medium,12,385,C5,3,53.0,4
original_fixed,5x5,medium,12,385,D1,0,0.0,3
original_fixed,5x5,medium,12,385,D2,4,44.0,9
original_fixed,5x5,medium,12,385,D3,0,0.0,1
original_fixed,5x5,medium,12,385,D4,3,61.0,4
original_fixed,5x5,medium,12,385,D5,4,45.0,5
original_fixed,5x5,medium,12,385,E1,3,25.0,3
original_fixed,5x5,medium,12,385,E2,1,9.0,6
original_fixed,5x5,medium,12,385,E3,2,5.0,5
original_fixed,5x5,medium,12,385,E4,2,17.0,6
original_fixed,5x5,medium,12,385,E5,1,20.0,3
original_fixed,5x5,medium,12,385,F1,3,36.0,4
original_fixed,5x5,medium,12,385,F2,2,16.0,5
original_fixed,5x5,medium,12,385,F3,1,22.0,2
original_fixed,5x5,medium,12,385,F4,1,8.0,3
original_fixed,5x5,medium,12,385,F5,4,80.0,6
original_fixed,5x5,medium,12,390,B1,0,0.0,0
original_fixed,5x5,medium,12,390,B2,0,0.0,2
original_fixed,5x5,medium,12,390,B3,0,0.0,5
original_fixed,5x5,medium,12,390,B4,11,157.0,13
original_fixed,5x5,medium,12,390,B5,2,36.0,3
original_fixed,5x5,medium,12,390,C1,0,0.0,4
original_fixed,5x5,medium,12,390,C2,3,62.0,6
original_fixed,5x5,medium,12,390,C3,4,75.0,6
original_fixed,5x5,medium,12,390,C4,4,71.0,4
original_fixed,5x5,medium,12,390,C5,3,68.0,4
original_fixed,5x5,medium,12,390,D1,1,1.0,3
original_fixed,5x5,medium,12,390,D2,6,71.0,10
original_fixed,5x5,medium,12,390,D3,0,0.0,2
original_fixed,5x5,medium,12,390,D4,3,76.0,5
original_fixed,5x5,medium,12,390,D5,4,65.0,5
original_fixed,5x5,medium,12,390,E1,3,40.0,5
original_fixed,5x5,medium,12,390,E2,2,19.0,5
original_fixed,5x5,medium,12,390,E3,2,15.0,5
original_fixed,5x5,medium,12,390,E4,3,31.0,5
original_fixed,5x5,medium,12,390,E5,1,25.0,3
original_fixed,5x5,medium,12,390,F1,3,51.0,5
original_fixed,5x5,medium,12,390,F2,3,30.0,5
original_fixed,5x5,medium,12,390,F3,1,27.0,2
original_fixed,5x5,medium,12,390,F4,1,13.0,3
original_fixed,5x5,medium,12,390,F5,5,104.0,6
original_fixed,5x5,medium,12,395,B1,0,0.0,0
original_fixed,5x5,medium,12,395,B2,0,0.0,2
original_fixed,5x5,medium,12,395,B3,0,0.0,4
original_fixed,5x5,medium,12,395,B4,11,212.0,14
original_fixed,5x5,medium,12,395,B5,2,46.0,4
original_fixed,5x5,medium,12,395,C1,0,0.0,4
original_fixed,5x5,medium,12,395,C2,4,80.0,7
original_fixed,5x5,medium,12,395,C3,4,95.0,6
original_fixed,5x5,medium,12,395,C4,4,91.0,5
original_fixed,5x5,medium,12,395,C5,3,83.0,3
original_fixed,5x5,medium,12,395,D1,1,6.0,1
original_fixed,5x5,medium,12,395,D2,6,101.0,11
original_fixed,5x5,medium,12,395,D3,0,0.0,2
original_fixed,5x5,medium,12,395,D4,3,91.0,5
original_fixed,5x5,medium,12,395,D5,5,90.0,5
original_fixed,5x5,medium,12,395,E1,3,55.0,6
original_fixed,5x5,medium,12,395,E2,2,29.0,5
original_fixed,5x5,medium,12,395,E3,2,25.0,5
original_fixed,5x5,medium,12,395,E4,3,46.0,7
original_fixed,5x5,medium,12,395,E5,1,30.0,2
original_fixed,5x5,medium,12,395,F1,3,66.0,5
original_fixed,5x5,medium,12,395,F2,3,45.0,6
original_fixed,5x5,medium,12,395,F3,1,32.0,2
original_fixed,5x5,medium,12,395,F4,1,18.0,3
original_fixed,5x5,medium,12,395,F5,6,134.0,6
original_fixed,5x5,medium,12,400,B1,0,0.0,1
original_fixed,5x5,medium,12,400,B2,0,0.0,2
original_fixed,5x5,medium,12,400,B3,0,0.0,1
original_fixed,5x5,medium,12,400,B4,6,129.0,13
original_fixed,5x5,medium,12,400,B5,2,56.0,3
original_fixed,5x5,medium,12,400,C1,0,0.0,4
original_fixed,5x5,medium,12,400,C2,4,100.0,6
original_fixed,5x5,medium,12,400,C3,4,115.0,6
original_fixed,5x5,medium,12,400,C4,4,111.0,7
original_fixed,5x5,medium,12,400,C5,3,98.0,4
original_fixed,5x5,medium,12,400,D1,1,11.0,1
original_fixed,5x5,medium,12,400,D2,6,131.0,12
original_fixed,5x5,medium,12,400,D3,0,0.0,1
original_fixed,5x5,medium,12,400,D4,4,110.0,5
original_fixed,5x5,medium,12,400,D5,5,115.0,6
original_fixed,5x5,medium,12,400,E1,3,70.0,7
original_fixed,5x5,medium,12,400,E2,2,39.0,5
original_fixed,5x5,medium,12,400,E3,3,40.0,5
original_fixed,5x5,medium,12,400,E4,4,66.0,6
original_fixed,5x5,medium,12,400,E5,1,35.0,1
original_fixed,5x5,medium,12,400,F1,3,81.0,5
original_fixed,5x5,medium,12,400,F2,3,60.0,5
original_fixed,5x5,medium,12,400,F3,1,37.0,1
original_fixed,5x5,medium,12,400,F4,2,24.0,5
original_fixed,5x5,medium,12,400,F5,6,164.0,6
original_fixed,5x5,medium,12,405,B1,0,0.0,3
original_fixed,5x5,medium,12,405,B2,0,0.0,1
original_fixed,5x5,medium,12,405,B3,0,0.0,0
original_fixed,5x5,medium,12,405,B4,4,104.0,13
original_fixed,5x5,medium,12,405,B5,2,66.0,4
original_fixed,5x5,medium,12,405,C1,2,6.0,3
original_fixed,5x5,medium,12,405,C2,4,120.0,6
original_fixed,5x5,medium,12,405,C3,5,140.0,7
original_fixed,5x5,medium,12,405,C4,4,131.0,7
original_fixed,5x5,medium,12,405,C5,3,113.0,5
original_fixed,5x5,medium,12,405,D1,1,16.0,3
original_fixed,5x5,medium,12,405,D2,6,161.0,12
original_fixed,5x5,medium,12,405,D3,0,0.0,1
original_fixed,5x5,medium,12,405,D4,4,130.0,5
original_fixed,5x5,medium,12,405,D5,5,140.0,6
original_fixed,5x5,medium,12,405,E1,4,87.0,9
original_fixed,5x5,medium,12,405,E2,2,49.0,4
original_fixed,5x5,medium,12,405,E3,3,55.0,4
original_fixed,5x5,medium,12,405,E4,5,86.0,9
original_fixed,5x5,medium,12,405,E5,1,40.0,1
original_fixed,5x5,medium,12,405,F1,4,100.0,4
original_fixed,5x5,medium,12,405,F2,3,75.0,5
original_fixed,5x5,medium,12,405,F3,1,42.0,3
original_fixed,5x5,medium,12,405,F4,3,36.0,5
original_fixed,5x5,medium,12,405,F5,6,194.0,6
original_fixed,5x5,medium,12,410,B1,0,0.0,5
original_fixed,5x5,medium,12,410,B2,0,0.0,1
original_fixed,5x5,medium,12,410,B3,0,0.0,0
original_fixed,5x5,medium,12,410,B4,3,6.0,11
original_fixed,5x5,medium,12,410,B5,0,0.0,2
original_fixed,5x5,medium,12,410,C1,0,0.0,0
original_fixed,5x5,medium,12,410,C2,1,1.0,6
original_fixed,5x5,medium,12,410,C3,1,1.0,4
original_fixed,5x5,medium,12,410,C4,0,0.0,7
original_fixed,5x5,medium,12,410,C5,0,0.0,4
original_fixed,5x5,medium,12,410,D1,0,0.0,3
original_fixed,5x5,medium,12,410,D2,2,3.0,12
original_fixed,5x5,medium,12,410,D3,0,0.0,2
original_fixed,5x5,medium,12,410,D4,0,0.0,3
original_fixed,5x5,medium,12,410,D5,0,0.0,5
original_fixed,5x5,medium,12,410,E1,0,0.0,6
original_fixed,5x5,medium,12,410,E2,0,0.0,3
original_fixed,5x5,medium,12,410,E3,0,0.0,3
original_fixed,5x5,medium,12,410,E4,0,0.0,7
original_fixed,5x5,medium,12,410,E5,0,0.0,1
original_fixed,5x5,medium,12,410,F1,0,0.0,2
original_fixed,5x5,medium,12,410,F2,0,0.0,2
original_fixed,5x5,medium,12,410,F3,0,0.0,3
original_fixed,5x5,medium,12,410,F4,0,0.0,5
original_fixed,5x5,medium,12,410,F5,1,1.0,3
original_fixed,5x5,medium,12,415,B1,0,0.0,6
original_fixed,5x5,medium,12,415,B2,0,0.0,1
original_fixed,5x5,medium,12,415,B3,0,0.0,2
original_fixed,5x5,medium,12,415,B4,7,31.0,11
original_fixed,5x5,medium,12,415,B5,0,0.0,4
original_fixed,5x5,medium,12,415,C1,0,0.0,2
original_fixed,5x5,medium,12,415,C2,0,0.0,6
original_fixed,5x5,medium,12,415,C3,2,10.0,5
original_fixed,5x5,medium,12,415,C4,1,3.0,8
original_fixed,5x5,medium,12,415,C5,0,0.0,6
original_fixed,5x5,medium,12,415,D1,0,0.0,4
original_fixed,5x5,medium,12,415,D2,5,23.0,11
original_fixed,5x5,medium,12,415,D3,0,0.0,4
original_fixed,5x5,medium,12,415,D4,0,0.0,4
original_fixed,5x5,medium,12,415,D5,0,0.0,3
original_fixed,5x5,medium,12,415,E1,2,6.0,4
original_fixed,5x5,medium,12,415,E2,0,0.0,3
original_fixed,5x5,medium,12,415,E3,0,0.0,4
original_fixed,5x5,medium,12,415,E4,2,8.0,7
original_fixed,5x5,medium,12,415,E5,0,0.0,4
original_fixed,5x5,medium,12,415,F1,0,0.0,3
original_fixed,5x5,medium,12,415,F2,0,0.0,1
original_fixed,5x5,medium,12,415,F3,0,0.0,4
original_fixed,5x5,medium,12,415,F4,0,0.0,4
original_fixed,5x5,medium,12,415,F5,1,3.0,4
original_fixed,5x5,medium,12,420,B1,1,1.0,6
original_fixed,5x5,medium,12,420,B2,1,5.0,1
original_fixed,5x5,medium,12,420,B3,0,0.0,2
original_fixed,5x5,medium,12,420,B4,9,73.0,12
original_fixed,5x5,medium,12,420,B5,1,3.0,4
original_fixed,5x5,medium,12,420,C1,0,0.0,2
original_fixed,5x5,medium,12,420,C2,0,0.0,4
original_fixed,5x5,medium,12,420,C3,1,9.0,6
original_fixed,5x5,medium,12,420,C4,1,8.0,7
original_fixed,5x5,medium,12,420,C5,1,3.0,5
original_fixed,5x5,medium,12,420,D1,0,0.0,3
original_fixed,5x5,medium,12,420,D2,7,53.0,12
original_fixed,5x5,medium,12,420,D3,0,0.0,5
original_fixed,5x5,medium,12,420,D4,0,0.0,6
original_fixed,5x5,medium,12,420,D5,0,0.0,1
original_fixed,5x5,medium,12,420,E1,3,18.0,6
original_fixed,5x5,medium,12,420,E2,0,0.0,2
original_fixed,5x5,medium,12,420,E3,0,0.0,4
original_fixed,5x5,medium,12,420,E4,3,21.0,7
original_fixed,5x5,medium,12,420,E5,0,0.0,4
original_fixed,5x5,medium,12,420,F1,0,0.0,3
original_fixed,5x5,medium,12,420,F2,1,2.0,2
original_fixed,5x5,medium,12,420,F3,1,3.0,5
original_fixed,5x5,medium,12,420,F4,0,0.0,2
original_fixed,5x5,medium,12,420,F5,0,0.0,3
original_fixed,5x5,medium,12,425,B1,2,9.0,5
original_fixed,5x5,medium,12,425,B2,1,10.0,1
original_fixed,5x5,medium,12,425,B3,0,0.0,2
original_fixed,5x5,medium,12,425,B4,10,119.0,12
original_fixed,5x5,medium,12,425,B5,1,8.0,3
original_fixed,5x5,medium,12,425,C1,0,0.0,4
original_fixed,5x5,medium,12,425,C2,0,0.0,5
original_fixed,5x5,medium,12,425,C3,0,0.0,5
original_fixed,5x5,medium,12,425,C4,1,13.0,5
original_fixed,5x5,medium,12,425,C5,1,8.0,3
original_fixed,5x5,medium,12,425,D1,0,0.0,2
original_fixed,5x5,medium,12,425,D2,9,95.0,13
original_fixed,5x5,medium,12,425,D3,0,0.0,6
original_fixed,5x5,medium,12,425,D4,0,0.0,7
original_fixed,5x5,medium,12,425,D5,0,0.0,1
original_fixed,5x5,medium,12,425,E1,4,38.0,8
original_fixed,5x5,medium,12,425,E2,0,0.0,1
original_fixed,5x5,medium,12,425,E3,1,2.0,3
original_fixed,5x5,medium,12,425,E4,5,42.0,6
original_fixed,5x5,medium,12,425,E5,0,0.0,3
original_fixed,5x5,medium,12,425,F1,0,0.0,3
original_fixed,5x5,medium,12,425,F2,1,7.0,2
original_fixed,5x5,medium,12,425,F3,1,8.0,4
original_fixed,5x5,medium,12,425,F4,0,0.0,2
original_fixed,5x5,medium,12,425,F5,0,0.0,2
original_fixed,5x5,medium,12,430,B1,2,19.0,4
original_fixed,5x5,medium,12,430,B2,1,15.0,1
original_fixed,5x5,medium,12,430,B3,0,0.0,5
original_fixed,5x5,medium,12,430,B4,8,142.0,11
original_fixed,5x5,medium,12,430,B5,1,13.0,2
original_fixed,5x5,medium,12,430,C1,0,0.0,5
original_fixed,5x5,medium,12,430,C2,2,3.0,6
original_fixed,5x5,medium,12,430,C3,1,1.0,5
original_fixed,5x5,medium,12,430,C4,1,18.0,5
original_fixed,5x5,medium,12,430,C5,2,16.0,3
original_fixed,5x5,medium,12,430,D1,1,1.0,3
original_fixed,5x5,medium,12,430,D2,10,144.0,13
original_fixed,5x5,medium,12,430,D3,1,5.0,4
original_fixed,5x5,medium,12,430,D4,1,3.0,8
original_fixed,5x5,medium,12,430,D5,0,0.0,3
original_fixed,5x5,medium,12,430,E1,4,58.0,7
original_fixed,5x5,medium,12,430,E2,0,0.0,1
original_fixed,5x5,medium,12,430,E3,3,12.0,4
original_fixed,5x5,medium,12,430,E4,5,67.0,5
original_fixed,5x5,medium,12,430,E5,0,0.0,1
original_fixed,5x5,medium,12,430,F1,1,2.0,2
original_fixed,5x5,medium,12,430,F2,1,12.0,3
original_fixed,5x5,medium,12,430,F3,1,13.0,3
original_fixed,5x5,medium,12,430,F4,0,0.0,2
original_fixed,5x5,medium,12,430,F5,0,0.0,3
original_fixed,5x5,medium,12,435,B1,2,29.0,3
original_fixed,5x5,medium,12,435,B2,1,20.0,2
original_fixed,5x5,medium,12,435,B3,1,4.0,6
original_fixed,5x5,medium,12,435,B4,8,182.0,11
original_fixed,5x5,medium,12,435,B5,1,18.0,3
original_fixed,5x5,medium,12,435,C1,2,6.0,6
original_fixed,5x5,medium,12,435,C2,2,13.0,6
original_fixed,5x5,medium,12,435,C3,2,8.0,6
original_fixed,5x5,medium,12,435,C4,2,27.0,7
original_fixed,5x5,medium,12,435,C5,2,26.0,4
original_fixed,5x5,medium,12,435,D1,1,6.0,3
original_fixed,5x5,medium,12,435,D2,11,196.0,14
original_fixed,5x5,medium,12,435,D3,1,10.0,2
original_fixed,5x5,medium,12,435,D4,2,10.0,6
original_fixed,5x5,medium,12,435,D5,0,0.0,4
original_fixed,5x5,medium,12,435,E1,5,83.0,7
original_fixed,5x5,medium,12,435,E2,1,3.0,1
original_fixed,5x5,medium,12,435,E3,3,27.0,7
original_fixed,5x5,medium,12,435,E4,5,92.0,6
original_fixed,5x5,medium,12,435,E5,1,5.0,1
original_fixed,5x5,medium,12,435,F1,2,9.0,2
original_fixed,5x5,medium,12,435,F2,1,17.0,3
original_fixed,5x5,medium,12,435,F3,1,18.0,1
original_fixed,5x5,medium,12,435,F4,0,0.0,2
original_fixed,5x5,medium,12,435,F5,2,3.0,3
original_fixed,5x5,medium,12,440,B1,2,39.0,3
original_fixed,5x5,medium,12,440,B2,1,25.0,3
original_fixed,5x5,medium,12,440,B3,1,9.0,9
original_fixed,5x5,medium,12,440,B4,8,222.0,10
original_fixed,5x5,medium,12,440,B5,1,23.0,3
original_fixed,5x5,medium,12,440,C1,2,16.0,6
original_fixed,5x5,medium,12,440,C2,3,25.0,6
original_fixed,5x5,medium,12,440,C3,3,21.0,6
original_fixed,5x5,medium,12,440,C4,2,37.0,7
original_fixed,5x5,medium,12,440,C5,2,36.0,4
original_fixed,5x5,medium,12,440,D1,2,16.0,3
original_fixed,5x5,medium,12,440,D2,10,219.0,13
original_fixed,5x5,medium,12,440,D3,1,15.0,2
original_fixed,5x5,medium,12,440,D4,2,20.0,6
original_fixed,5x5,medium,12,440,D5,0,0.0,3
original_fixed,5x5,medium,12,440,E1,7,114.0,7
original_fixed,5x5,medium,12,440,E2,1,8.0,1
original_fixed,5x5,medium,12,440,E3,3,42.0,7
original_fixed,5x5,medium,12,440,E4,5,117.0,7
original_fixed,5x5,medium,12,440,E5,1,10.0,2
original_fixed,5x5,medium,12,440,F1,2,19.0,2
original_fixed,5x5,medium,12,440,F2,2,27.0,3
original_fixed,5x5,medium,12,440,F3,1,23.0,1
original_fixed,5x5,medium,12,440,F4,1,1.0,2
original_fixed,5x5,medium,12,440,F5,2,13.0,3
original_fixed,5x5,medium,12,445,B1,2,49.0,4
original_fixed,5x5,medium,12,445,B2,1,30.0,4
original_fixed,5x5,medium,12,445,B3,1,14.0,10
original_fixed,5x5,medium,12,445,B4,8,262.0,9
original_fixed,5x5,medium,12,445,B5,1,28.0,2
original_fixed,5x5,medium,12,445,C1,3,29.0,5
original_fixed,5x5,medium,12,445,C2,5,48.0,6
original_fixed,5x5,medium,12,445,C3,3,36.0,5
original_fixed,5x5,medium,12,445,C4,3,48.0,6
original_fixed,5x5,medium,12,445,C5,3,48.0,4
original_fixed,5x5,medium,12,445,D1,2,26.0,3
original_fixed,5x5,medium,12,445,D2,6,128.0,11
original_fixed,5x5,medium,12,445,D3,1,20.0,3
original_fixed,5x5,medium,12,445,D4,2,30.0,3
original_fixed,5x5,medium,12,445,D5,0,0.0,3
original_fixed,5x5,medium,12,445,E1,7,149.0,7
original_fixed,5x5,medium,12,445,E2,1,13.0,4
original_fixed,5x5,medium,12,445,E3,3,57.0,7
original_fixed,5x5,medium,12,445,E4,5,142.0,7
original_fixed,5x5,medium,12,445,E5,1,15.0,2
original_fixed,5x5,medium,12,445,F1,2,29.0,2
original_fixed,5x5,medium,12,445,F2,2,37.0,2
original_fixed,5x5,medium,12,445,F3,1,28.0,1
original_fixed,5x5,medium,12,445,F4,1,6.0,2
original_fixed,5x5,medium,12,445,F5,3,24.0,3
original_fixed,5x5,medium,12,450,B1,2,59.0,4
original_fixed,5x5,medium,12,450,B2,1,35.0,5
original_fixed,5x5,medium,12,450,B3,3,25.0,10
original_fixed,5x5,medium,12,450,B4,8,302.0,9
original_fixed,5x5,medium,12,450,B5,1,33.0,2
original_fixed,5x5,medium,12,450,C1,3,44.0,4
original_fixed,5x5,medium,12,450,C2,5,73.0,6
original_fixed,5x5,medium,12,450,C3,3,51.0,7
original_fixed,5x5,medium,12,450,C4,4,68.0,5
original_fixed,5x5,medium,12,450,C5,3,63.0,5
original_fixed,5x5,medium,12,450,D1,2,36.0,4
original_fixed,5x5,medium,12,450,D2,6,152.0,10
original_fixed,5x5,medium,12,450,D3,1,25.0,4
original_fixed,5x5,medium,12,450,D4,2,40.0,4
original_fixed,5x5,medium,12,450,D5,0,0.0,3
original_fixed,5x5,medium,12,450,E1,7,184.0,8
original_fixed,5x5,medium,12,450,E2,1,18.0,5
original_fixed,5x5,medium,12,450,E3,3,72.0,5
original_fixed,5x5,medium,12,450,E4,5,167.0,7
original_fixed,5x5,medium,12,450,E5,1,20.0,3
original_fixed,5x5,medium,12,450,F1,2,39.0,2
original_fixed,5x5,medium,12,450,F2,2,47.0,2
original_fixed,5x5,medium,12,450,F3,1,33.0,3
original_fixed,5x5,medium,12,450,F4,2,12.0,2
original_fixed,5x5,medium,12,450,F5,3,39.0,4
original_fixed,5x5,medium,12,455,B1,0,0.0,3
original_fixed,5x5,medium,12,455,B2,1,1.0,4
original_fixed,5x5,medium,12,455,B3,1,2.0,9
original_fixed,5x5,medium,12,455,B4,2,77.0,6
original_fixed,5x5,medium,12,455,B5,0,0.0,0
original_fixed,5x5,medium,12,455,C1,0,0.0,3
original_fixed,5x5,medium,12,455,C2,0,0.0,4
original_fixed,5x5,medium,12,455,C3,1,1.0,7
original_fixed,5x5,medium,12,455,C4,1,4.0,3
original_fixed,5x5,medium,12,455,C5,0,0.0,3
original_fixed,5x5,medium,12,455,D1,0,0.0,3
original_fixed,5x5,medium,12,455,D2,3,12.0,7
original_fixed,5x5,medium,12,455,D3,0,0.0,3
original_fixed,5x5,medium,12,455,D4,0,0.0,3
original_fixed,5x5,medium,12,455,D5,0,0.0,4
original_fixed,5x5,medium,12,455,E1,2,22.0,8
original_fixed,5x5,medium,12,455,E2,0,0.0,6
original_fixed,5x5,medium,12,455,E3,2,7.0,4
original_fixed,5x5,medium,12,455,E4,2,2.0,9
original_fixed,5x5,medium,12,455,E5,0,0.0,3
original_fixed,5x5,medium,12,455,F1,0,0.0,0
original_fixed,5x5,medium,12,455,F2,0,0.0,1
original_fixed,5x5,medium,12,455,F3,0,0.0,3
original_fixed,5x5,medium,12,455,F4,0,0.0,0
original_fixed,5x5,medium,12,455,F5,0,0.0,4
original_fixed,5x5,medium,12,460,B1,0,0.0,3
original_fixed,5x5,medium,12,460,B2,1,6.0,5
original_fixed,5x5,medium,12,460,B3,2,11.0,6
original_fixed,5x5,medium,12,460,B4,0,0.0,4
original_fixed,5x5,medium,12,460,B5,0,0.0,2
original_fixed,5x5,medium,12,460,C1,1,4.0,5
original_fixed,5x5,medium,12,460,C2,0,0.0,3
original_fixed,5x5,medium,12,460,C3,1,6.0,8
original_fixed,5x5,medium,12,460,C4,1,9.0,7
original_fixed,5x5,medium,12,460,C5,0,0.0,4
original_fixed,5x5,medium,12,460,D1,0,0.0,7
original_fixed,5x5,medium,12,460,D2,4,32.0,6
original_fixed,5x5,medium,12,460,D3,0,0.0,2
original_fixed,5x5,medium,12,460,D4,0,0.0,4
original_fixed,5x5,medium,12,460,D5,0,0.0,3
original_fixed,5x5,medium,12,460,E1,0,0.0,8
original_fixed,5x5,medium,12,460,E2,1,1.0,7
original_fixed,5x5,medium,12,460,E3,2,17.0,4
original_fixed,5x5,medium,12,460,E4,2,10.0,7
original_fixed,5x5,medium,12,460,E5,1,5.0,7
original_fixed,5x5,medium,12,460,F1,0,0.0,1
original_fixed,5x5,medium,12,460,F2,0,0.0,2
original_fixed,5x5,medium,12,460,F3,0,0.0,3
original_fixed,5x5,medium,12,460,F4,0,0.0,0
original_fixed,5x5,medium,12,460,F5,0,0.0,4
original_fixed,5x5,medium,12,465,B1,0,0.0,1
original_fixed,5x5,medium,12,465,B2,2,15.0,7
original_fixed,5x5,medium,12,465,B3,3,25.0,5
original_fixed,5x5,medium,12,465,B4,0,0.0,1
original_fixed,5x5,medium,12,465,B5,0,0.0,4
original_fixed,5x5,medium,12,465,C1,1,9.0,5
original_fixed,5x5,medium,12,465,C2,0,0.0,4
original_fixed,5x5,medium,12,465,C3,2,12.0,9
original_fixed,5x5,medium,12,465,C4,1,14.0,8
original_fixed,5x5,medium,12,465,C5,2,3.0,4
original_fixed,5x5,medium,12,465,D1,2,4.0,7
original_fixed,5x5,medium,12,465,D2,4,52.0,7
original_fixed,5x5,medium,12,465,D3,1,2.0,2
original_fixed,5x5,medium,12,465,D4,0,0.0,4
original_fixed,5x5,medium,12,465,D5,1,4.0,3
original_fixed,5x5,medium,12,465,E1,0,0.0,8
original_fixed,5x5,medium,12,465,E2,3,12.0,6
original_fixed,5x5,medium,12,465,E3,2,27.0,7
original_fixed,5x5,medium,12,465,E4,2,20.0,6
original_fixed,5x5,medium,12,465,E5,1,10.0,7
original_fixed,5x5,medium,12,465,F1,0,0.0,1
original_fixed,5x5,medium,12,465,F2,0,0.0,2
original_fixed,5x5,medium,12,465,F3,0,0.0,2
original_fixed,5x5,medium,12,465,F4,0,0.0,0
original_fixed,5x5,medium,12,465,F5,1,4.0,5
original_fixed,5x5,medium,12,470,B1,0,0.0,1
original_fixed,5x5,medium,12,470,B2,2,25.0,7
original_fixed,5x5,medium,12,470,B3,3,40.0,4
original_fixed,5x5,medium,12,470,B4,0,0.0,0
original_fixed,5x5,medium,12,470,B5,0,0.0,6
original_fixed,5x5,medium,12,470,C1,1,14.0,5
original_fixed,5x5,medium,12,470,C2,0,0.0,5
original_fixed,5x5,medium,12,470,C3,2,22.0,7
original_fixed,5x5,medium,12,470,C4,1,19.0,9
original_fixed,5x5,medium,12,470,C5,1,8.0,4
original_fixed,5x5,medium,12,470,D1,2,14.0,7
original_fixed,5x5,medium,12,470,D2,4,72.0,6
original_fixed,5x5,medium,12,470,D3,1,7.0,1
original_fixed,5x5,medium,12,470,D4,0,0.0,3
original_fixed,5x5,medium,12,470,D5,1,9.0,5
original_fixed,5x5,medium,12,470,E1,2,4.0,6
original_fixed,5x5,medium,12,470,E2,3,27.0,4
original_fixed,5x5,medium,12,470,E3,2,37.0,8
original_fixed,5x5,medium,12,470,E4,2,30.0,3
original_fixed,5x5,medium,12,470,E5,1,15.0,8
original_fixed,5x5,medium,12,470,F1,0,0.0,1
original_fixed,5x5,medium,12,470,F2,0,0.0,2
original_fixed,5x5,medium,12,470,F3,1,5.0,2
original_fixed,5x5,medium,12,470,F4,0,0.0,2
original_fixed,5x5,medium,12,470,F5,1,9.0,4
original_fixed,5x5,medium,12,475,B1,0,0.0,3
original_fixed,5x5,medium,12,475,B2,2,35.0,6
original_fixed,5x5,medium,12,475,B3,3,55.0,5
original_fixed,5x5,medium,12,475,B4,0,0.0,0
original_fixed,5x5,medium,12,475,B5,0,0.0,4
original_fixed,5x5,medium,12,475,C1,2,23.0,3
original_fixed,5x5,medium,12,475,C2,1,1.0,5
original_fixed,5x5,medium,12,475,C3,2,32.0,7
original_fixed,5x5,medium,12,475,C4,3,29.0,11
original_fixed,5x5,medium,12,475,C5,1,13.0,3
original_fixed,5x5,medium,12,475,D1,2,24.0,6
original_fixed,5x5,medium,12,475,D2,4,92.0,6
original_fixed,5x5,medium,12,475,D3,1,12.0,2
original_fixed,5x5,medium,12,475,D4,0,0.0,3
original_fixed,5x5,medium,12,475,D5,2,18.0,6
original_fixed,5x5,medium,12,475,E1,3,17.0,8
original_fixed,5x5,medium,12,475,E2,3,42.0,5
original_fixed,5x5,medium,12,475,E3,3,52.0,8
original_fixed,5x5,medium,12,475,E4,3,43.0,3
original_fixed,5x5,medium,12,475,E5,3,25.0,8
original_fixed,5x5,medium,12,475,F1,1,1.0,1
original_fixed,5x5,medium,12,475,F2,0,0.0,1
original_fixed,5x5,medium,12,475,F3,2,13.0,3
original_fixed,5x5,medium,12,475,F4,0,0.0,3
original_fixed,5x5,medium,12,475,F5,1,14.0,2
original_fixed,5x5,medium,12,480,B1,0,0.0,5
original_fixed,5x5,medium,12,480,B2,2,45.0,5
original_fixed,5x5,medium,12,480,B3,3,70.0,6
original_fixed,5x5,medium,12,480,B4,0,0.0,1
original_fixed,5x5,medium,12,480,B5,0,0.0,2
original_fixed,5x5,medium,12,480,C1,2,33.0,3
original_fixed,5x5,medium,12,480,C2,1,6.0,5
original_fixed,5x5,medium,12,480,C3,2,42.0,7
original_fixed,5x5,medium,12,480,C4,3,44.0,9
original_fixed,5x5,medium,12,480,C5,1,18.0,3
original_fixed,5x5,medium,12,480,D1,3,38.0,8
original_fixed,5x5,medium,12,480,D2,5,116.0,5
original_fixed,5x5,medium,12,480,D3,1,17.0,2
original_fixed,5x5,medium,12,480,D4,2,4.0,2
original_fixed,5x5,medium,12,480,D5,2,28.0,7
original_fixed,5x5,medium,12,480,E1,3,32.0,9
original_fixed,5x5,medium,12,480,E2,3,57.0,5
original_fixed,5x5,medium,12,480,E3,3,67.0,6
original_fixed,5x5,medium,12,480,E4,3,58.0,4
original_fixed,5x5,medium,12,480,E5,4,44.0,6
original_fixed,5x5,medium,12,480,F1,1,6.0,1
original_fixed,5x5,medium,12,480,F2,1,5.0,1
original_fixed,5x5,medium,12,480,F3,2,23.0,3
original_fixed,5x5,medium,12,480,F4,0,0.0,3
original_fixed,5x5,medium,12,480,F5,1,19.0,1
original_fixed,5x5,medium,12,485,B1,0,0.0,6
original_fixed,5x5,medium,12,485,B2,2,55.0,3
original_fixed,5x5,medium,12,485,B3,4,85.0,6
original_fixed,5x5,medium,12,485,B4,0,0.0,2
original_fixed,5x5,medium,12,485,B5,0,0.0,1
original_fixed,5x5,medium,12,485,C1,2,43.0,6
original_fixed,5x5,medium,12,485,C2,2,16.0,5
original_fixed,5x5,medium,12,485,C3,5,59.0,7
original_fixed,5x5,medium,12,485,C4,4,64.0,7
original_fixed,5x5,medium,12,485,C5,1,23.0,4
original_fixed,5x5,medium,12,485,D1,3,53.0,7
original_fixed,5x5,medium,12,485,D2,5,141.0,5
original_fixed,5x5,medium,12,485,D3,1,22.0,1
original_fixed,5x5,medium,12,485,D4,2,14.0,4
original_fixed,5x5,medium,12,485,D5,3,41.0,9
original_fixed,5x5,medium,12,485,E1,3,47.0,6
original_fixed,5x5,medium,12,485,E2,3,72.0,8
original_fixed,5x5,medium,12,485,E3,5,89.0,6
original_fixed,5x5,medium,12,485,E4,3,73.0,5
original_fixed,5x5,medium,12,485,E5,4,64.0,6
original_fixed,5x5,medium,12,485,F1,1,11.0,1
original_fixed,5x5,medium,12,485,F2,1,10.0,1
original_fixed,5x5,medium,12,485,F3,2,33.0,3
original_fixed,5x5,medium,12,485,F4,0,0.0,3
original_fixed,5x5,medium,12,485,F5,1,24.0,1
original_fixed,5x5,medium,12,490,B1,0,0.0,4
original_fixed,5x5,medium,12,490,B2,2,65.0,3
original_fixed,5x5,medium,12,490,B3,3,100.0,5
original_fixed,5x5,medium,12,490,B4,0,0.0,3
original_fixed,5x5,medium,12,490,B5,0,0.0,0
original_fixed,5x5,medium,12,490,C1,2,53.0,7
original_fixed,5x5,medium,12,490,C2,2,26.0,7
original_fixed,5x5,medium,12,490,C3,5,84.0,9
original_fixed,5x5,medium,12,490,C4,5,88.0,5
original_fixed,5x5,medium,12,490,C5,2,32.0,5
original_fixed,5x5,medium,12,490,D1,4,71.0,6
original_fixed,5x5,medium,12,490,D2,5,166.0,5
original_fixed,5x5,medium,12,490,D3,1,27.0,1
original_fixed,5x5,medium,12,490,D4,2,24.0,5
original_fixed,5x5,medium,12,490,D5,3,56.0,8
original_fixed,5x5,medium,12,490,E1,3,62.0,5
original_fixed,5x5,medium,12,490,E2,4,89.0,9
original_fixed,5x5,medium,12,490,E3,5,114.0,6
original_fixed,5x5,medium,12,490,E4,3,88.0,5
original_fixed,5x5,medium,12,490,E5,4,84.0,7
original_fixed,5x5,medium,12,490,F1,1,16.0,1
original_fixed,5x5,medium,12,490,F2,1,15.0,1
original_fixed,5x5,medium,12,490,F3,2,43.0,4
original_fixed,5x5,medium,12,490,F4,1,3.0,3
original_fixed,5x5,medium,12,490,F5,1,29.0,2
original_fixed,5x5,medium,12,495,B1,0,0.0,3
original_fixed,5x5,medium,12,495,B2,2,75.0,3
original_fixed,5x5,medium,12,495,B3,3,115.0,5
original_fixed,5x5,medium,12,495,B4,0,0.0,4
original_fixed,5x5,medium,12,495,B5,0,0.0,2
original_fixed,5x5,medium,12,495,C1,2,63.0,7
original_fixed,5x5,medium,12,495,C2,2,36.0,6
original_fixed,5x5,medium,12,495,C3,5,109.0,8
original_fixed,5x5,medium,12,495,C4,5,113.0,6
original_fixed,5x5,medium,12,495,C5,2,42.0,6
original_fixed,5x5,medium,12,495,D1,6,96.0,6
original_fixed,5x5,medium,12,495,D2,5,191.0,6
original_fixed,5x5,medium,12,495,D3,1,32.0,1
original_fixed,5x5,medium,12,495,D4,2,34.0,5
original_fixed,5x5,medium,12,495,D5,3,71.0,7
original_fixed,5x5,medium,12,495,E1,4,81.0,5
original_fixed,5x5,medium,12,495,E2,4,109.0,9
original_fixed,5x5,medium,12,495,E3,5,139.0,6
original_fixed,5x5,medium,12,495,E4,3,103.0,5
original_fixed,5x5,medium,12,495,E5,5,107.0,7
original_fixed,5x5,medium,12,495,F1,1,21.0,2
original_fixed,5x5,medium,12,495,F2,1,20.0,2
original_fixed,5x5,medium,12,495,F3,3,57.0,4
original_fixed,5x5,medium,12,495,F4,1,8.0,4
original_fixed,5x5,medium,12,495,F5,1,34.0,2
original_fixed,5x5,medium,12,500,B1,1,1.0,4
original_fixed,5x5,medium,12,500,B2,0,0.0,3
original_fixed,5x5,medium,12,500,B3,0,0.0,3
original_fixed,5x5,medium,12,500,B4,0,0.0,3
original_fixed,5x5,medium,12,500,B5,0,0.0,3
original_fixed,5x5,medium,12,500,C1,1,1.0,3
original_fixed,5x5,medium,12,500,C2,0,0.0,4
original_fixed,5x5,medium,12,500,C3,1,2.0,6
original_fixed,5x5,medium,12,500,C4,0,0.0,4
original_fixed,5x5,medium,12,500,C5,1,1.0,4
original_fixed,5x5,medium,12,500,D1,1,7.0,6
original_fixed,5x5,medium,12,500,D2,0,0.0,5
original_fixed,5x5,medium,12,500,D3,0,0.0,1
original_fixed,5x5,medium,12,500,D4,1,3.0,3
original_fixed,5x5,medium,12,500,D5,2,4.0,7
original_fixed,5x5,medium,12,500,E1,0,0.0,3
original_fixed,5x5,medium,12,500,E2,1,4.0,7
original_fixed,5x5,medium,12,500,E3,0,0.0,4
original_fixed,5x5,medium,12,500,E4,2,5.0,6
original_fixed,5x5,medium,12,500,E5,1,1.0,5
original_fixed,5x5,medium,12,500,F1,0,0.0,1
original_fixed,5x5,medium,12,500,F2,0,0.0,2
original_fixed,5x5,medium,12,500,F3,0,0.0,3
original_fixed,5x5,medium,12,500,F4,1,4.0,4
original_fixed,5x5,medium,12,500,F5,0,0.0,1
original_fixed,5x5,medium,12,505,B1,2,11.0,4
original_fixed,5x5,medium,12,505,B2,0,0.0,4
original_fixed,5x5,medium,12,505,B3,0,0.0,3
original_fixed,5x5,medium,12,505,B4,0,0.0,5
original_fixed,5x5,medium,12,505,B5,0,0.0,3
original_fixed,5x5,medium,12,505,C1,2,9.0,3
original_fixed,5x5,medium,12,505,C2,1,1.0,4
original_fixed,5x5,medium,12,505,C3,2,9.0,7
original_fixed,5x5,medium,12,505,C4,0,0.0,4
original_fixed,5x5,medium,12,505,C5,1,6.0,5
original_fixed,5x5,medium,12,505,D1,0,0.0,5
original_fixed,5x5,medium,12,505,D2,0,0.0,4
original_fixed,5x5,medium,12,505,D3,0,0.0,3
original_fixed,5x5,medium,12,505,D4,1,8.0,2
original_fixed,5x5,medium,12,505,D5,3,16.0,7
original_fixed,5x5,medium,12,505,E1,0,0.0,5
original_fixed,5x5,medium,12,505,E2,4,19.0,10
original_fixed,5x5,medium,12,505,E3,1,4.0,5
original_fixed,5x5,medium,12,505,E4,2,15.0,6
original_fixed,5x5,medium,12,505,E5,1,6.0,5
original_fixed,5x5,medium,12,505,F1,0,0.0,2
original_fixed,5x5,medium,12,505,F2,0,0.0,2
original_fixed,5x5,medium,12,505,F3,1,2.0,4
original_fixed,5x5,medium,12,505,F4,2,12.0,4
original_fixed,5x5,medium,12,505,F5,1,1.0,2
original_fixed,5x5,medium,12,510,B1,2,21.0,3
original_fixed,5x5,medium,12,510,B2,1,2.0,5
original_fixed,5x5,medium,12,510,B3,0,0.0,3
original_fixed,5x5,medium,12,510,B4,2,9.0,5
original_fixed,5x5,medium,12,510,B5,0,0.0,4
original_fixed,5x5,medium,12,510,C1,2,19.0,3
original_fixed,5x5,medium,12,510,C2,1,6.0,4
original_fixed,5x5,medium,12,510,C3,2,19.0,8
original_fixed,5x5,medium,12,510,C4,0,0.0,4
original_fixed,5x5,medium,12,510,C5,1,11.0,3
original_fixed,5x5,medium,12,510,D1,0,0.0,3
original_fixed,5x5,medium,12,510,D2,0,0.0,3
original_fixed,5x5,medium,12,510,D3,0,0.0,4
original_fixed,5x5,medium,12,510,D4,1,13.0,2
original_fixed,5x5,medium,12,510,D5,3,31.0,10
original_fixed,5x5,medium,12,510,E1,1,5.0,7
original_fixed,5x5,medium,12,510,E2,5,44.0,13
original_fixed,5x5,medium,12,510,E3,0,0.0,4
original_fixed,5x5,medium,12,510,E4,2,25.0,7
original_fixed,5x5,medium,12,510,E5,2,13.0,5
original_fixed,5x5,medium,12,510,F1,1,1.0,3
original_fixed,5x5,medium,12,510,F2,0,0.0,2
original_fixed,5x5,medium,12,510,F3,1,7.0,4
original_fixed,5x5,medium,12,510,F4,2,22.0,3
original_fixed,5x5,medium,12,510,F5,1,6.0,2
original_fixed,5x5,medium,12,515,B1,2,31.0,2
original_fixed,5x5,medium,12,515,B2,1,7.0,4
original_fixed,5x5,medium,12,515,B3,0,0.0,3
original_fixed,5x5,medium,12,515,B4,2,19.0,5
original_fixed,5x5,medium,12,515,B5,0,0.0,4
original_fixed,5x5,medium,12,515,C1,2,29.0,4
original_fixed,5x5,medium,12,515,C2,1,11.0,5
original_fixed,5x5,medium,12,515,C3,2,29.0,5
original_fixed,5x5,medium,12,515,C4,1,3.0,5
original_fixed,5x5,medium,12,515,C5,1,16.0,2
original_fixed,5x5,medium,12,515,D1,0,0.0,1
original_fixed,5x5,medium,12,515,D2,0,0.0,2
original_fixed,5x5,medium,12,515,D3,0,0.0,5
original_fixed,5x5,medium,12,515,D4,1,18.0,2
original_fixed,5x5,medium,12,515,D5,3,46.0,8
original_fixed,5x5,medium,12,515,E1,1,10.0,6
original_fixed,5x5,medium,12,515,E2,5,69.0,11
original_fixed,5x5,medium,12,515,E3,0,0.0,3
original_fixed,5x5,medium,12,515,E4,2,35.0,6
original_fixed,5x5,medium,12,515,E5,2,23.0,5
original_fixed,5x5,medium,12,515,F1,1,6.0,3
original_fixed,5x5,medium,12,515,F2,0,0.0,1
original_fixed,5x5,medium,12,515,F3,1,12.0,4
original_fixed,5x5,medium,12,515,F4,2,32.0,2
original_fixed,5x5,medium,12,515,F5,1,11.0,1
original_fixed,5x5,medium,12,520,B1,2,41.0,2
original_fixed,5x5,medium,12,520,B2,2,16.0,3
original_fixed,5x5,medium,12,520,B3,0,0.0,1
original_fixed,5x5,medium,12,520,B4,3,32.0,6
original_fixed,5x5,medium,12,520,B5,0,0.0,4
original_fixed,5x5,medium,12,520,C1,2,39.0,5
original_fixed,5x5,medium,12,520,C2,3,24.0,6
original_fixed,5x5,medium,12,520,C3,3,40.0,5
original_fixed,5x5,medium,12,520,C4,3,14.0,4
original_fixed,5x5,medium,12,520,C5,2,24.0,2
original_fixed,5x5,medium,12,520,D1,0,0.0,1
original_fixed,5x5,medium,12,520,D2,0,0.0,3
original_fixed,5x5,medium,12,520,D3,0,0.0,7
original_fixed,5x5,medium,12,520,D4,1,23.0,3
original_fixed,5x5,medium,12,520,D5,3,61.0,7
original_fixed,5x5,medium,12,520,E1,2,19.0,5
original_fixed,5x5,medium,12,520,E2,7,100.0,10
original_fixed,5x5,medium,12,520,E3,1,1.0,2
original_fixed,5x5,medium,12,520,E4,3,50.0,6
original_fixed,5x5,medium,12,520,E5,4,39.0,6
original_fixed,5x5,medium,12,520,F1,1,11.0,3
original_fixed,5x5,medium,12,520,F2,0,0.0,3
original_fixed,5x5,medium,12,520,F3,1,17.0,3
original_fixed,5x5,medium,12,520,F4,2,42.0,3
original_fixed,5x5,medium,12,520,F5,1,16.0,1
original_fixed,5x5,medium,12,525,B1,2,51.0,2
original_fixed,5x5,medium,12,525,B2,3,30.0,3
original_fixed,5x5,medium,12,525,B3,1,2.0,1
original_fixed,5x5,medium,12,525,B4,4,51.0,6
original_fixed,5x5,medium,12,525,B5,0,0.0,2
original_fixed,5x5,medium,12,525,C1,2,49.0,6
original_fixed,5x5,medium,12,525,C2,4,40.0,6
original_fixed,5x5,medium,12,525,C3,4,58.0,5
original_fixed,5x5,medium,12,525,C4,3,29.0,4
original_fixed,5x5,medium,12,525,C5,2,34.0,3
original_fixed,5x5,medium,12,525,D1,1,4.0,1
original_fixed,5x5,medium,12,525,D2,0,0.0,3
original_fixed,5x5,medium,12,525,D3,1,3.0,6
original_fixed,5x5,medium,12,525,D4,1,28.0,4
original_fixed,5x5,medium,12,525,D5,5,83.0,6
original_fixed,5x5,medium,12,525,E1,2,29.0,3
original_fixed,5x5,medium,12,525,E2,8,138.0,10
original_fixed,5x5,medium,12,525,E3,2,10.0,4
original_fixed,5x5,medium,12,525,E4,4,68.0,5
original_fixed,5x5,medium,12,525,E5,4,59.0,6
original_fixed,5x5,medium,12,525,F1,1,16.0,3
original_fixed,5x5,medium,12,525,F2,0,0.0,5
original_fixed,5x5,medium,12,525,F3,1,22.0,2
original_fixed,5x5,medium,12,525,F4,2,52.0,4
original_fixed,5x5,medium,12,525,F5,1,21.0,1
original_fixed,5x5,medium,12,530,B1,2,61.0,5
original_fixed,5x5,medium,12,530,B2,3,45.0,4
original_fixed,5x5,medium,12,530,B3,1,7.0,1
original_fixed,5x5,medium,12,530,B4,5,73.0,6
original_fixed,5x5,medium,12,530,B5,0,0.0,0
original_fixed,5x5,medium,12,530,C1,3,61.0,5
original_fixed,5x5,medium,12,530,C2,4,60.0,5
original_fixed,5x5,medium,12,530,C3,4,78.0,5
original_fixed,5x5,medium,12,530,C4,4,46.0,5
original_fixed,5x5,medium,12,530,C5,2,44.0,3
original_fixed,5x5,medium,12,530,D1,1,9.0,1
original_fixed,5x5,medium,12,530,D2,0,0.0,5
original_fixed,5x5,medium,12,530,D3,1,8.0,5
original_fixed,5x5,medium,12,530,D4,1,33.0,3
original_fixed,5x5,medium,12,530,D5,6,113.0,7
original_fixed,5x5,medium,12,530,E1,2,39.0,2
original_fixed,5x5,medium,12,530,E2,8,178.0,11
original_fixed,5x5,medium,12,530,E3,2,20.0,6
original_fixed,5x5,medium,12,530,E4,5,88.0,5
original_fixed,5x5,medium,12,530,E5,4,79.0,5
original_fixed,5x5,medium,12,530,F1,1,21.0,5
original_fixed,5x5,medium,12,530,F2,0,0.0,4
original_fixed,5x5,medium,12,530,F3,1,27.0,2
original_fixed,5x5,medium,12,530,F4,2,62.0,4
original_fixed,5x5,medium,12,530,F5,1,26.0,2
original_fixed,5x5,medium,12,535,B1,2,71.0,5
original_fixed,5x5,medium,12,535,B2,3,60.0,6
original_fixed,5x5,medium,12,535,B3,1,12.0,2
original_fixed,5x5,medium,12,535,B4,5,98.0,5
original_fixed,5x5,medium,12,535,B5,0,0.0,0
original_fixed,5x5,medium,12,535,C1,3,76.0,6
original_fixed,5x5,medium,12,535,C2,4,80.0,4
original_fixed,5x5,medium,12,535,C3,4,98.0,5
original_fixed,5x5,medium,12,535,C4,4,66.0,6
original_fixed,5x5,medium,12,535,C5,2,54.0,3
original_fixed,5x5,medium,12,535,D1,1,14.0,1
original_fixed,5x5,medium,12,535,D2,1,1.0,4
original_fixed,5x5,medium,12,535,D3,2,17.0,5
original_fixed,5x5,medium,12,535,D4,2,39.0,3
original_fixed,5x5,medium,12,535,D5,6,143.0,7
original_fixed,5x5,medium,12,535,E1,2,49.0,3
original_fixed,5x5,medium,12,535,E2,8,218.0,10
original_fixed,5x5,medium,12,535,E3,2,30.0,9
original_fixed,5x5,medium,12,535,E4,4,108.0,5
original_fixed,5x5,medium,12,535,E5,5,101.0,5
original_fixed,5x5,medium,12,535,F1,1,26.0,5
original_fixed,5x5,medium,12,535,F2,0,0.0,2
original_fixed,5x5,medium,12,535,F3,2,33.0,2
original_fixed,5x5,medium,12,535,F4,2,72.0,3
original_fixed,5x5,medium,12,535,F5,1,31.0,2
original_fixed,5x5,medium,12,540,B1,2,81.0,5
original_fixed,5x5,medium,12,540,B2,3,75.0,6
original_fixed,5x5,medium,12,540,B3,1,17.0,2
original_fixed,5x5,medium,12,540,B4,5,123.0,5
original_fixed,5x5,medium,12,540,B5,0,0.0,0
original_fixed,5x5,medium,12,540,C1,5,97.0,6
original_fixed,5x5,medium,12,540,C2,4,100.0,5
original_fixed,5x5,medium,12,540,C3,4,118.0,5
original_fixed,5x5,medium,12,540,C4,4,86.0,6
original_fixed,5x5,medium,12,540,C5,2,64.0,3
original_fixed,5x5,medium,12,540,D1,1,19.0,1
original_fixed,5x5,medium,12,540,D2,1,6.0,4
original_fixed,5x5,medium,12,540,D3,3,28.0,6
original_fixed,5x5,medium,12,540,D4,2,49.0,3
original_fixed,5x5,medium,12,540,D5,6,173.0,8
original_fixed,5x5,medium,12,540,E1,2,59.0,3
original_fixed,5x5,medium,12,540,E2,9,260.0,10
original_fixed,5x5,medium,12,540,E3,3,44.0,9
original_fixed,5x5,medium,12,540,E4,4,128.0,6
original_fixed,5x5,medium,12,540,E5,5,126.0,5
original_fixed,5x5,medium,12,540,F1,1,31.0,4
original_fixed,5x5,medium,12,540,F2,1,1.0,2
original_fixed,5x5,medium,12,540,F3,2,43.0,4
original_fixed,5x5,medium,12,540,F4,2,82.0,2
original_fixed,5x5,medium,12,540,F5,1,36.0,2
original_fixed,5x5,medium,12,545,B1,2,3.0,2
original_fixed,5x5,medium,12,545,B2,0,0.0,4
original_fixed,5x5,medium,12,545,B3,0,0.0,4
original_fixed,5x5,medium,12,545,B4,0,0.0,1
original_fixed,5x5,medium,12,545,B5,0,0.0,1
original_fixed,5x5,medium,12,545,C1,0,0.0,6
original_fixed,5x5,medium,12,545,C2,0,0.0,3
original_fixed,5x5,medium,12,545,C3,0,0.0,3
original_fixed,5x5,medium,12,545,C4,0,0.0,4
original_fixed,5x5,medium,12,545,C5,0,0.0,2
original_fixed,5x5,medium,12,545,D1,0,0.0,1
original_fixed,5x5,medium,12,545,D2,1,1.0,3
original_fixed,5x5,medium,12,545,D3,0,0.0,5
original_fixed,5x5,medium,12,545,D4,0,0.0,3
original_fixed,5x5,medium,12,545,D5,0,0.0,7
original_fixed,5x5,medium,12,545,E1,0,0.0,2
original_fixed,5x5,medium,12,545,E2,1,1.0,6
original_fixed,5x5,medium,12,545,E3,1,4.0,8
original_fixed,5x5,medium,12,545,E4,0,0.0,4
original_fixed,5x5,medium,12,545,E5,0,0.0,4
original_fixed,5x5,medium,12,545,F1,1,1.0,2
original_fixed,5x5,medium,12,545,F2,0,0.0,3
original_fixed,5x5,medium,12,545,F3,0,0.0,5
original_fixed,5x5,medium,12,545,F4,0,0.0,1
original_fixed,5x5,medium,12,545,F5,0,0.0,1
original_fixed,5x5,medium,12,550,B1,2,13.0,2
original_fixed,5x5,medium,12,550,B2,2,2.0,3
original_fixed,5x5,medium,12,550,B3,0,0.0,6
original_fixed,5x5,medium,12,550,B4,0,0.0,0
original_fixed,5x5,medium,12,550,B5,0,0.0,3
original_fixed,5x5,medium,12,550,C1,1,5.0,6
original_fixed,5x5,medium,12,550,C2,0,0.0,6
original_fixed,5x5,medium,12,550,C3,1,3.0,4
original_fixed,5x5,medium,12,550,C4,1,3.0,5
original_fixed,5x5,medium,12,550,C5,0,0.0,3
original_fixed,5x5,medium,12,550,D1,0,0.0,1
original_fixed,5x5,medium,12,550,D2,1,6.0,2
original_fixed,5x5,medium,12,550,D3,0,0.0,6
original_fixed,5x5,medium,12,550,D4,0,0.0,9
original_fixed,5x5,medium,12,550,D5,1,5.0,6
original_fixed,5x5,medium,12,550,E1,0,0.0,3
original_fixed,5x5,medium,12,550,E2,0,0.0,5
original_fixed,5x5,medium,12,550,E3,1,9.0,8
original_fixed,5x5,medium,12,550,E4,0,0.0,5
original_fixed,5x5,medium,12,550,E5,0,0.0,3
original_fixed,5x5,medium,12,550,F1,2,11.0,2
original_fixed,5x5,medium,12,550,F2,0,0.0,3
original_fixed,5x5,medium,12,550,F3,0,0.0,6
original_fixed,5x5,medium,12,550,F4,0,0.0,1
original_fixed,5x5,medium,12,550,F5,1,3.0,2
original_fixed,5x5,medium,12,555,B1,2,23.0,2
original_fixed,5x5,medium,12,555,B2,3,15.0,4
original_fixed,5x5,medium,12,555,B3,0,0.0,5
original_fixed,5x5,medium,12,555,B4,0,0.0,0
original_fixed,5x5,medium,12,555,B5,0,0.0,3
original_fixed,5x5,medium,12,555,C1,1,4.0,5
original_fixed,5x5,medium,12,555,C2,1,2.0,6
original_fixed,5x5,medium,12,555,C3,1,8.0,4
original_fixed,5x5,medium,12,555,C4,1,8.0,5
original_fixed,5x5,medium,12,555,C5,0,0.0,4
original_fixed,5x5,medium,12,555,D1,0,0.0,3
original_fixed,5x5,medium,12,555,D2,1,11.0,3
original_fixed,5x5,medium,12,555,D3,1,5.0,4
original_fixed,5x5,medium,12,555,D4,0,0.0,10
original_fixed,5x5,medium,12,555,D5,0,0.0,5
original_fixed,5x5,medium,12,555,E1,0,0.0,3
original_fixed,5x5,medium,12,555,E2,0,0.0,2
original_fixed,5x5,medium,12,555,E3,2,17.0,8
original_fixed,5x5,medium,12,555,E4,0,0.0,7
original_fixed,5x5,medium,12,555,E5,0,0.0,3
original_fixed,5x5,medium,12,555,F1,2,21.0,3
original_fixed,5x5,medium,12,555,F2,0,0.0,3
original_fixed,5x5,medium,12,555,F3,0,0.0,5
original_fixed,5x5,medium,12,555,F4,0,0.0,2
original_fixed,5x5,medium,12,555,F5,1,8.0,2
original_fixed,5x5,medium,12,560,B1,2,33.0,4
original_fixed,5x5,medium,12,560,B2,3,30.0,4
original_fixed,5x5,medium,12,560,B3,0,0.0,4
original_fixed,5x5,medium,12,560,B4,0,0.0,0
original_fixed,5x5,medium,12,560,B5,0,0.0,1
original_fixed,5x5,medium,12,560,C1,1,9.0,4
original_fixed,5x5,medium,12,560,C2,1,7.0,4
original_fixed,5x5,medium,12,560,C3,1,13.0,3
original_fixed,5x5,medium,12,560,C4,1,13.0,5
original_fixed,5x5,medium,12,560,C5,1,4.0,5
original_fixed,5x5,medium,12,560,D1,0,0.0,3
original_fixed,5x5,medium,12,560,D2,2,18.0,4
original_fixed,5x5,medium,12,560,D3,1,10.0,3
original_fixed,5x5,medium,12,560,D4,0,0.0,9
original_fixed,5x5,medium,12,560,D5,2,6.0,5
original_fixed,5x5,medium,12,560,E1,0,0.0,2
original_fixed,5x5,medium,12,560,E2,0,0.0,2
original_fixed,5x5,medium,12,560,E3,2,27.0,10
original_fixed,5x5,medium,12,560,E4,2,4.0,6
original_fixed,5x5,medium,12,560,E5,0,0.0,3
original_fixed,5x5,medium,12,560,F1,2,31.0,4
original_fixed,5x5,medium,12,560,F2,0,0.0,2
original_fixed,5x5,medium,12,560,F3,1,5.0,4
original_fixed,5x5,medium,12,560,F4,0,0.0,3
original_fixed,5x5,medium,12,560,F5,1,13.0,2
original_fixed,5x5,medium,12,565,B1,2,43.0,5
original_fixed,5x5,medium,12,565,B2,3,45.0,6
original_fixed,5x5,medium,12,565,B3,1,4.0,1
original_fixed,5x5,medium,12,565,B4,0,0.0,2
original_fixed,5x5,medium,12,565,B5,0,0.0,3
original_fixed,5x5,medium,12,565,C1,1,14.0,2
original_fixed,5x5,medium,12,565,C2,1,12.0,5
original_fixed,5x5,medium,12,565,C3,2,22.0,5
original_fixed,5x5,medium,12,565,C4,1,18.0,3
original_fixed,5x5,medium,12,565,C5,1,9.0,4
original_fixed,5x5,medium,12,565,D1,0,0.0,5
original_fixed,5x5,medium,12,565,D2,2,28.0,5
original_fixed,5x5,medium,12,565,D3,2,19.0,4
original_fixed,5x5,medium,12,565,D4,1,3.0,6
original_fixed,5x5,medium,12,565,D5,3,20.0,8
original_fixed,5x5,medium,12,565,E1,0,0.0,1
original_fixed,5x5,medium,12,565,E2,1,4.0,2
original_fixed,5x5,medium,12,565,E3,4,46.0,8
original_fixed,5x5,medium,12,565,E4,2,14.0,7
original_fixed,5x5,medium,12,565,E5,1,5.0,3
original_fixed,5x5,medium,12,565,F1,2,41.0,5
original_fixed,5x5,medium,12,565,F2,0,0.0,1
original_fixed,5x5,medium,12,565,F3,1,10.0,4
original_fixed,5x5,medium,12,565,F4,0,0.0,2
original_fixed,5x5,medium,12,565,F5,1,18.0,3
original_fixed,5x5,medium,12,570,B1,2,53.0,6
original_fixed,5x5,medium,12,570,B2,3,60.0,5
original_fixed,5x5,medium,12,570,B3,1,9.0,1
original_fixed,5x5,medium,12,570,B4,0,0.0,3
original_fixed,5x5,medium,12,570,B5,1,5.0,4
original_fixed,5x5,medium,12,570,C1,1,19.0,2
original_fixed,5x5,medium,12,570,C2,2,21.0,6
original_fixed,5x5,medium,12,570,C3,2,32.0,5
original_fixed,5x5,medium,12,570,C4,2,25.0,3
original_fixed,5x5,medium,12,570,C5,1,14.0,4
original_fixed,5x5,medium,12,570,D1,1,1.0,5
original_fixed,5x5,medium,12,570,D2,2,38.0,5
original_fixed,5x5,medium,12,570,D3,2,29.0,7
original_fixed,5x5,medium,12,570,D4,3,15.0,6
original_fixed,5x5,medium,12,570,D5,4,39.0,9
original_fixed,5x5,medium,12,570,E1,0,0.0,0
original_fixed,5x5,medium,12,570,E2,1,9.0,1
original_fixed,5x5,medium,12,570,E3,3,56.0,8
original_fixed,5x5,medium,12,570,E4,2,24.0,8
original_fixed,5x5,medium,12,570,E5,1,10.0,4
original_fixed,5x5,medium,12,570,F1,2,51.0,6
original_fixed,5x5,medium,12,570,F2,0,0.0,1
original_fixed,5x5,medium,12,570,F3,2,19.0,3
original_fixed,5x5,medium,12,570,F4,1,2.0,1
original_fixed,5x5,medium,12,570,F5,1,23.0,5
original_fixed,5x5,medium,12,575,B1,3,66.0,6
original_fixed,5x5,medium,12,575,B2,3,75.0,5
original_fixed,5x5,medium,12,575,B3,1,14.0,2
original_fixed,5x5,medium,12,575,B4,0,0.0,2
original_fixed,5x5,medium,12,575,B5,1,10.0,5
original_fixed,5x5,medium,12,575,C1,1,24.0,2
original_fixed,5x5,medium,12,575,C2,2,31.0,6
original_fixed,5x5,medium,12,575,C3,2,42.0,6
original_fixed,5x5,medium,12,575,C4,3,36.0,3
original_fixed,5x5,medium,12,575,C5,2,20.0,6
original_fixed,5x5,medium,12,575,D1,2,9.0,6
original_fixed,5x5,medium,12,575,D2,2,48.0,5
original_fixed,5x5,medium,12,575,D3,2,39.0,8
original_fixed,5x5,medium,12,575,D4,4,33.0,6
original_fixed,5x5,medium,12,575,D5,4,59.0,7
original_fixed,5x5,medium,12,575,E1,0,0.0,0
original_fixed,5x5,medium,12,575,E2,1,14.0,2
original_fixed,5x5,medium,12,575,E3,6,82.0,7
original_fixed,5x5,medium,12,575,E4,3,38.0,9
original_fixed,5x5,medium,12,575,E5,1,15.0,4
original_fixed,5x5,medium,12,575,F1,3,65.0,7
original_fixed,5x5,medium,12,575,F2,0,0.0,0
original_fixed,5x5,medium,12,575,F3,2,29.0,2
original_fixed,5x5,medium,12,575,F4,1,7.0,2
original_fixed,5x5,medium,12,575,F5,1,28.0,5
original_fixed,5x5,medium,12,580,B1,4,85.0,7
original_fixed,5x5,medium,12,580,B2,3,90.0,4
original_fixed,5x5,medium,12,580,B3,1,19.0,2
original_fixed,5x5,medium,12,580,B4,0,0.0,2
original_fixed,5x5,medium,12,580,B5,2,18.0,6
original_fixed,5x5,medium,12,580,C1,1,29.0,2
original_fixed,5x5,medium,12,580,C2,2,41.0,3
original_fixed,5x5,medium,12,580,C3,2,52.0,6
original_fixed,5x5,medium,12,580,C4,3,51.0,5
original_fixed,5x5,medium,12,580,C5,3,34.0,6
original_fixed,5x5,medium,12,580,D1,4,25.0,6
original_fixed,5x5,medium,12,580,D2,2,58.0,5
original_fixed,5x5,medium,12,580,D3,2,49.0,6
original_fixed,5x5,medium,12,580,D4,4,53.0,7
original_fixed,5x5,medium,12,580,D5,5,81.0,8
original_fixed,5x5,medium,12,580,E1,0,0.0,0
original_fixed,5x5,medium,12,580,E2,1,19.0,3
original_fixed,5x5,medium,12,580,E3,6,112.0,6
original_fixed,5x5,medium,12,580,E4,4,57.0,8
original_fixed,5x5,medium,12,580,E5,1,20.0,3
original_fixed,5x5,medium,12,580,F1,3,80.0,5
original_fixed,5x5,medium,12,580,F2,0,0.0,0
original_fixed,5x5,medium,12,580,F3,2,39.0,2
original_fixed,5x5,medium,12,580,F4,1,12.0,2
original_fixed,5x5,medium,12,580,F5,1,33.0,4
original_fixed,5x5,medium,12,585,B1,5,108.0,8
original_fixed,5x5,medium,12,585,B2,3,105.0,4
original_fixed,5x5,medium,12,585,B3,1,24.0,2
original_fixed,5x5,medium,12,585,B4,0,0.0,2
original_fixed,5x5,medium,12,585,B5,3,33.0,5
original_fixed,5x5,medium,12,585,C1,1,34.0,2
original_fixed,5x5,medium,12,585,C2,2,51.0,3
original_fixed,5x5,medium,12,585,C3,3,63.0,6
original_fixed,5x5,medium,12,585,C4,3,66.0,6
original_fixed,5x5,medium,12,585,C5,3,49.0,6
original_fixed,5x5,medium,12,585,D1,5,50.0,7
original_fixed,5x5,medium,12,585,D2,3,71.0,6
original_fixed,5x5,medium,12,585,D3,2,59.0,5
original_fixed,5x5,medium,12,585,D4,5,74.0,8
original_fixed,5x5,medium,12,585,D5,6,108.0,7
original_fixed,5x5,medium,12,585,E1,0,0.0,2
original_fixed,5x5,medium,12,585,E2,1,24.0,4
original_fixed,5x5,medium,12,585,E3,6,142.0,6
original_fixed,5x5,medium,12,585,E4,5,78.0,7
original_fixed,5x5,medium,12,585,E5,1,25.0,6
original_fixed,5x5,medium,12,585,F1,3,95.0,4
original_fixed,5x5,medium,12,585,F2,0,0.0,1
original_fixed,5x5,medium,12,585,F3,2,49.0,4
original_fixed,5x5,medium,12,585,F4,1,17.0,2
original_fixed,5x5,medium,12,585,F5,4,47.0,4
original_fixed,5x5,medium,12,590,B1,0,0.0,4
original_fixed,5x5,medium,12,590,B2,0,0.0,3
original_fixed,5x5,medium,12,590,B3,0,0.0,2
original_fixed,5x5,medium,12,590,B4,0,0.0,3
original_fixed,5x5,medium,12,590,B5,0,0.0,3
original_fixed,5x5,medium,12,590,C1,0,0.0,3
original_fixed,5x5,medium,12,590,C2,0,0.0,2
original_fixed,5x5,medium,12,590,C3,0,0.0,4
original_fixed,5x5,medium,12,590,C4,0,0.0,4
original_fixed,5x5,medium,12,590,C5,2,6.0,5
original_fixed,5x5,medium,12,590,D1,0,0.0,5
original_fixed,5x5,medium,12,590,D2,0,0.0,4
original_fixed,5x5,medium,12,590,D3,2,6.0,4
original_fixed,5x5,medium,12,590,D4,1,2.0,5
original_fixed,5x5,medium,12,590,D5,0,0.0,6
original_fixed,5x5,medium,12,590,E1,0,0.0,3
original_fixed,5x5,medium,12,590,E2,0,0.0,4
original_fixed,5x5,medium,12,590,E3,0,0.0,5
original_fixed,5x5,medium,12,590,E4,3,8.0,8
original_fixed,5x5,medium,12,590,E5,1,4.0,4
original_fixed,5x5,medium,12,590,F1,0,0.0,1
original_fixed,5x5,medium,12,590,F2,0,0.0,2
original_fixed,5x5,medium,12,590,F3,0,0.0,3
original_fixed,5x5,medium,12,590,F4,0,0.0,3
original_fixed,5x5,medium,12,590,F5,0,0.0,1
original_fixed,5x5,medium,12,595,B1,0,0.0,3
original_fixed,5x5,medium,12,595,B2,1,1.0,5
original_fixed,5x5,medium,12,595,B3,1,4.0,2
original_fixed,5x5,medium,12,595,B4,0,0.0,2
original_fixed,5x5,medium,12,595,B5,1,2.0,2
original_fixed,5x5,medium,12,595,C1,1,5.0,5
original_fixed,5x5,medium,12,595,C2,0,0.0,4
original_fixed,5x5,medium,12,595,C3,1,3.0,4
original_fixed,5x5,medium,12,595,C4,0,0.0,5
original_fixed,5x5,medium,12,595,C5,4,22.0,9
original_fixed,5x5,medium,12,595,D1,0,0.0,2
original_fixed,5x5,medium,12,595,D2,0,0.0,4
original_fixed,5x5,medium,12,595,D3,3,21.0,6
original_fixed,5x5,medium,12,595,D4,2,9.0,4
original_fixed,5x5,medium,12,595,D5,1,3.0,4
original_fixed,5x5,medium,12,595,E1,0,0.0,3
original_fixed,5x5,medium,12,595,E2,2,7.0,5
original_fixed,5x5,medium,12,595,E3,0,0.0,4
original_fixed,5x5,medium,12,595,E4,5,29.0,9
original_fixed,5x5,medium,12,595,E5,1,9.0,4
original_fixed,5x5,medium,12,595,F1,1,5.0,1
original_fixed,5x5,medium,12,595,F2,0,0.0,2
original_fixed,5x5,medium,12,595,F3,0,0.0,5
original_fixed,5x5,medium,12,595,F4,1,5.0,4
original_fixed,5x5,medium,12,595,F5,0,0.0,1
original_fixed,5x5,medium,12,600,B1,2,5.0,2
original_fixed,5x5,medium,12,600,B2,1,6.0,6
original_fixed,5x5,medium,12,600,B3,1,9.0,2
original_fixed,5x5,medium,12,600,B4,0,0.0,2
original_fixed,5x5,medium,12,600,B5,1,7.0,2
original_fixed,5x5,medium,12,600,C1,1,10.0,6
original_fixed,5x5,medium,12,600,C2,0,0.0,4
original_fixed,5x5,medium,12,600,C3,2,10.0,4
original_fixed,5x5,medium,12,600,C4,2,9.0,4
original_fixed,5x5,medium,12,600,C5,4,42.0,10
original_fixed,5x5,medium,12,600,D1,0,0.0,4
original_fixed,5x5,medium,12,600,D2,1,3.0,4
original_fixed,5x5,medium,12,600,D3,3,36.0,7
original_fixed,5x5,medium,12,600,D4,2,19.0,5
original_fixed,5x5,medium,12,600,D5,0,0.0,2
original_fixed,5x5,medium,12,600,E1,0,0.0,2
original_fixed,5x5,medium,12,600,E2,2,17.0,5
original_fixed,5x5,medium,12,600,E3,0,0.0,4
original_fixed,5x5,medium,12,600,E4,5,54.0,9
original_fixed,5x5,medium,12,600,E5,1,14.0,4
original_fixed,5x5,medium,12,600,F1,1,10.0,3
original_fixed,5x5,medium,12,600,F2,0,0.0,3
original_fixed,5x5,medium,12,600,F3,0,0.0,4
original_fixed,5x5,medium,12,600,F4,1,10.0,4
original_fixed,5x5,medium,12,600,F5,0,0.0,1
original_fixed,5x5,medium,12,605,B1,2,15.0,2
original_fixed,5x5,medium,12,605,B2,1,11.0,6
original_fixed,5x5,medium,12,605,B3,1,14.0,1
original_fixed,5x5,medium,12,605,B4,0,0.0,3
original_fixed,5x5,medium,12,605,B5,1,12.0,2
original_fixed,5x5,medium,12,605,C1,2,16.0,5
original_fixed,5x5,medium,12,605,C2,0,0.0,4
original_fixed,5x5,medium,12,605,C3,2,20.0,3
original_fixed,5x5,medium,12,605,C4,2,19.0,3
original_fixed,5x5,medium,12,605,C5,4,62.0,10
original_fixed,5x5,medium,12,605,D1,0,0.0,3
original_fixed,5x5,medium,12,605,D2,1,8.0,3
original_fixed,5x5,medium,12,605,D3,3,51.0,6
original_fixed,5x5,medium,12,605,D4,3,34.0,5
original_fixed,5x5,medium,12,605,D5,0,0.0,1
original_fixed,5x5,medium,12,605,E1,1,4.0,2
original_fixed,5x5,medium,12,605,E2,2,27.0,6
original_fixed,5x5,medium,12,605,E3,0,0.0,2
original_fixed,5x5,medium,12,605,E4,6,80.0,9
original_fixed,5x5,medium,12,605,E5,3,25.0,5
original_fixed,5x5,medium,12,605,F1,2,15.0,5
original_fixed,5x5,medium,12,605,F2,0,0.0,3
original_fixed,5x5,medium,12,605,F3,1,5.0,5
original_fixed,5x5,medium,12,605,F4,1,15.0,2
original_fixed,5x5,medium,12,605,F5,0,0.0,0
original_fixed,5x5,medium,12,610,B1,2,25.0,2
original_fixed,5x5,medium,12,610,B2,5,29.0,7
original_fixed,5x5,medium,12,610,B3,1,19.0,1
original_fixed,5x5,medium,12,610,B4,0,0.0,3
original_fixed,5x5,medium,12,610,B5,2,19.0,3
original_fixed,5x5,medium,12,610,C1,3,28.0,5
original_fixed,5x5,medium,12,610,C2,0,0.0,3
original_fixed,5x5,medium,12,610,C3,2,30.0,4
original_fixed,5x5,medium,12,610,C4,3,30.0,3
original_fixed,5x5,medium,12,610,C5,5,84.0,9
original_fixed,5x5,medium,12,610,D1,0,0.0,4
original_fixed,5x5,medium,12,610,D2,2,15.0,5
original_fixed,5x5,medium,12,610,D3,4,67.0,7
original_fixed,5x5,medium,12,610,D4,3,49.0,4
original_fixed,5x5,medium,12,610,D5,0,0.0,2
original_fixed,5x5,medium,12,610,E1,1,9.0,2
original_fixed,5x5,medium,12,610,E2,2,37.0,5
original_fixed,5x5,medium,12,610,E3,1,1.0,3
original_fixed,5x5,medium,12,610,E4,6,110.0,11
original_fixed,5x5,medium,12,610,E5,3,40.0,5
original_fixed,5x5,medium,12,610,F1,1,20.0,5
original_fixed,5x5,medium,12,610,F2,0,0.0,5
original_fixed,5x5,medium,12,610,F3,1,10.0,3
original_fixed,5x5,medium,12,610,F4,1,20.0,3
original_fixed,5x5,medium,12,610,F5,0,0.0,2
original_fixed,5x5,medium,12,615,B1,2,35.0,2
original_fixed,5x5,medium,12,615,B2,6,56.0,7
original_fixed,5x5,medium,12,615,B3,1,24.0,1
original_fixed,5x5,medium,12,615,B4,0,0.0,4
original_fixed,5x5,medium,12,615,B5,2,29.0,3
original_fixed,5x5,medium,12,615,C1,3,43.0,5
original_fixed,5x5,medium,12,615,C2,1,5.0,2
original_fixed,5x5,medium,12,615,C3,3,45.0,5
original_fixed,5x5,medium,12,615,C4,3,45.0,4
original_fixed,5x5,medium,12,615,C5,4,81.0,7
original_fixed,5x5,medium,12,615,D1,0,0.0,5
original_fixed,5x5,medium,12,615,D2,2,25.0,5
original_fixed,5x5,medium,12,615,D3,5,90.0,7
original_fixed,5x5,medium,12,615,D4,3,64.0,4
original_fixed,5x5,medium,12,615,D5,0,0.0,3
original_fixed,5x5,medium,12,615,E1,1,14.0,3
original_fixed,5x5,medium,12,615,E2,2,47.0,5
original_fixed,5x5,medium,12,615,E3,1,6.0,5
original_fixed,5x5,medium,12,615,E4,3,68.0,10
original_fixed,5x5,medium,12,615,E5,3,55.0,4
original_fixed,5x5,medium,12,615,F1,2,27.0,5
original_fixed,5x5,medium,12,615,F2,1,3.0,5
original_fixed,5x5,medium,12,615,F3,1,15.0,2
original_fixed,5x5,medium,12,615,F4,2,29.0,5
original_fixed,5x5,medium,12,615,F5,0,0.0,3
original_fixed,5x5,medium,12,620,B1,2,45.0,3
original_fixed,5x5,medium,12,620,B2,6,86.0,7
original_fixed,5x5,medium,12,620,B3,1,29.0,2
original_fixed,5x5,medium,12,620,B4,1,4.0,2
original_fixed,5x5,medium,12,620,B5,2,39.0,6
original_fixed,5x5,medium,12,620,C1,3,58.0,4
original_fixed,5x5,medium,12,620,C2,1,10.0,2
original_fixed,5x5,medium,12,620,C3,3,60.0,5
original_fixed,5x5,medium,12,620,C4,3,60.0,4
original_fixed,5x5,medium,12,620,C5,4,101.0,5
original_fixed,5x5,medium,12,620,D1,0,0.0,3
original_fixed,5x5,medium,12,620,D2,2,35.0,5
original_fixed,5x5,medium,12,620,D3,6,116.0,7
original_fixed,5x5,medium,12,620,D4,3,79.0,4
original_fixed,5x5,medium,12,620,D5,0,0.0,2
original_fixed,5x5,medium,12,620,E1,1,19.0,4
original_fixed,5x5,medium,12,620,E2,3,57.0,4
original_fixed,5x5,medium,12,620,E3,1,11.0,8
original_fixed,5x5,medium,12,620,E4,3,83.0,10
original_fixed,5x5,medium,12,620,E5,3,70.0,4
original_fixed,5x5,medium,12,620,F1,2,37.0,4
original_fixed,5x5,medium,12,620,F2,1,8.0,7
original_fixed,5x5,medium,12,620,F3,1,20.0,1
original_fixed,5x5,medium,12,620,F4,2,39.0,5
original_fixed,5x5,medium,12,620,F5,0,0.0,4
original_fixed,5x5,medium,12,625,B1,2,55.0,3
original_fixed,5x5,medium,12,625,B2,6,116.0,6
original_fixed,5x5,medium,12,625,B3,1,34.0,4
original_fixed,5x5,medium,12,625,B4,1,9.0,2
original_fixed,5x5,medium,12,625,B5,3,51.0,8
original_fixed,5x5,medium,12,625,C1,3,73.0,4
original_fixed,5x5,medium,12,625,C2,2,17.0,2
original_fixed,5x5,medium,12,625,C3,3,75.0,5
original_fixed,5x5,medium,12,625,C4,3,75.0,4
original_fixed,5x5,medium,12,625,C5,5,121.0,5
original_fixed,5x5,medium,12,625,D1,0,0.0,3
original_fixed,5x5,medium,12,625,D2,2,45.0,4
original_fixed,5x5,medium,12,625,D3,6,146.0,7
original_fixed,5x5,medium,12,625,D4,4,99.0,5
original_fixed,5x5,medium,12,625,D5,0,0.0,1
original_fixed,5x5,medium,12,625,E1,1,24.0,4
original_fixed,5x5,medium,12,625,E2,2,67.0,4
original_fixed,5x5,medium,12,625,E3,2,17.0,7
original_fixed,5x5,medium,12,625,E4,6,107.0,8
original_fixed,5x5,medium,12,625,E5,3,85.0,7
original_fixed,5x5,medium,12,625,F1,3,48.0,4
original_fixed,5x5,medium,12,625,F2,1,13.0,7
original_fixed,5x5,medium,12,625,F3,1,25.0,2
original_fixed,5x5,medium,12,625,F4,2,49.0,4
original_fixed,5x5,medium,12,625,F5,0,0.0,3
original_fixed,5x5,medium,12,630,B1,2,65.0,5
original_fixed,5x5,medium,12,630,B2,6,146.0,6
original_fixed,5x5,medium,12,630,B3,1,39.0,5
original_fixed,5x5,medium,12,630,B4,1,14.0,1
original_fixed,5x5,medium,12,630,B5,3,66.0,8
original_fixed,5x5,medium,12,630,C1,3,88.0,3
original_fixed,5x5,medium,12,630,C2,2,27.0,3
original_fixed,5x5,medium,12,630,C3,3,90.0,5
original_fixed,5x5,medium,12,630,C4,3,90.0,4
original_fixed,5x5,medium,12,630,C5,4,141.0,6
original_fixed,5x5,medium,12,630,D1,1,1.0,5
original_fixed,5x5,medium,12,630,D2,2,55.0,2
original_fixed,5x5,medium,12,630,D3,7,181.0,7
original_fixed,5x5,medium,12,630,D4,4,119.0,5
original_fixed,5x5,medium,12,630,D5,0,0.0,1
original_fixed,5x5,medium,12,630,E1,1,29.0,3
original_fixed,5x5,medium,12,630,E2,2,77.0,4
original_fixed,5x5,medium,12,630,E3,3,28.0,8
original_fixed,5x5,medium,12,630,E4,6,137.0,8
original_fixed,5x5,medium,12,630,E5,3,100.0,7
original_fixed,5x5,medium,12,630,F1,3,63.0,3
original_fixed,5x5,medium,12,630,F2,2,21.0,7
original_fixed,5x5,medium,12,630,F3,1,30.0,4
original_fixed,5x5,medium,12,630,F4,2,59.0,4
original_fixed,5x5,medium,12,630,F5,0,0.0,1
original_fixed,5x5,medium,12,635,B1,0,0.0,5
original_fixed,5x5,medium,12,635,B2,0,0.0,4
original_fixed,5x5,medium,12,635,B3,1,1.0,6
original_fixed,5x5,medium,12,635,B4,0,0.0,1
original_fixed,5x5,medium,12,635,B5,0,0.0,7
original_fixed,5x5,medium,12,635,C1,0,0.0,1
original_fixed,5x5,medium,12,635,C2,0,0.0,3
original_fixed,5x5,medium,12,635,C3,0,0.0,2
original_fixed,5x5,medium,12,635,C4,0,0.0,3
original_fixed,5x5,medium,12,635,C5,0,0.0,5
original_fixed,5x5,medium,12,635,D1,1,4.0,3
original_fixed,5x5,medium,12,635,D2,0,0.0,3
original_fixed,5x5,medium,12,635,D3,1,16.0,7
original_fixed,5x5,medium,12,635,D4,0,0.0,3
original_fixed,5x5,medium,12,635,D5,1,4.0,3
original_fixed,5x5,medium,12,635,E1,0,0.0,4
original_fixed,5x5,medium,12,635,E2,0,0.0,5
original_fixed,5x5,medium,12,635,E3,0,0.0,5
original_fixed,5x5,medium,12,635,E4,0,0.0,6
original_fixed,5x5,medium,12,635,E5,0,0.0,6
original_fixed,5x5,medium,12,635,F1,0,0.0,2
original_fixed,5x5,medium,12,635,F2,1,1.0,5
original_fixed,5x5,medium,12,635,F3,0,0.0,5
original_fixed,5x5,medium,12,635,F4,1,5.0,4
original_fixed,5x5,medium,12,635,F5,1,3.0,2
original_fixed,5x5,medium,12,640,B1,1,1.0,6
original_fixed,5x5,medium,12,640,B2,0,0.0,3
original_fixed,5x5,medium,12,640,B3,2,8.0,6
original_fixed,5x5,medium,12,640,B4,0,0.0,3
original_fixed,5x5,medium,12,640,B5,2,5.0,5
original_fixed,5x5,medium,12,640,C1,0,0.0,2
original_fixed,5x5,medium,12,640,C2,0,0.0,4
original_fixed,5x5,medium,12,640,C3,0,0.0,0
original_fixed,5x5,medium,12,640,C4,0,0.0,4
original_fixed,5x5,medium,12,640,C5,0,0.0,5
original_fixed,5x5,medium,12,640,D1,1,9.0,5
original_fixed,5x5,medium,12,640,D2,0,0.0,8
original_fixed,5x5,medium,12,640,D3,0,0.0,5
original_fixed,5x5,medium,12,640,D4,1,4.0,3
original_fixed,5x5,medium,12,640,D5,1,9.0,3
original_fixed,5x5,medium,12,640,E1,2,8.0,6
original_fixed,5x5,medium,12,640,E2,0,0.0,8
original_fixed,5x5,medium,12,640,E3,0,0.0,3
original_fixed,5x5,medium,12,640,E4,1,4.0,7
original_fixed,5x5,medium,12,640,E5,1,5.0,8
original_fixed,5x5,medium,12,640,F1,0,0.0,4
original_fixed,5x5,medium,12,640,F2,2,8.0,4
original_fixed,5x5,medium,12,640,F3,0,0.0,5
original_fixed,5x5,medium,12,640,F4,1,10.0,4
original_fixed,5x5,medium,12,640,F5,1,8.0,2
original_fixed,5x5,medium,12,645,B1,3,11.0,7
original_fixed,5x5,medium,12,645,B2,0,0.0,4
original_fixed,5x5,medium,12,645,B3,2,18.0,6
original_fixed,5x5,medium,12,645,B4,0,0.0,3
original_fixed,5x5,medium,12,645,B5,3,18.0,6
original_fixed,5x5,medium,12,645,C1,0,0.0,3
original_fixed,5x5,medium,12,645,C2,1,1.0,4
original_fixed,5x5,medium,12,645,C3,0,0.0,1
original_fixed,5x5,medium,12,645,C4,0,0.0,5
original_fixed,5x5,medium,12,645,C5,0,0.0,5
original_fixed,5x5,medium,12,645,D1,2,16.0,6
original_fixed,5x5,medium,12,645,D2,0,0.0,10
original_fixed,5x5,medium,12,645,D3,0,0.0,3
original_fixed,5x5,medium,12,645,D4,1,9.0,3
original_fixed,5x5,medium,12,645,D5,1,14.0,3
original_fixed,5x5,medium,12,645,E1,2,18.0,6
original_fixed,5x5,medium,12,645,E2,1,1.0,8
original_fixed,5x5,medium,12,645,E3,0,0.0,2
original_fixed,5x5,medium,12,645,E4,1,9.0,7
original_fixed,5x5,medium,12,645,E5,4,23.0,8
original_fixed,5x5,medium,12,645,F1,0,0.0,4
original_fixed,5x5,medium,12,645,F2,2,18.0,4
original_fixed,5x5,medium,12,645,F3,1,2.0,4
original_fixed,5x5,medium,12,645,F4,1,15.0,3
original_fixed,5x5,medium,12,645,F5,1,13.0,2
original_fixed,5x5,medium,12,650,B1,4,27.0,6
original_fixed,5x5,medium,12,650,B2,0,0.0,2
original_fixed,5x5,medium,12,650,B3,2,28.0,6
original_fixed,5x5,medium,12,650,B4,0,0.0,2
original_fixed,5x5,medium,12,650,B5,5,38.0,7
original_fixed,5x5,medium,12,650,C1,0,0.0,3
original_fixed,5x5,medium,12,650,C2,2,7.0,3
original_fixed,5x5,medium,12,650,C3,0,0.0,2
original_fixed,5x5,medium,12,650,C4,0,0.0,5
original_fixed,5x5,medium,12,650,C5,1,1.0,4
original_fixed,5x5,medium,12,650,D1,2,26.0,6
original_fixed,5x5,medium,12,650,D2,0,0.0,7
original_fixed,5x5,medium,12,650,D3,1,1.0,2
original_fixed,5x5,medium,12,650,D4,1,14.0,2
original_fixed,5x5,medium,12,650,D5,1,19.0,3
original_fixed,5x5,medium,12,650,E1,2,28.0,4
original_fixed,5x5,medium,12,650,E2,2,7.0,8
original_fixed,5x5,medium,12,650,E3,0,0.0,2
original_fixed,5x5,medium,12,650,E4,2,16.0,6
original_fixed,5x5,medium,12,650,E5,5,44.0,9
original_fixed,5x5,medium,12,650,F1,0,0.0,4
original_fixed,5x5,medium,12,650,F2,2,28.0,5
original_fixed,5x5,medium,12,650,F3,2,12.0,3
original_fixed,5x5,medium,12,650,F4,1,20.0,2
original_fixed,5x5,medium,12,650,F5,1,18.0,1
original_fixed,5x5,medium,12,655,B1,4,47.0,6
original_fixed,5x5,medium,12,655,B2,0,0.0,2
original_fixed,5x5,medium,12,655,B3,4,45.0,7
original_fixed,5x5,medium,12,655,B4,0,0.0,1
original_fixed,5x5,medium,12,655,B5,5,63.0,7
original_fixed,5x5,medium,12,655,C1,0,0.0,1
original_fixed,5x5,medium,12,655,C2,2,17.0,5
original_fixed,5x5,medium,12,655,C3,0,0.0,5
original_fixed,5x5,medium,12,655,C4,0,0.0,3
original_fixed,5x5,medium,12,655,C5,1,6.0,4
original_fixed,5x5,medium,12,655,D1,4,39.0,8
original_fixed,5x5,medium,12,655,D2,1,4.0,4
original_fixed,5x5,medium,12,655,D3,1,6.0,3
original_fixed,5x5,medium,12,655,D4,1,19.0,3
original_fixed,5x5,medium,12,655,D5,4,30.0,4
original_fixed,5x5,medium,12,655,E1,3,41.0,6
original_fixed,5x5,medium,12,655,E2,2,17.0,6
original_fixed,5x5,medium,12,655,E3,0,0.0,3
original_fixed,5x5,medium,12,655,E4,3,29.0,8
original_fixed,5x5,medium,12,655,E5,5,45.0,9
original_fixed,5x5,medium,12,655,F1,0,0.0,3
original_fixed,5x5,medium,12,655,F2,2,38.0,5
original_fixed,5x5,medium,12,655,F3,2,22.0,4
original_fixed,5x5,medium,12,655,F4,1,25.0,1
original_fixed,5x5,medium,12,655,F5,1,23.0,2
original_fixed,5x5,medium,12,660,B1,4,67.0,6
original_fixed,5x5,medium,12,660,B2,0,0.0,1
original_fixed,5x5,medium,12,660,B3,4,65.0,7
original_fixed,5x5,medium,12,660,B4,1,5.0,1
original_fixed,5x5,medium,12,660,B5,5,88.0,7
original_fixed,5x5,medium,12,660,C1,0,0.0,1
original_fixed,5x5,medium,12,660,C2,3,32.0,6
original_fixed,5x5,medium,12,660,C3,0,0.0,4
original_fixed,5x5,medium,12,660,C4,0,0.0,2
original_fixed,5x5,medium,12,660,C5,1,11.0,5
original_fixed,5x5,medium,12,660,D1,4,59.0,11
original_fixed,5x5,medium,12,660,D2,1,9.0,3
original_fixed,5x5,medium,12,660,D3,1,11.0,3
original_fixed,5x5,medium,12,660,D4,2,28.0,5
original_fixed,5x5,medium,12,660,D5,3,45.0,4
original_fixed,5x5,medium,12,660,E1,3,56.0,7
original_fixed,5x5,medium,12,660,E2,4,32.0,6
original_fixed,5x5,medium,12,660,E3,0,0.0,4
original_fixed,5x5,medium,12,660,E4,3,44.0,6
original_fixed,5x5,medium,12,660,E5,2,44.0,7
original_fixed,5x5,medium,12,660,F1,0,0.0,3
original_fixed,5x5,medium,12,660,F2,2,48.0,5
original_fixed,5x5,medium,12,660,F3,2,32.0,4
original_fixed,5x5,medium,12,660,F4,1,30.0,1
original_fixed,5x5,medium,12,660,F5,1,28.0,2
original_fixed,5x5,medium,12,665,B1,4,87.0,7
original_fixed,5x5,medium,12,665,B2,0,0.0,1
original_fixed,5x5,medium,12,665,B3,5,86.0,6
original_fixed,5x5,medium,12,665,B4,1,10.0,1
original_fixed,5x5,medium,12,665,B5,7,121.0,7
original_fixed,5x5,medium,12,665,C1,0,0.0,0
original_fixed,5x5,medium,12,665,C2,3,47.0,6
original_fixed,5x5,medium,12,665,C3,0,0.0,4
original_fixed,5x5,medium,12,665,C4,0,0.0,1
original_fixed,5x5,medium,12,665,C5,1,16.0,4
original_fixed,5x5,medium,12,665,D1,4,79.0,10
original_fixed,5x5,medium,12,665,D2,1,14.0,2
original_fixed,5x5,medium,12,665,D3,1,16.0,2
original_fixed,5x5,medium,12,665,D4,2,38.0,7
original_fixed,5x5,medium,12,665,D5,3,60.0,5
original_fixed,5x5,medium,12,665,E1,3,71.0,7
original_fixed,5x5,medium,12,665,E2,3,47.0,5
original_fixed,5x5,medium,12,665,E3,1,2.0,6
original_fixed,5x5,medium,12,665,E4,3,59.0,6
original_fixed,5x5,medium,12,665,E5,2,54.0,4
original_fixed,5x5,medium,12,665,F1,0,0.0,3
original_fixed,5x5,medium,12,665,F2,3,61.0,4
original_fixed,5x5,medium,12,665,F3,3,42.0,4
original_fixed,5x5,medium,12,665,F4,1,35.0,2
original_fixed,5x5,medium,12,665,F5,1,33.0,3
original_fixed,5x5,medium,12,670,B1,4,107.0,6
original_fixed,5x5,medium,12,670,B2,0,0.0,2
original_fixed,5x5,medium,12,670,B3,5,111.0,5
original_fixed,5x5,medium,12,670,B4,1,15.0,1
original_fixed,5x5,medium,12,670,B5,7,156.0,7
original_fixed,5x5,medium,12,670,C1,0,0.0,3
original_fixed,5x5,medium,12,670,C2,3,62.0,6
original_fixed,5x5,medium,12,670,C3,0,0.0,3
original_fixed,5x5,medium,12,670,C4,1,1.0,1
original_fixed,5x5,medium,12,670,C5,1,21.0,4
original_fixed,5x5,medium,12,670,D1,4,99.0,10
original_fixed,5x5,medium,12,670,D2,1,19.0,2
original_fixed,5x5,medium,12,670,D3,1,21.0,2
original_fixed,5x5,medium,12,670,D4,3,49.0,7
original_fixed,5x5,medium,12,670,D5,3,75.0,6
original_fixed,5x5,medium,12,670,E1,3,86.0,8
original_fixed,5x5,medium,12,670,E2,3,62.0,4
original_fixed,5x5,medium,12,670,E3,2,12.0,6
original_fixed,5x5,medium,12,670,E4,4,75.0,5
original_fixed,5x5,medium,12,670,E5,2,64.0,3
original_fixed,5x5,medium,12,670,F1,1,1.0,3
original_fixed,5x5,medium,12,670,F2,4,79.0,4
original_fixed,5x5,medium,12,670,F3,2,52.0,4
original_fixed,5x5,medium,12,670,F4,1,40.0,4
original_fixed,5x5,medium,12,670,F5,1,38.0,2
original_fixed,5x5,medium,12,675,B1,4,127.0,5
original_fixed,5x5,medium,12,675,B2,0,0.0,2
original_fixed,5x5,medium,12,675,B3,5,136.0,6
original_fixed,5x5,medium,12,675,B4,1,20.0,1
original_fixed,5x5,medium,12,675,B5,7,191.0,7
original_fixed,5x5,medium,12,675,C1,0,0.0,5
original_fixed,5x5,medium,12,675,C2,3,77.0,6
original_fixed,5x5,medium,12,675,C3,0,0.0,4
original_fixed,5x5,medium,12,675,C4,1,6.0,1
original_fixed,5x5,medium,12,675,C5,1,26.0,3
original_fixed,5x5,medium,12,675,D1,5,120.0,10
original_fixed,5x5,medium,12,675,D2,2,25.0,3
original_fixed,5x5,medium,12,675,D3,1,26.0,3
original_fixed,5x5,medium,12,675,D4,3,64.0,8
original_fixed,5x5,medium,12,675,D5,4,92.0,7
original_fixed,5x5,medium,12,675,E1,4,105.0,7
original_fixed,5x5,medium,12,675,E2,3,77.0,4
original_fixed,5x5,medium,12,675,E3,2,22.0,5
original_fixed,5x5,medium,12,675,E4,4,95.0,4
original_fixed,5x5,medium,12,675,E5,2,74.0,3
original_fixed,5x5,medium,12,675,F1,3,11.0,4
original_fixed,5x5,medium,12,675,F2,4,99.0,4
original_fixed,5x5,medium,12,675,F3,2,62.0,4
original_fixed,5x5,medium,12,675,F4,1,45.0,4
original_fixed,5x5,medium,12,675,F5,1,43.0,3
original_fixed,5x5,medium,12,680,B1,0,0.0,2
original_fixed,5x5,medium,12,680,B2,0,0.0,2
original_fixed,5x5,medium,12,680,B3,0,0.0,3
original_fixed,5x5,medium,12,680,B4,0,0.0,1
original_fixed,5x5,medium,12,680,B5,1,18.0,5
original_fixed,5x5,medium,12,680,C1,0,0.0,6
original_fixed,5x5,medium,12,680,C2,0,0.0,4
original_fixed,5x5,medium,12,680,C3,0,0.0,6
original_fixed,5x5,medium,12,680,C4,0,0.0,1
original_fixed,5x5,medium,12,680,C5,1,2.0,5
original_fixed,5x5,medium,12,680,D1,3,9.0,8
original_fixed,5x5,medium,12,680,D2,0,0.0,2
original_fixed,5x5,medium,12,680,D3,0,0.0,3
original_fixed,5x5,medium,12,680,D4,1,1.0,6
original_fixed,5x5,medium,12,680,D5,0,0.0,3
original_fixed,5x5,medium,12,680,E1,1,5.0,4
original_fixed,5x5,medium,12,680,E2,1,1.0,3
original_fixed,5x5,medium,12,680,E3,0,0.0,6
original_fixed,5x5,medium,12,680,E4,0,0.0,2
original_fixed,5x5,medium,12,680,E5,0,0.0,2
original_fixed,5x5,medium,12,680,F1,0,0.0,1
original_fixed,5x5,medium,12,680,F2,0,0.0,2
original_fixed,5x5,medium,12,680,F3,0,0.0,2
original_fixed,5x5,medium,12,680,F4,1,4.0,3
original_fixed,5x5,medium,12,680,F5,0,0.0,5
original_fixed,5x5,medium,12,685,B1,0,0.0,1
original_fixed,5x5,medium,12,685,B2,0,0.0,2
original_fixed,5x5,medium,12,685,B3,0,0.0,1
original_fixed,5x5,medium,12,685,B4,0,0.0,2
original_fixed,5x5,medium,12,685,B5,0,0.0,3
original_fixed,5x5,medium,12,685,C1,0,0.0,7
original_fixed,5x5,medium,12,685,C2,0,0.0,5
original_fixed,5x5,medium,12,685,C3,2,7.0,5
original_fixed,5x5,medium,12,685,C4,0,0.0,4
original_fixed,5x5,medium,12,685,C5,2,8.0,5
original_fixed,5x5,medium,12,685,D1,5,31.0,9
original_fixed,5x5,medium,12,685,D2,0,0.0,5
original_fixed,5x5,medium,12,685,D3,0,0.0,5
original_fixed,5x5,medium,12,685,D4,2,10.0,6
original_fixed,5x5,medium,12,685,D5,0,0.0,2
original_fixed,5x5,medium,12,685,E1,1,10.0,3
original_fixed,5x5,medium,12,685,E2,0,0.0,3
original_fixed,5x5,medium,12,685,E3,2,8.0,8
original_fixed,5x5,medium,12,685,E4,0,0.0,1
original_fixed,5x5,medium,12,685,E5,0,0.0,2
original_fixed,5x5,medium,12,685,F1,0,0.0,2
original_fixed,5x5,medium,12,685,F2,0,0.0,3
original_fixed,5x5,medium,12,685,F3,0,0.0,3
original_fixed,5x5,medium,12,685,F4,1,9.0,6
original_fixed,5x5,medium,12,685,F5,0,0.0,5
original_fixed,5x5,medium,12,690,B1,0,0.0,1
original_fixed,5x5,medium,12,690,B2,0,0.0,2
original_fixed,5x5,medium,12,690,B3,0,0.0,1
original_fixed,5x5,medium,12,690,B4,0,0.0,2
original_fixed,5x5,medium,12,690,B5,0,0.0,1
original_fixed,5x5,medium,12,690,C1,1,4.0,6
original_fixed,5x5,medium,12,690,C2,2,5.0,4
original_fixed,5x5,medium,12,690,C3,2,17.0,6
original_fixed,5x5,medium,12,690,C4,0,0.0,5
original_fixed,5x5,medium,12,690,C5,2,18.0,5
original_fixed,5x5,medium,12,690,D1,5,56.0,9
original_fixed,5x5,medium,12,690,D2,0,0.0,4
original_fixed,5x5,medium,12,690,D3,0,0.0,5
original_fixed,5x5,medium,12,690,D4,2,20.0,5
original_fixed,5x5,medium,12,690,D5,0,0.0,3
original_fixed,5x5,medium,12,690,E1,2,19.0,4
original_fixed,5x5,medium,12,690,E2,0,0.0,3
original_fixed,5x5,medium,12,690,E3,3,22.0,8
original_fixed,5x5,medium,12,690,E4,0,0.0,1
original_fixed,5x5,medium,12,690,E5,0,0.0,2
original_fixed,5x5,medium,12,690,F1,0,0.0,3
original_fixed,5x5,medium,12,690,F2,0,0.0,6
original_fixed,5x5,medium,12,690,F3,0,0.0,1
original_fixed,5x5,medium,12,690,F4,2,19.0,7
original_fixed,5x5,medium,12,690,F5,0,0.0,6
original_fixed,5x5,medium,12,695,B1,0,0.0,3
original_fixed,5x5,medium,12,695,B2,0,0.0,2
original_fixed,5x5,medium,12,695,B3,1,3.0,1
original_fixed,5x5,medium,12,695,B4,0,0.0,4
original_fixed,5x5,medium,12,695,B5,0,0.0,0
original_fixed,5x5,medium,12,695,C1,1,9.0,3
original_fixed,5x5,medium,12,695,C2,3,15.0,4
original_fixed,5x5,medium,12,695,C3,2,27.0,8
original_fixed,5x5,medium,12,695,C4,0,0.0,4
original_fixed,5x5,medium,12,695,C5,2,28.0,3
original_fixed,5x5,medium,12,695,D1,6,83.0,9
original_fixed,5x5,medium,12,695,D2,0,0.0,4
original_fixed,5x5,medium,12,695,D3,0,0.0,4
original_fixed,5x5,medium,12,695,D4,2,30.0,5
original_fixed,5x5,medium,12,695,D5,1,4.0,5
original_fixed,5x5,medium,12,695,E1,2,29.0,5
original_fixed,5x5,medium,12,695,E2,0,0.0,2
original_fixed,5x5,medium,12,695,E3,3,37.0,6
original_fixed,5x5,medium,12,695,E4,0,0.0,0
original_fixed,5x5,medium,12,695,E5,0,0.0,1
original_fixed,5x5,medium,12,695,F1,0,0.0,2
original_fixed,5x5,medium,12,695,F2,0,0.0,6
original_fixed,5x5,medium,12,695,F3,0,0.0,2
original_fixed,5x5,medium,12,695,F4,2,29.0,6
original_fixed,5x5,medium,12,695,F5,0,0.0,5
original_fixed,5x5,medium,12,700,B1,1,3.0,3
original_fixed,5x5,medium,12,700,B2,1,4.0,2
original_fixed,5x5,medium,12,700,B3,1,8.0,3
original_fixed,5x5,medium,12,700,B4,1,5.0,3
original_fixed,5x5,medium,12,700,B5,0,0.0,2
original_fixed,5x5,medium,12,700,C1,1,14.0,4
original_fixed,5x5,medium,12,700,C2,2,25.0,4
original_fixed,5x5,medium,12,700,C3,3,42.0,9
original_fixed,5x5,medium,12,700,C4,0,0.0,2
original_fixed,5x5,medium,12,700,C5,3,42.0,4
original_fixed,5x5,medium,12,700,D1,6,113.0,9
original_fixed,5x5,medium,12,700,D2,0,0.0,2
original_fixed,5x5,medium,12,700,D3,0,0.0,4
original_fixed,5x5,medium,12,700,D4,2,40.0,4
original_fixed,5x5,medium,12,700,D5,1,9.0,5
original_fixed,5x5,medium,12,700,E1,2,39.0,5
original_fixed,5x5,medium,12,700,E2,1,5.0,4
original_fixed,5x5,medium,12,700,E3,5,58.0,7
original_fixed,5x5,medium,12,700,E4,0,0.0,0
original_fixed,5x5,medium,12,700,E5,0,0.0,2
original_fixed,5x5,medium,12,700,F1,0,0.0,3
original_fixed,5x5,medium,12,700,F2,0,0.0,5
original_fixed,5x5,medium,12,700,F3,0,0.0,1
original_fixed,5x5,medium,12,700,F4,3,40.0,4
original_fixed,5x5,medium,12,700,F5,2,9.0,5
original_fixed,5x5,medium,12,705,B1,1,8.0,4
original_fixed,5x5,medium,12,705,B2,1,9.0,2
original_fixed,5x5,medium,12,705,B3,1,13.0,4
original_fixed,5x5,medium,12,705,B4,1,10.0,5
original_fixed,5x5,medium,12,705,B5,0,0.0,3
original_fixed,5x5,medium,12,705,C1,1,19.0,4
original_fixed,5x5,medium,12,705,C2,2,35.0,4
original_fixed,5x5,medium,12,705,C3,3,57.0,8
original_fixed,5x5,medium,12,705,C4,0,0.0,1
original_fixed,5x5,medium,12,705,C5,3,57.0,4
original_fixed,5x5,medium,12,705,D1,6,143.0,7
original_fixed,5x5,medium,12,705,D2,0,0.0,2
original_fixed,5x5,medium,12,705,D3,0,0.0,3
original_fixed,5x5,medium,12,705,D4,4,57.0,4
original_fixed,5x5,medium,12,705,D5,1,14.0,5
original_fixed,5x5,medium,12,705,E1,2,49.0,5
original_fixed,5x5,medium,12,705,E2,1,10.0,4
original_fixed,5x5,medium,12,705,E3,6,84.0,7
original_fixed,5x5,medium,12,705,E4,0,0.0,1
original_fixed,5x5,medium,12,705,E5,0,0.0,3
original_fixed,5x5,medium,12,705,F1,1,4.0,3
original_fixed,5x5,medium,12,705,F2,0,0.0,3
original_fixed,5x5,medium,12,705,F3,0,0.0,2
original_fixed,5x5,medium,12,705,F4,3,55.0,5
original_fixed,5x5,medium,12,705,F5,2,19.0,5
original_fixed,5x5,medium,12,710,B1,1,13.0,2
original_fixed,5x5,medium,12,710,B2,1,14.0,2
original_fixed,5x5,medium,12,710,B3,1,18.0,4
original_fixed,5x5,medium,12,710,B4,2,16.0,5
original_fixed,5x5,medium,12,710,B5,0,0.0,3
original_fixed,5x5,medium,12,710,C1,2,29.0,5
original_fixed,5x5,medium,12,710,C2,2,45.0,5
original_fixed,5x5,medium,12,710,C3,5,79.0,8
original_fixed,5x5,medium,12,710,C4,0,0.0,0
original_fixed,5x5,medium,12,710,C5,3,72.0,5
original_fixed,5x5,medium,12,710,D1,6,173.0,7
original_fixed,5x5,medium,12,710,D2,0,0.0,1
original_fixed,5x5,medium,12,710,D3,0,0.0,2
original_fixed,5x5,medium,12,710,D4,4,77.0,5
original_fixed,5x5,medium,12,710,D5,3,27.0,4
original_fixed,5x5,medium,12,710,E1,2,59.0,6
original_fixed,5x5,medium,12,710,E2,1,15.0,3
original_fixed,5x5,medium,12,710,E3,6,114.0,7
original_fixed,5x5,medium,12,710,E4,0,0.0,1
original_fixed,5x5,medium,12,710,E5,0,0.0,4
original_fixed,5x5,medium,12,710,F1,1,9.0,2
original_fixed,5x5,medium,12,710,F2,0,0.0,5
original_fixed,5x5,medium,12,710,F3,0,0.0,4
original_fixed,5x5,medium,12,710,F4,3,70.0,6
original_fixed,5x5,medium,12,710,F5,2,29.0,5
original_fixed,5x5,medium,12,715,B1,1,18.0,4
original_fixed,5x5,medium,12,715,B2,1,19.0,2
original_fixed,5x5,medium,12,715,B3,2,28.0,5
original_fixed,5x5,medium,12,715,B4,2,26.0,5
original_fixed,5x5,medium,12,715,B5,0,0.0,2
original_fixed,5x5,medium,12,715,C1,2,39.0,5
original_fixed,5x5,medium,12,715,C2,4,59.0,6
original_fixed,5x5,medium,12,715,C3,6,109.0,7
original_fixed,5x5,medium,12,715,C4,0,0.0,0
original_fixed,5x5,medium,12,715,C5,3,87.0,6
original_fixed,5x5,medium,12,715,D1,6,203.0,7
original_fixed,5x5,medium,12,715,D2,0,0.0,1
original_fixed,5x5,medium,12,715,D3,0,0.0,2
original_fixed,5x5,medium,12,715,D4,4,97.0,5
original_fixed,5x5,medium,12,715,D5,3,42.0,4
original_fixed,5x5,medium,12,715,E1,2,69.0,7
original_fixed,5x5,medium,12,715,E2,1,20.0,2
original_fixed,5x5,medium,12,715,E3,6,144.0,7
original_fixed,5x5,medium,12,715,E4,0,0.0,1
original_fixed,5x5,medium,12,715,E5,0,0.0,3
original_fixed,5x5,medium,12,715,F1,1,14.0,2
original_fixed,5x5,medium,12,715,F2,3,10.0,5
original_fixed,5x5,medium,12,715,F3,0,0.0,5
original_fixed,5x5,medium,12,715,F4,3,85.0,5
original_fixed,5x5,medium,12,715,F5,2,39.0,4
original_fixed,5x5,medium,12,720,B1,1,23.0,4
original_fixed,5x5,medium,12,720,B2,2,25.0,3
original_fixed,5x5,medium,12,720,B3,2,38.0,3
original_fixed,5x5,medium,12,720,B4,2,36.0,5
original_fixed,5x5,medium,12,720,B5,0,0.0,3
original_fixed,5x5,medium,12,720,C1,2,49.0,6
original_fixed,5x5,medium,12,720,C2,4,79.0,6
original_fixed,5x5,medium,12,720,C3,6,139.0,7
original_fixed,5x5,medium,12,720,C4,0,0.0,0
original_fixed,5x5,medium,12,720,C5,3,102.0,6
original_fixed,5x5,medium,12,720,D1,6,233.0,6
original_fixed,5x5,medium,12,720,D2,0,0.0,1
original_fixed,5x5,medium,12,720,D3,1,5.0,2
original_fixed,5x5,medium,12,720,D4,4,117.0,5
original_fixed,5x5,medium,12,720,D5,4,59.0,4
original_fixed,5x5,medium,12,720,E1,3,84.0,7
original_fixed,5x5,medium,12,720,E2,1,25.0,2
original_fixed,5x5,medium,12,720,E3,6,174.0,8
original_fixed,5x5,medium,12,720,E4,1,1.0,1
original_fixed,5x5,medium,12,720,E5,1,4.0,3
original_fixed,5x5,medium,12,720,F1,2,24.0,2
original_fixed,5x5,medium,12,720,F2,3,25.0,6
original_fixed,5x5,medium,12,720,F3,1,3.0,4
original_fixed,5x5,medium,12,720,F4,4,101.0,6
original_fixed,5x5,medium,12,720,F5,3,50.0,5
original_fixed,5x5,medium,12,725,B1,0,0.0,3
original_fixed,5x5,medium,12,725,B2,0,0.0,3
original_fixed,5x5,medium,12,725,B3,0,0.0,3
original_fixed,5x5,medium,12,725,B4,1,4.0,3
original_fixed,5x5,medium,12,725,B5,0,0.0,3
original_fixed,5x5,medium,12,725,C1,0,0.0,4
original_fixed,5x5,medium,12,725,C2,1,1.0,5
original_fixed,5x5,medium,12,725,C3,1,1.0,6
original_fixed,5x5,medium,12,725,C4,0,0.0,1
original_fixed,5x5,medium,12,725,C5,0,0.0,4
original_fixed,5x5,medium,12,725,D1,0,0.0,4
original_fixed,5x5,medium,12,725,D2,0,0.0,1
original_fixed,5x5,medium,12,725,D3,0,0.0,2
original_fixed,5x5,medium,12,725,D4,0,0.0,3
original_fixed,5x5,medium,12,725,D5,0,0.0,2
original_fixed,5x5,medium,12,725,E1,2,8.0,7
original_fixed,5x5,medium,12,725,E2,0,0.0,4
original_fixed,5x5,medium,12,725,E3,0,0.0,5
original_fixed,5x5,medium,12,725,E4,0,0.0,3
original_fixed,5x5,medium,12,725,E5,1,3.0,5
original_fixed,5x5,medium,12,725,F1,0,0.0,0
original_fixed,5x5,medium,12,725,F2,0,0.0,4
original_fixed,5x5,medium,12,725,F3,0,0.0,2
original_fixed,5x5,medium,12,725,F4,0,0.0,6
original_fixed,5x5,medium,12,725,F5,1,2.0,2
original_fixed,5x5,medium,12,730,B1,2,3.0,3
original_fixed,5x5,medium,12,730,B2,0,0.0,3
original_fixed,5x5,medium,12,730,B3,1,1.0,3
original_fixed,5x5,medium,12,730,B4,2,13.0,3
original_fixed,5x5,medium,12,730,B5,1,3.0,3
original_fixed,5x5,medium,12,730,C1,1,4.0,6
original_fixed,5x5,medium,12,730,C2,1,6.0,6
original_fixed,5x5,medium,12,730,C3,1,6.0,5
original_fixed,5x5,medium,12,730,C4,0,0.0,5
original_fixed,5x5,medium,12,730,C5,0,0.0,3
original_fixed,5x5,medium,12,730,D1,0,0.0,4
original_fixed,5x5,medium,12,730,D2,1,4.0,3
original_fixed,5x5,medium,12,730,D3,0,0.0,3
original_fixed,5x5,medium,12,730,D4,0,0.0,3
original_fixed,5x5,medium,12,730,D5,0,0.0,3
original_fixed,5x5,medium,12,730,E1,4,24.0,7
original_fixed,5x5,medium,12,730,E2,0,0.0,5
original_fixed,5x5,medium,12,730,E3,0,0.0,3
original_fixed,5x5,medium,12,730,E4,0,0.0,3
original_fixed,5x5,medium,12,730,E5,2,13.0,6
original_fixed,5x5,medium,12,730,F1,0,0.0,0
original_fixed,5x5,medium,12,730,F2,1,4.0,3
original_fixed,5x5,medium,12,730,F3,0,0.0,3
original_fixed,5x5,medium,12,730,F4,1,3.0,7
original_fixed,5x5,medium,12,730,F5,1,7.0,6
original_fixed,5x5,medium,12,735,B1,2,13.0,3
original_fixed,5x5,medium,12,735,B2,1,1.0,3
original_fixed,5x5,medium,12,735,B3,1,6.0,3
original_fixed,5x5,medium,12,735,B4,2,23.0,4
original_fixed,5x5,medium,12,735,B5,1,8.0,4
original_fixed,5x5,medium,12,735,C1,1,9.0,6
original_fixed,5x5,medium,12,735,C2,1,11.0,5
original_fixed,5x5,medium,12,735,C3,1,11.0,4
original_fixed,5x5,medium,12,735,C4,0,0.0,6
original_fixed,5x5,medium,12,735,C5,1,4.0,4
original_fixed,5x5,medium,12,735,D1,0,0.0,2
original_fixed,5x5,medium,12,735,D2,1,9.0,3
original_fixed,5x5,medium,12,735,D3,0,0.0,4
original_fixed,5x5,medium,12,735,D4,0,0.0,3
original_fixed,5x5,medium,12,735,D5,0,0.0,3
original_fixed,5x5,medium,12,735,E1,4,44.0,7
original_fixed,5x5,medium,12,735,E2,0,0.0,4
original_fixed,5x5,medium,12,735,E3,2,6.0,3
original_fixed,5x5,medium,12,735,E4,0,0.0,3
original_fixed,5x5,medium,12,735,E5,2,23.0,6
original_fixed,5x5,medium,12,735,F1,0,0.0,1
original_fixed,5x5,medium,12,735,F2,1,9.0,3
original_fixed,5x5,medium,12,735,F3,1,5.0,4
original_fixed,5x5,medium,12,735,F4,1,8.0,7
original_fixed,5x5,medium,12,735,F5,1,12.0,5
original_fixed,5x5,medium,12,740,B1,2,23.0,2
original_fixed,5x5,medium,12,740,B2,1,6.0,4
original_fixed,5x5,medium,12,740,B3,1,11.0,3
original_fixed,5x5,medium,12,740,B4,2,33.0,4
original_fixed,5x5,medium,12,740,B5,1,13.0,2
original_fixed,5x5,medium,12,740,C1,2,17.0,7
original_fixed,5x5,medium,12,740,C2,1,16.0,4
original_fixed,5x5,medium,12,740,C3,2,19.0,4
original_fixed,5x5,medium,12,740,C4,0,0.0,5
original_fixed,5x5,medium,12,740,C5,1,9.0,3
original_fixed,5x5,medium,12,740,D1,0,0.0,3
original_fixed,5x5,medium,12,740,D2,1,14.0,3
original_fixed,5x5,medium,12,740,D3,0,0.0,5
original_fixed,5x5,medium,12,740,D4,0,0.0,2
original_fixed,5x5,medium,12,740,D5,0,0.0,3
original_fixed,5x5,medium,12,740,E1,3,40.0,5
original_fixed,5x5,medium,12,740,E2,0,0.0,3
original_fixed,5x5,medium,12,740,E3,2,16.0,3
original_fixed,5x5,medium,12,740,E4,1,1.0,3
original_fixed,5x5,medium,12,740,E5,3,38.0,7
original_fixed,5x5,medium,12,740,F1,0,0.0,2
original_fixed,5x5,medium,12,740,F2,2,19.0,2
original_fixed,5x5,medium,12,740,F3,1,10.0,6
original_fixed,5x5,medium,12,740,F4,1,13.0,7
original_fixed,5x5,medium,12,740,F5,0,0.0,5
original_fixed,5x5,medium,12,745,B1,2,33.0,3
original_fixed,5x5,medium,12,745,B2,1,11.0,2
original_fixed,5x5,medium,12,745,B3,1,16.0,4
original_fixed,5x5,medium,12,745,B4,2,43.0,4
original_fixed,5x5,medium,12,745,B5,1,18.0,2
original_fixed,5x5,medium,12,745,C1,2,27.0,6
original_fixed,5x5,medium,12,745,C2,2,22.0,2
original_fixed,5x5,medium,12,745,C3,2,29.0,7
original_fixed,5x5,medium,12,745,C4,0,0.0,3
original_fixed,5x5,medium,12,745,C5,2,18.0,5
original_fixed,5x5,medium,12,745,D1,0,0.0,4
original_fixed,5x5,medium,12,745,D2,1,19.0,5
original_fixed,5x5,medium,12,745,D3,2,8.0,5
original_fixed,5x5,medium,12,745,D4,1,5.0,1
original_fixed,5x5,medium,12,745,D5,0,0.0,1
original_fixed,5x5,medium,12,745,E1,3,55.0,5
original_fixed,5x5,medium,12,745,E2,0,0.0,1
original_fixed,5x5,medium,12,745,E3,2,26.0,5
original_fixed,5x5,medium,12,745,E4,1,6.0,3
original_fixed,5x5,medium,12,745,E5,5,62.0,7
original_fixed,5x5,medium,12,745,F1,0,0.0,4
original_fixed,5x5,medium,12,745,F2,2,29.0,2
original_fixed,5x5,medium,12,745,F3,1,15.0,5
original_fixed,5x5,medium,12,745,F4,1,18.0,6
original_fixed,5x5,medium,12,745,F5,0,0.0,4
original_fixed,5x5,medium,12,750,B1,2,43.0,3
original_fixed,5x5,medium,12,750,B2,1,16.0,3
original_fixed,5x5,medium,12,750,B3,1,21.0,4
original_fixed,5x5,medium,12,750,B4,2,53.0,4
original_fixed,5x5,medium,12,750,B5,1,23.0,2
original_fixed,5x5,medium,12,750,C1,3,40.0,6
original_fixed,5x5,medium,12,750,C2,1,26.0,1
original_fixed,5x5,medium,12,750,C3,2,39.0,7
original_fixed,5x5,medium,12,750,C4,1,5.0,4
original_fixed,5x5,medium,12,750,C5,3,30.0,5
original_fixed,5x5,medium,12,750,D1,1,4.0,4
original_fixed,5x5,medium,12,750,D2,1,24.0,5
original_fixed,5x5,medium,12,750,D3,3,20.0,5
original_fixed,5x5,medium,12,750,D4,1,10.0,3
original_fixed,5x5,medium,12,750,D5,0,0.0,1
original_fixed,5x5,medium,12,750,E1,3,70.0,7
original_fixed,5x5,medium,12,750,E2,1,5.0,1
original_fixed,5x5,medium,12,750,E3,2,36.0,6
original_fixed,5x5,medium,12,750,E4,1,11.0,4
original_fixed,5x5,medium,12,750,E5,5,87.0,8
original_fixed,5x5,medium,12,750,F1,0,0.0,4
original_fixed,5x5,medium,12,750,F2,2,39.0,2
original_fixed,5x5,medium,12,750,F3,1,20.0,7
original_fixed,5x5,medium,12,750,F4,2,27.0,6
original_fixed,5x5,medium,12,750,F5,0,0.0,2
original_fixed,5x5,medium,12,755,B1,2,53.0,4
original_fixed,5x5,medium,12,755,B2,1,21.0,2
original_fixed,5x5,medium,12,755,B3,1,26.0,4
original_fixed,5x5,medium,12,755,B4,4,68.0,5
original_fixed,5x5,medium,12,755,B5,2,31.0,2
original_fixed,5x5,medium,12,755,C1,4,56.0,5
original_fixed,5x5,medium,12,755,C2,1,31.0,1
original_fixed,5x5,medium,12,755,C3,2,49.0,7
original_fixed,5x5,medium,12,755,C4,1,10.0,3
original_fixed,5x5,medium,12,755,C5,3,45.0,4
original_fixed,5x5,medium,12,755,D1,1,9.0,4
original_fixed,5x5,medium,12,755,D2,1,29.0,5
original_fixed,5x5,medium,12,755,D3,3,35.0,6
original_fixed,5x5,medium,12,755,D4,1,15.0,3
original_fixed,5x5,medium,12,755,D5,0,0.0,0
original_fixed,5x5,medium,12,755,E1,4,90.0,7
original_fixed,5x5,medium,12,755,E2,1,10.0,1
original_fixed,5x5,medium,12,755,E3,2,46.0,7
original_fixed,5x5,medium,12,755,E4,1,16.0,2
original_fixed,5x5,medium,12,755,E5,5,112.0,8
original_fixed,5x5,medium,12,755,F1,2,6.0,4
original_fixed,5x5,medium,12,755,F2,2,49.0,2
original_fixed,5x5,medium,12,755,F3,1,25.0,6
original_fixed,5x5,medium,12,755,F4,2,37.0,5
original_fixed,5x5,medium,12,755,F5,0,0.0,2
original_fixed,5x5,medium,12,760,B1,2,63.0,3
original_fixed,5x5,medium,12,760,B2,1,26.0,2
original_fixed,5x5,medium,12,760,B3,2,33.0,5
original_fixed,5x5,medium,12,760,B4,4,88.0,6
original_fixed,5x5,medium,12,760,B5,2,41.0,5
original_fixed,5x5,medium,12,760,C1,5,80.0,5
original_fixed,5x5,medium,12,760,C2,1,36.0,3
original_fixed,5x5,medium,12,760,C3,2,59.0,5
original_fixed,5x5,medium,12,760,C4,1,15.0,2
original_fixed,5x5,medium,12,760,C5,4,63.0,4
original_fixed,5x5,medium,12,760,D1,2,17.0,6
original_fixed,5x5,medium,12,760,D2,1,34.0,3
original_fixed,5x5,medium,12,760,D3,5,57.0,8
original_fixed,5x5,medium,12,760,D4,1,20.0,3
original_fixed,5x5,medium,12,760,D5,0,0.0,0
original_fixed,5x5,medium,12,760,E1,4,110.0,6
original_fixed,5x5,medium,12,760,E2,1,15.0,3
original_fixed,5x5,medium,12,760,E3,2,56.0,5
original_fixed,5x5,medium,12,760,E4,1,21.0,3
original_fixed,5x5,medium,12,760,E5,5,137.0,8
original_fixed,5x5,medium,12,760,F1,2,16.0,4
original_fixed,5x5,medium,12,760,F2,2,59.0,3
original_fixed,5x5,medium,12,760,F3,1,30.0,6
original_fixed,5x5,medium,12,760,F4,2,47.0,5
original_fixed,5x5,medium,12,760,F5,0,0.0,2
original_fixed,5x5,medium,12,765,B1,2,73.0,3
original_fixed,5x5,medium,12,765,B2,2,33.0,2
original_fixed,5x5,medium,12,765,B3,3,47.0,5
original_fixed,5x5,medium,12,765,B4,4,108.0,6
original_fixed,5x5,medium,12,765,B5,2,51.0,5
original_fixed,5x5,medium,12,765,C1,5,105.0,5
original_fixed,5x5,medium,12,765,C2,1,41.0,3
original_fixed,5x5,medium,12,765,C3,3,74.0,5
original_fixed,5x5,medium,12,765,C4,2,21.0,3
original_fixed,5x5,medium,12,765,C5,4,83.0,4
original_fixed,5x5,medium,12,765,D1,4,36.0,7
original_fixed,5x5,medium,12,765,D2,1,39.0,2
original_fixed,5x5,medium,12,765,D3,5,82.0,8
original_fixed,5x5,medium,12,765,D4,2,26.0,4
original_fixed,5x5,medium,12,765,D5,0,0.0,0
original_fixed,5x5,medium,12,765,E1,4,130.0,5
original_fixed,5x5,medium,12,765,E2,1,20.0,3
original_fixed,5x5,medium,12,765,E3,2,66.0,5
original_fixed,5x5,medium,12,765,E4,2,28.0,4
original_fixed,5x5,medium,12,765,E5,5,162.0,8
original_fixed,5x5,medium,12,765,F1,4,32.0,4
original_fixed,5x5,medium,12,765,F2,2,69.0,4
original_fixed,5x5,medium,12,765,F3,2,36.0,7
original_fixed,5x5,medium,12,765,F4,3,59.0,5
original_fixed,5x5,medium,12,765,F5,0,0.0,3
original_fixed,5x5,medium,12,770,B1,1,1.0,1
original_fixed,5x5,medium,12,770,B2,0,0.0,2
original_fixed,5x5,medium,12,770,B3,0,0.0,5
original_fixed,5x5,medium,12,770,B4,0,0.0,3
original_fixed,5x5,medium,12,770,B5,0,0.0,2
original_fixed,5x5,medium,12,770,C1,0,0.0,3
original_fixed,5x5,medium,12,770,C2,0,0.0,4
original_fixed,5x5,medium,12,770,C3,0,0.0,2
original_fixed,5x5,medium,12,770,C4,0,0.0,3
original_fixed,5x5,medium,12,770,C5,0,0.0,2
original_fixed,5x5,medium,12,770,D1,0,0.0,4
original_fixed,5x5,medium,12,770,D2,0,0.0,2
original_fixed,5x5,medium,12,770,D3,0,0.0,8
original_fixed,5x5,medium,12,770,D4,0,0.0,2
original_fixed,5x5,medium,12,770,D5,0,0.0,2
original_fixed,5x5,medium,12,770,E1,1,1.0,3
original_fixed,5x5,medium,12,770,E2,0,0.0,3
original_fixed,5x5,medium,12,770,E3,1,2.0,5
original_fixed,5x5,medium,12,770,E4,1,1.0,4
original_fixed,5x5,medium,12,770,E5,1,2.0,4
original_fixed,5x5,medium,12,770,F1,0,0.0,2
original_fixed,5x5,medium,12,770,F2,0,0.0,3
original_fixed,5x5,medium,12,770,F3,2,6.0,6
original_fixed,5x5,medium,12,770,F4,2,10.0,2
original_fixed,5x5,medium,12,770,F5,1,1.0,4
original_fixed,5x5,medium,12,775,B1,1,6.0,2
original_fixed,5x5,medium,12,775,B2,0,0.0,2
original_fixed,5x5,medium,12,775,B3,0,0.0,5
original_fixed,5x5,medium,12,775,B4,0,0.0,2
original_fixed,5x5,medium,12,775,B5,0,0.0,2
original_fixed,5x5,medium,12,775,C1,0,0.0,4
original_fixed,5x5,medium,12,775,C2,1,2.0,5
original_fixed,5x5,medium,12,775,C3,1,5.0,4
original_fixed,5x5,medium,12,775,C4,0,0.0,5
original_fixed,5x5,medium,12,775,C5,0,0.0,1
original_fixed,5x5,medium,12,775,D1,1,1.0,4
original_fixed,5x5,medium,12,775,D2,0,0.0,3
original_fixed,5x5,medium,12,775,D3,2,3.0,6
original_fixed,5x5,medium,12,775,D4,0,0.0,2
original_fixed,5x5,medium,12,775,D5,0,0.0,5
original_fixed,5x5,medium,12,775,E1,1,6.0,4
original_fixed,5x5,medium,12,775,E2,1,2.0,4
original_fixed,5x5,medium,12,775,E3,1,7.0,7
original_fixed,5x5,medium,12,775,E4,0,0.0,6
original_fixed,5x5,medium,12,775,E5,1,7.0,2
original_fixed,5x5,medium,12,775,F1,0,0.0,3
original_fixed,5x5,medium,12,775,F2,0,0.0,4
original_fixed,5x5,medium,12,775,F3,3,20.0,6
original_fixed,5x5,medium,12,775,F4,2,20.0,3
original_fixed,5x5,medium,12,775,F5,2,7.0,5
original_fixed,5x5,medium,12,780,B1,1,11.0,2
original_fixed,5x5,medium,12,780,B2,0,0.0,5
original_fixed,5x5,medium,12,780,B3,0,0.0,4
original_fixed,5x5,medium,12,780,B4,1,2.0,2
original_fixed,5x5,medium,12,780,B5,0,0.0,3
original_fixed,5x5,medium,12,780,C1,0,0.0,5
original_fixed,5x5,medium,12,780,C2,2,11.0,5
original_fixed,5x5,medium,12,780,C3,2,14.0,4
original_fixed,5x5,medium,12,780,C4,0,0.0,5
original_fixed,5x5,medium,12,780,C5,0,0.0,2
original_fixed,5x5,medium,12,780,D1,2,9.0,5
original_fixed,5x5,medium,12,780,D2,0,0.0,4
original_fixed,5x5,medium,12,780,D3,0,0.0,6
original_fixed,5x5,medium,12,780,D4,0,0.0,2
original_fixed,5x5,medium,12,780,D5,0,0.0,6
original_fixed,5x5,medium,12,780,E1,1,11.0,5
original_fixed,5x5,medium,12,780,E2,1,7.0,4
original_fixed,5x5,medium,12,780,E3,1,12.0,8
original_fixed,5x5,medium,12,780,E4,1,5.0,6
original_fixed,5x5,medium,12,780,E5,1,12.0,2
original_fixed,5x5,medium,12,780,F1,0,0.0,4
original_fixed,5x5,medium,12,780,F2,1,2.0,4
original_fixed,5x5,medium,12,780,F3,4,36.0,6
original_fixed,5x5,medium,12,780,F4,2,30.0,3
original_fixed,5x5,medium,12,780,F5,2,17.0,4
original_fixed,5x5,medium,12,785,B1,1,16.0,2
original_fixed,5x5,medium,12,785,B2,0,0.0,3
original_fixed,5x5,medium,12,785,B3,0,0.0,3
original_fixed,5x5,medium,12,785,B4,1,7.0,3
original_fixed,5x5,medium,12,785,B5,0,0.0,3
original_fixed,5x5,medium,12,785,C1,1,2.0,5
original_fixed,5x5,medium,12,785,C2,2,21.0,5
original_fixed,5x5,medium,12,785,C3,2,24.0,5
original_fixed,5x5,medium,12,785,C4,0,0.0,3
original_fixed,5x5,medium,12,785,C5,0,0.0,2
original_fixed,5x5,medium,12,785,D1,2,19.0,3
original_fixed,5x5,medium,12,785,D2,0,0.0,6
original_fixed,5x5,medium,12,785,D3,0,0.0,4
original_fixed,5x5,medium,12,785,D4,0,0.0,1
original_fixed,5x5,medium,12,785,D5,0,0.0,6
original_fixed,5x5,medium,12,785,E1,1,16.0,5
original_fixed,5x5,medium,12,785,E2,1,12.0,3
original_fixed,5x5,medium,12,785,E3,1,17.0,7
original_fixed,5x5,medium,12,785,E4,2,14.0,5
original_fixed,5x5,medium,12,785,E5,1,17.0,5
original_fixed,5x5,medium,12,785,F1,0,0.0,4
original_fixed,5x5,medium,12,785,F2,2,10.0,5
original_fixed,5x5,medium,12,785,F3,4,56.0,7
original_fixed,5x5,medium,12,785,F4,2,40.0,4
original_fixed,5x5,medium,12,785,F5,2,27.0,3
original_fixed,5x5,medium,12,790,B1,2,22.0,4
original_fixed,5x5,medium,12,790,B2,0,0.0,3
original_fixed,5x5,medium,12,790,B3,1,4.0,3
original_fixed,5x5,medium,12,790,B4,1,12.0,4
original_fixed,5x5,medium,12,790,B5,0,0.0,2
original_fixed,5x5,medium,12,790,C1,1,7.0,4
original_fixed,5x5,medium,12,790,C2,2,31.0,5
original_fixed,5x5,medium,12,790,C3,3,36.0,5
original_fixed,5x5,medium,12,790,C4,2,5.0,4
original_fixed,5x5,medium,12,790,C5,0,0.0,3
original_fixed,5x5,medium,12,790,D1,2,29.0,3
original_fixed,5x5,medium,12,790,D2,0,0.0,5
original_fixed,5x5,medium,12,790,D3,2,6.0,7
original_fixed,5x5,medium,12,790,D4,0,0.0,5
original_fixed,5x5,medium,12,790,D5,0,0.0,3
original_fixed,5x5,medium,12,790,E1,2,24.0,5
original_fixed,5x5,medium,12,790,E2,2,18.0,4
original_fixed,5x5,medium,12,790,E3,2,26.0,7
original_fixed,5x5,medium,12,790,E4,3,29.0,5
original_fixed,5x5,medium,12,790,E5,1,22.0,5
original_fixed,5x5,medium,12,790,F1,0,0.0,4
original_fixed,5x5,medium,12,790,F2,3,22.0,5
original_fixed,5x5,medium,12,790,F3,5,80.0,7
original_fixed,5x5,medium,12,790,F4,2,50.0,4
original_fixed,5x5,medium,12,790,F5,2,37.0,3
original_fixed,5x5,medium,12,795,B1,2,32.0,5
original_fixed,5x5,medium,12,795,B2,0,0.0,2
original_fixed,5x5,medium,12,795,B3,1,9.0,2
original_fixed,5x5,medium,12,795,B4,1,17.0,6
original_fixed,5x5,medium,12,795,B5,0,0.0,0
original_fixed,5x5,medium,12,795,C1,2,13.0,3
original_fixed,5x5,medium,12,795,C2,4,50.0,6
original_fixed,5x5,medium,12,795,C3,3,51.0,6
original_fixed,5x5,medium,12,795,C4,2,14.0,4
original_fixed,5x5,medium,12,795,C5,0,0.0,4
original_fixed,5x5,medium,12,795,D1,2,39.0,3
original_fixed,5x5,medium,12,795,D2,2,5.0,6
original_fixed,5x5,medium,12,795,D3,2,16.0,7
original_fixed,5x5,medium,12,795,D4,0,0.0,5
original_fixed,5x5,medium,12,795,D5,0,0.0,3
original_fixed,5x5,medium,12,795,E1,2,34.0,4
original_fixed,5x5,medium,12,795,E2,3,32.0,4
original_fixed,5x5,medium,12,795,E3,3,41.0,6
original_fixed,5x5,medium,12,795,E4,3,44.0,5
original_fixed,5x5,medium,12,795,E5,1,27.0,4
original_fixed,5x5,medium,12,795,F1,2,6.0,4
original_fixed,5x5,medium,12,795,F2,3,37.0,5
original_fixed,5x5,medium,12,795,F3,5,105.0,6
original_fixed,5x5,medium,12,795,F4,2,60.0,4
original_fixed,5x5,medium,12,795,F5,3,51.0,3
original_fixed,5x5,medium,12,800,B1,2,42.0,5
original_fixed,5x5,medium,12,800,B2,2,8.0,2
original_fixed,5x5,medium,12,800,B3,1,14.0,3
original_fixed,5x5,medium,12,800,B4,1,22.0,5
original_fixed,5x5,medium,12,800,B5,0,0.0,1
original_fixed,5x5,medium,12,800,C1,3,28.0,3
original_fixed,5x5,medium,12,800,C2,4,70.0,6
original_fixed,5x5,medium,12,800,C3,3,66.0,5
original_fixed,5x5,medium,12,800,C4,2,24.0,4
original_fixed,5x5,medium,12,800,C5,0,0.0,3
original_fixed,5x5,medium,12,800,D1,2,49.0,4
original_fixed,5x5,medium,12,800,D2,3,18.0,4
original_fixed,5x5,medium,12,800,D3,2,26.0,5
original_fixed,5x5,medium,12,800,D4,0,0.0,5
original_fixed,5x5,medium,12,800,D5,0,0.0,2
original_fixed,5x5,medium,12,800,E1,1,13.0,3
original_fixed,5x5,medium,12,800,E2,3,47.0,5
original_fixed,5x5,medium,12,800,E3,3,56.0,5
original_fixed,5x5,medium,12,800,E4,3,59.0,5
original_fixed,5x5,medium,12,800,E5,1,32.0,2
original_fixed,5x5,medium,12,800,F1,2,16.0,5
original_fixed,5x5,medium,12,800,F2,3,52.0,6
original_fixed,5x5,medium,12,800,F3,5,130.0,7
original_fixed,5x5,medium,12,800,F4,2,70.0,4
original_fixed,5x5,medium,12,800,F5,3,66.0,4
original_fixed,5x5,medium,12,805,B1,2,52.0,3
original_fixed,5x5,medium,12,805,B2,2,18.0,3
original_fixed,5x5,medium,12,805,B3,2,20.0,5
original_fixed,5x5,medium,12,805,B4,1,27.0,6
original_fixed,5x5,medium,12,805,B5,0,0.0,2
original_fixed,5x5,medium,12,805,C1,3,43.0,3
original_fixed,5x5,medium,12,805,C2,4,90.0,5
original_fixed,5x5,medium,12,805,C3,3,81.0,5
original_fixed,5x5,medium,12,805,C4,2,34.0,6
original_fixed,5x5,medium,12,805,C5,0,0.0,2
original_fixed,5x5,medium,12,805,D1,2,59.0,5
original_fixed,5x5,medium,12,805,D2,3,33.0,6
original_fixed,5x5,medium,12,805,D3,2,36.0,4
original_fixed,5x5,medium,12,805,D4,1,1.0,4
original_fixed,5x5,medium,12,805,D5,0,0.0,2
original_fixed,5x5,medium,12,805,E1,0,0.0,1
original_fixed,5x5,medium,12,805,E2,3,62.0,5
original_fixed,5x5,medium,12,805,E3,4,74.0,7
original_fixed,5x5,medium,12,805,E4,3,74.0,4
original_fixed,5x5,medium,12,805,E5,1,37.0,2
original_fixed,5x5,medium,12,805,F1,2,26.0,4
original_fixed,5x5,medium,12,805,F2,5,73.0,6
original_fixed,5x5,medium,12,805,F3,5,155.0,6
original_fixed,5x5,medium,12,805,F4,3,84.0,4
original_fixed,5x5,medium,12,805,F5,3,81.0,6
original_fixed,5x5,medium,12,810,B1,3,64.0,3
original_fixed,5x5,medium,12,810,B2,2,28.0,3
original_fixed,5x5,medium,12,810,B3,2,30.0,6
original_fixed,5x5,medium,12,810,B4,2,36.0,6
original_fixed,5x5,medium,12,810,B5,0,0.0,3
original_fixed,5x5,medium,12,810,C1,3,58.0,4
original_fixed,5x5,medium,12,810,C2,4,110.0,6
original_fixed,5x5,medium,12,810,C3,3,96.0,5
original_fixed,5x5,medium,12,810,C4,3,47.0,6
original_fixed,5x5,medium,12,810,C5,0,0.0,1
original_fixed,5x5,medium,12,810,D1,2,69.0,5
original_fixed,5x5,medium,12,810,D2,3,48.0,7
original_fixed,5x5,medium,12,810,D3,3,50.0,3
original_fixed,5x5,medium,12,810,D4,1,6.0,4
original_fixed,5x5,medium,12,810,D5,0,0.0,2
original_fixed,5x5,medium,12,810,E1,1,4.0,1
original_fixed,5x5,medium,12,810,E2,3,77.0,4
original_fixed,5x5,medium,12,810,E3,5,96.0,7
original_fixed,5x5,medium,12,810,E4,3,89.0,5
original_fixed,5x5,medium,12,810,E5,1,42.0,3
original_fixed,5x5,medium,12,810,F1,2,36.0,4
original_fixed,5x5,medium,12,810,F2,5,98.0,6
original_fixed,5x5,medium,12,810,F3,5,180.0,6
original_fixed,5x5,medium,12,810,F4,4,104.0,4
original_fixed,5x5,medium,12,810,F5,3,96.0,6
original_fixed,5x5,medium,12,815,B1,1,7.0,1
original_fixed,5x5,medium,12,815,B2,0,0.0,2
original_fixed,5x5,medium,12,815,B3,0,0.0,4
original_fixed,5x5,medium,12,815,B4,1,2.0,4
original_fixed,5x5,medium,12,815,B5,0,0.0,5
original_fixed,5x5,medium,12,815,C1,0,0.0,5
original_fixed,5x5,medium,12,815,C2,0,0.0,5
original_fixed,5x5,medium,12,815,C3,0,0.0,6
original_fixed,5x5,medium,12,815,C4,0,0.0,4
original_fixed,5x5,medium,12,815,C5,0,0.0,0
original_fixed,5x5,medium,12,815,D1,0,0.0,4
original_fixed,5x5,medium,12,815,D2,0,0.0,8
original_fixed,5x5,medium,12,815,D3,0,0.0,1
original_fixed,5x5,medium,12,815,D4,0,0.0,4
original_fixed,5x5,medium,12,815,D5,1,1.0,2
original_fixed,5x5,medium,12,815,E1,0,0.0,0
original_fixed,5x5,medium,12,815,E2,0,0.0,4
original_fixed,5x5,medium,12,815,E3,0,0.0,5
original_fixed,5x5,medium,12,815,E4,0,0.0,3
original_fixed,5x5,medium,12,815,E5,0,0.0,2
original_fixed,5x5,medium,12,815,F1,0,0.0,3
original_fixed,5x5,medium,12,815,F2,0,0.0,4
original_fixed,5x5,medium,12,815,F3,0,0.0,4
original_fixed,5x5,medium,12,815,F4,0,0.0,2
original_fixed,5x5,medium,12,815,F5,0,0.0,5
original_fixed,5x5,medium,12,820,B1,1,12.0,2
original_fixed,5x5,medium,12,820,B2,0,0.0,4
original_fixed,5x5,medium,12,820,B3,0,0.0,2
original_fixed,5x5,medium,12,820,B4,1,3.0,4
original_fixed,5x5,medium,12,820,B5,1,2.0,5
original_fixed,5x5,medium,12,820,C1,0,0.0,7
original_fixed,5x5,medium,12,820,C2,0,0.0,7
original_fixed,5x5,medium,12,820,C3,1,2.0,6
original_fixed,5x5,medium,12,820,C4,1,1.0,5
original_fixed,5x5,medium,12,820,C5,0,0.0,0
original_fixed,5x5,medium,12,820,D1,1,2.0,5
original_fixed,5x5,medium,12,820,D2,0,0.0,5
original_fixed,5x5,medium,12,820,D3,0,0.0,2
original_fixed,5x5,medium,12,820,D4,1,4.0,5
original_fixed,5x5,medium,12,820,D5,1,6.0,3
original_fixed,5x5,medium,12,820,E1,0,0.0,1
original_fixed,5x5,medium,12,820,E2,0,0.0,7
original_fixed,5x5,medium,12,820,E3,0,0.0,3
original_fixed,5x5,medium,12,820,E4,0,0.0,2
original_fixed,5x5,medium,12,820,E5,1,5.0,3
original_fixed,5x5,medium,12,820,F1,1,3.0,4
original_fixed,5x5,medium,12,820,F2,0,0.0,7
original_fixed,5x5,medium,12,820,F3,0,0.0,4
original_fixed,5x5,medium,12,820,F4,0,0.0,1
original_fixed,5x5,medium,12,820,F5,1,3.0,5
original_fixed,5x5,medium,12,825,B1,1,17.0,2
original_fixed,5x5,medium,12,825,B2,0,0.0,4
original_fixed,5x5,medium,12,825,B3,0,0.0,1
original_fixed,5x5,medium,12,825,B4,1,8.0,3
original_fixed,5x5,medium,12,825,B5,3,10.0,5
original_fixed,5x5,medium,12,825,C1,1,3.0,7
original_fixed,5x5,medium,12,825,C2,1,2.0,7
original_fixed,5x5,medium,12,825,C3,2,10.0,6
original_fixed,5x5,medium,12,825,C4,2,10.0,6
original_fixed,5x5,medium,12,825,C5,0,0.0,1
original_fixed,5x5,medium,12,825,D1,2,8.0,5
original_fixed,5x5,medium,12,825,D2,1,4.0,4
original_fixed,5x5,medium,12,825,D3,0,0.0,4
original_fixed,5x5,medium,12,825,D4,3,19.0,5
original_fixed,5x5,medium,12,825,D5,1,11.0,2
original_fixed,5x5,medium,12,825,E1,0,0.0,1
original_fixed,5x5,medium,12,825,E2,0,0.0,8
original_fixed,5x5,medium,12,825,E3,0,0.0,5
original_fixed,5x5,medium,12,825,E4,1,1.0,3
original_fixed,5x5,medium,12,825,E5,1,10.0,5
original_fixed,5x5,medium,12,825,F1,1,8.0,4
original_fixed,5x5,medium,12,825,F2,0,0.0,5
original_fixed,5x5,medium,12,825,F3,0,0.0,4
original_fixed,5x5,medium,12,825,F4,0,0.0,1
original_fixed,5x5,medium,12,825,F5,2,9.0,6
original_fixed,5x5,medium,12,830,B1,1,22.0,1
original_fixed,5x5,medium,12,830,B2,0,0.0,4
original_fixed,5x5,medium,12,830,B3,0,0.0,1
original_fixed,5x5,medium,12,830,B4,1,13.0,3
original_fixed,5x5,medium,12,830,B5,3,25.0,6
original_fixed,5x5,medium,12,830,C1,1,8.0,5
original_fixed,5x5,medium,12,830,C2,2,9.0,7
original_fixed,5x5,medium,12,830,C3,2,20.0,5
original_fixed,5x5,medium,12,830,C4,2,20.0,6
original_fixed,5x5,medium,12,830,C5,0,0.0,1
original_fixed,5x5,medium,12,830,D1,2,18.0,3
original_fixed,5x5,medium,12,830,D2,2,10.0,4
original_fixed,5x5,medium,12,830,D3,0,0.0,4
original_fixed,5x5,medium,12,830,D4,3,34.0,5
original_fixed,5x5,medium,12,830,D5,1,16.0,3
original_fixed,5x5,medium,12,830,E1,0,0.0,3
original_fixed,5x5,medium,12,830,E2,0,0.0,7
original_fixed,5x5,medium,12,830,E3,0,0.0,5
original_fixed,5x5,medium,12,830,E4,1,6.0,3
original_fixed,5x5,medium,12,830,E5,2,20.0,6
original_fixed,5x5,medium,12,830,F1,1,13.0,3
original_fixed,5x5,medium,12,830,F2,0,0.0,4
original_fixed,5x5,medium,12,830,F3,0,0.0,4
original_fixed,5x5,medium,12,830,F4,0,0.0,1
original_fixed,5x5,medium,12,830,F5,2,19.0,6
original_fixed,5x5,medium,12,835,B1,1,27.0,2
original_fixed,5x5,medium,12,835,B2,1,5.0,4
original_fixed,5x5,medium,12,835,B3,0,0.0,1
original_fixed,5x5,medium,12,835,B4,1,18.0,3
original_fixed,5x5,medium,12,835,B5,4,45.0,5
original_fixed,5x5,medium,12,835,C1,4,18.0,7
original_fixed,5x5,medium,12,835,C2,4,23.0,7
original_fixed,5x5,medium,12,835,C3,3,33.0,4
original_fixed,5x5,medium,12,835,C4,3,32.0,6
original_fixed,5x5,medium,12,835,C5,0,0.0,1
original_fixed,5x5,medium,12,835,D1,2,28.0,3
original_fixed,5x5,medium,12,835,D2,2,20.0,6
original_fixed,5x5,medium,12,835,D3,1,2.0,4
original_fixed,5x5,medium,12,835,D4,3,49.0,5
original_fixed,5x5,medium,12,835,D5,1,21.0,2
original_fixed,5x5,medium,12,835,E1,0,0.0,2
original_fixed,5x5,medium,12,835,E2,2,5.0,5
original_fixed,5x5,medium,12,835,E3,0,0.0,5
original_fixed,5x5,medium,12,835,E4,1,11.0,3
original_fixed,5x5,medium,12,835,E5,2,30.0,6
original_fixed,5x5,medium,12,835,F1,2,20.0,5
original_fixed,5x5,medium,12,835,F2,0,0.0,3
original_fixed,5x5,medium,12,835,F3,1,3.0,4
original_fixed,5x5,medium,12,835,F4,0,0.0,2
original_fixed,5x5,medium,12,835,F5,4,36.0,5
original_fixed,5x5,medium,12,840,B1,1,32.0,2
original_fixed,5x5,medium,12,840,B2,1,10.0,7
original_fixed,5x5,medium,12,840,B3,0,0.0,1
original_fixed,5x5,medium,12,840,B4,2,25.0,3
original_fixed,5x5,medium,12,840,B5,4,65.0,5
original_fixed,5x5,medium,12,840,C1,4,38.0,7
original_fixed,5x5,medium,12,840,C2,1,8.0,7
original_fixed,5x5,medium,12,840,C3,4,52.0,5
original_fixed,5x5,medium,12,840,C4,4,49.0,7
original_fixed,5x5,medium,12,840,C5,0,0.0,1
original_fixed,5x5,medium,12,840,D1,2,38.0,3
original_fixed,5x5,medium,12,840,D2,2,30.0,6
original_fixed,5x5,medium,12,840,D3,1,7.0,3
original_fixed,5x5,medium,12,840,D4,4,66.0,7
original_fixed,5x5,medium,12,840,D5,1,26.0,2
original_fixed,5x5,medium,12,840,E1,0,0.0,4
original_fixed,5x5,medium,12,840,E2,4,22.0,5
original_fixed,5x5,medium,12,840,E3,2,6.0,6
original_fixed,5x5,medium,12,840,E4,2,19.0,3
original_fixed,5x5,medium,12,840,E5,4,47.0,6
original_fixed,5x5,medium,12,840,F1,2,30.0,5
original_fixed,5x5,medium,12,840,F2,0,0.0,3
original_fixed,5x5,medium,12,840,F3,1,8.0,2
original_fixed,5x5,medium,12,840,F4,1,2.0,2
original_fixed,5x5,medium,12,840,F5,4,56.0,4
original_fixed,5x5,medium,12,845,B1,1,37.0,3
original_fixed,5x5,medium,12,845,B2,1,15.0,7
original_fixed,5x5,medium,12,845,B3,0,0.0,1
original_fixed,5x5,medium,12,845,B4,3,40.0,3
original_fixed,5x5,medium,12,845,B5,4,85.0,5
original_fixed,5x5,medium,12,845,C1,4,58.0,7
original_fixed,5x5,medium,12,845,C2,1,13.0,4
original_fixed,5x5,medium,12,845,C3,4,72.0,7
original_fixed,5x5,medium,12,845,C4,5,74.0,7
original_fixed,5x5,medium,12,845,C5,0,0.0,1
original_fixed,5x5,medium,12,845,D1,2,48.0,5
original_fixed,5x5,medium,12,845,D2,2,40.0,5
original_fixed,5x5,medium,12,845,D3,2,17.0,4
original_fixed,5x5,medium,12,845,D4,4,86.0,9
original_fixed,5x5,medium,12,845,D5,1,31.0,1
original_fixed,5x5,medium,12,845,E1,1,2.0,3
original_fixed,5x5,medium,12,845,E2,4,42.0,5
original_fixed,5x5,medium,12,845,E3,3,18.0,6
original_fixed,5x5,medium,12,845,E4,2,29.0,3
original_fixed,5x5,medium,12,845,E5,5,72.0,5
original_fixed,5x5,medium,12,845,F1,2,40.0,6
original_fixed,5x5,medium,12,845,F2,1,5.0,2
original_fixed,5x5,medium,12,845,F3,1,13.0,1
original_fixed,5x5,medium,12,845,F4,1,7.0,3
original_fixed,5x5,medium,12,845,F5,4,76.0,4
original_fixed,5x5,medium,12,850,B1,1,42.0,3
original_fixed,5x5,medium,12,850,B2,1,20.0,6
original_fixed,5x5,medium,12,850,B3,1,2.0,1
original_fixed,5x5,medium,12,850,B4,3,55.0,4
original_fixed,5x5,medium,12,850,B5,4,105.0,4
original_fixed,5x5,medium,12,850,C1,5,80.0,5
original_fixed,5x5,medium,12,850,C2,3,23.0,5
original_fixed,5x5,medium,12,850,C3,4,92.0,8
original_fixed,5x5,medium,12,850,C4,5,99.0,7
original_fixed,5x5,medium,12,850,C5,0,0.0,2
original_fixed,5x5,medium,12,850,D1,2,58.0,4
original_fixed,5x5,medium,12,850,D2,4,58.0,5
original_fixed,5x5,medium,12,850,D3,2,27.0,5
original_fixed,5x5,medium,12,850,D4,4,106.0,9
original_fixed,5x5,medium,12,850,D5,1,36.0,1
original_fixed,5x5,medium,12,850,E1,1,7.0,3
original_fixed,5x5,medium,12,850,E2,5,63.0,5
original_fixed,5x5,medium,12,850,E3,3,33.0,4
original_fixed,5x5,medium,12,850,E4,2,39.0,4
original_fixed,5x5,medium,12,850,E5,5,97.0,6
original_fixed,5x5,medium,12,850,F1,2,50.0,4
original_fixed,5x5,medium,12,850,F2,1,10.0,1
original_fixed,5x5,medium,12,850,F3,1,18.0,2
original_fixed,5x5,medium,12,850,F4,1,12.0,2
original_fixed,5x5,medium,12,850,F5,4,96.0,5
original_fixed,5x5,medium,12,855,B1,1,47.0,4
original_fixed,5x5,medium,12,855,B2,4,35.0,6
original_fixed,5x5,medium,12,855,B3,1,7.0,1
original_fixed,5x5,medium,12,855,B4,3,70.0,6
original_fixed,5x5,medium,12,855,B5,4,125.0,4
original_fixed,5x5,medium,12,855,C1,5,105.0,5
original_fixed,5x5,medium,12,855,C2,4,41.0,5
original_fixed,5x5,medium,12,855,C3,4,112.0,7
original_fixed,5x5,medium,12,855,C4,6,125.0,6
original_fixed,5x5,medium,12,855,C5,0,0.0,2
original_fixed,5x5,medium,12,855,D1,2,68.0,5
original_fixed,5x5,medium,12,855,D2,4,78.0,5
original_fixed,5x5,medium,12,855,D3,2,37.0,6
original_fixed,5x5,medium,12,855,D4,4,126.0,9
original_fixed,5x5,medium,12,855,D5,1,41.0,2
original_fixed,5x5,medium,12,855,E1,1,12.0,3
original_fixed,5x5,medium,12,855,E2,5,88.0,5
original_fixed,5x5,medium,12,855,E3,2,28.0,4
original_fixed,5x5,medium,12,855,E4,2,49.0,5
original_fixed,5x5,medium,12,855,E5,5,122.0,7
original_fixed,5x5,medium,12,855,F1,3,65.0,4
original_fixed,5x5,medium,12,855,F2,1,15.0,1
original_fixed,5x5,medium,12,855,F3,1,23.0,3
original_fixed,5x5,medium,12,855,F4,1,17.0,2
original_fixed,5x5,medium,12,855,F5,4,116.0,6
original_fixed,5x5,medium,12,860,B1,1,1.0,3
original_fixed,5x5,medium,12,860,B2,0,0.0,3
original_fixed,5x5,medium,12,860,B3,0,0.0,2
original_fixed,5x5,medium,12,860,B4,0,0.0,4
original_fixed,5x5,medium,12,860,B5,0,0.0,2
original_fixed,5x5,medium,12,860,C1,0,0.0,4
original_fixed,5x5,medium,12,860,C2,0,0.0,3
original_fixed,5x5,medium,12,860,C3,2,3.0,7
original_fixed,5x5,medium,12,860,C4,0,0.0,2
original_fixed,5x5,medium,12,860,C5,1,4.0,4
original_fixed,5x5,medium,12,860,D1,1,3.0,5
original_fixed,5x5,medium,12,860,D2,0,0.0,4
original_fixed,5x5,medium,12,860,D3,1,4.0,6
original_fixed,5x5,medium,12,860,D4,1,2.0,10
original_fixed,5x5,medium,12,860,D5,0,0.0,2
original_fixed,5x5,medium,12,860,E1,1,3.0,3
original_fixed,5x5,medium,12,860,E2,0,0.0,3
original_fixed,5x5,medium,12,860,E3,1,5.0,3
original_fixed,5x5,medium,12,860,E4,0,0.0,4
original_fixed,5x5,medium,12,860,E5,0,0.0,3
original_fixed,5x5,medium,12,860,F1,0,0.0,3
original_fixed,5x5,medium,12,860,F2,0,0.0,1
original_fixed,5x5,medium,12,860,F3,0,0.0,3
original_fixed,5x5,medium,12,860,F4,1,3.0,4
original_fixed,5x5,medium,12,860,F5,0,0.0,5
original_fixed,5x5,medium,12,865,B1,2,7.0,3
original_fixed,5x5,medium,12,865,B2,0,0.0,1
original_fixed,5x5,medium,12,865,B3,0,0.0,4
original_fixed,5x5,medium,12,865,B4,1,2.0,6
original_fixed,5x5,medium,12,865,B5,0,0.0,0
original_fixed,5x5,medium,12,865,C1,0,0.0,3
original_fixed,5x5,medium,12,865,C2,0,0.0,3
original_fixed,5x5,medium,12,865,C3,3,16.0,7
original_fixed,5x5,medium,12,865,C4,0,0.0,0
original_fixed,5x5,medium,12,865,C5,1,9.0,5
original_fixed,5x5,medium,12,865,D1,1,8.0,5
original_fixed,5x5,medium,12,865,D2,1,1.0,7
original_fixed,5x5,medium,12,865,D3,1,9.0,8
original_fixed,5x5,medium,12,865,D4,3,15.0,11
original_fixed,5x5,medium,12,865,D5,0,0.0,5
original_fixed,5x5,medium,12,865,E1,1,8.0,3
original_fixed,5x5,medium,12,865,E2,0,0.0,2
original_fixed,5x5,medium,12,865,E3,1,10.0,2
original_fixed,5x5,medium,12,865,E4,0,0.0,4
original_fixed,5x5,medium,12,865,E5,0,0.0,4
original_fixed,5x5,medium,12,865,F1,1,3.0,4
original_fixed,5x5,medium,12,865,F2,0,0.0,1
original_fixed,5x5,medium,12,865,F3,0,0.0,3
original_fixed,5x5,medium,12,865,F4,1,8.0,4
original_fixed,5x5,medium,12,865,F5,1,5.0,5
original_fixed,5x5,medium,12,870,B1,2,17.0,3
original_fixed,5x5,medium,12,870,B2,0,0.0,0
original_fixed,5x5,medium,12,870,B3,0,0.0,5
original_fixed,5x5,medium,12,870,B4,1,7.0,6
original_fixed,5x5,medium,12,870,B5,0,0.0,0
original_fixed,5x5,medium,12,870,C1,0,0.0,3
original_fixed,5x5,medium,12,870,C2,0,0.0,4
original_fixed,5x5,medium,12,870,C3,3,31.0,8
original_fixed,5x5,medium,12,870,C4,0,0.0,0
original_fixed,5x5,medium,12,870,C5,2,18.0,5
original_fixed,5x5,medium,12,870,D1,1,13.0,6
original_fixed,5x5,medium,12,870,D2,1,6.0,8
original_fixed,5x5,medium,12,870,D3,2,19.0,8
original_fixed,5x5,medium,12,870,D4,4,32.0,10
original_fixed,5x5,medium,12,870,D5,0,0.0,7
original_fixed,5x5,medium,12,870,E1,1,13.0,4
original_fixed,5x5,medium,12,870,E2,0,0.0,2
original_fixed,5x5,medium,12,870,E3,1,15.0,2
original_fixed,5x5,medium,12,870,E4,1,2.0,4
original_fixed,5x5,medium,12,870,E5,1,1.0,4
original_fixed,5x5,medium,12,870,F1,1,8.0,5
original_fixed,5x5,medium,12,870,F2,0,0.0,1
original_fixed,5x5,medium,12,870,F3,1,5.0,2
original_fixed,5x5,medium,12,870,F4,1,13.0,5
original_fixed,5x5,medium,12,870,F5,0,0.0,5
original_fixed,5x5,medium,12,875,B1,2,27.0,4
original_fixed,5x5,medium,12,875,B2,0,0.0,0
original_fixed,5x5,medium,12,875,B3,0,0.0,4
original_fixed,5x5,medium,12,875,B4,2,13.0,5
original_fixed,5x5,medium,12,875,B5,0,0.0,0
original_fixed,5x5,medium,12,875,C1,0,0.0,3
original_fixed,5x5,medium,12,875,C2,0,0.0,4
original_fixed,5x5,medium,12,875,C3,4,48.0,7
original_fixed,5x5,medium,12,875,C4,0,0.0,0
original_fixed,5x5,medium,12,875,C5,2,28.0,6
original_fixed,5x5,medium,12,875,D1,1,18.0,4
original_fixed,5x5,medium,12,875,D2,1,11.0,8
original_fixed,5x5,medium,12,875,D3,3,30.0,7
original_fixed,5x5,medium,12,875,D4,4,52.0,7
original_fixed,5x5,medium,12,875,D5,1,4.0,7
original_fixed,5x5,medium,12,875,E1,1,18.0,4
original_fixed,5x5,medium,12,875,E2,0,0.0,1
original_fixed,5x5,medium,12,875,E3,1,20.0,1
original_fixed,5x5,medium,12,875,E4,3,12.0,5
original_fixed,5x5,medium,12,875,E5,1,6.0,5
original_fixed,5x5,medium,12,875,F1,1,13.0,3
original_fixed,5x5,medium,12,875,F2,0,0.0,1
original_fixed,5x5,medium,12,875,F3,1,10.0,2
original_fixed,5x5,medium,12,875,F4,1,18.0,5
original_fixed,5x5,medium,12,875,F5,1,3.0,3
original_fixed,5x5,medium,12,880,B1,2,37.0,4
original_fixed,5x5,medium,12,880,B2,0,0.0,1
original_fixed,5x5,medium,12,880,B3,1,1.0,2
original_fixed,5x5,medium,12,880,B4,3,24.0,3
original_fixed,5x5,medium,12,880,B5,0,0.0,4
original_fixed,5x5,medium,12,880,C1,0,0.0,4
original_fixed,5x5,medium,12,880,C2,0,0.0,7
original_fixed,5x5,medium,12,880,C3,4,68.0,7
original_fixed,5x5,medium,12,880,C4,0,0.0,1
original_fixed,5x5,medium,12,880,C5,2,38.0,6
original_fixed,5x5,medium,12,880,D1,1,23.0,4
original_fixed,5x5,medium,12,880,D2,1,16.0,4
original_fixed,5x5,medium,12,880,D3,4,48.0,6
original_fixed,5x5,medium,12,880,D4,6,78.0,6
original_fixed,5x5,medium,12,880,D5,2,12.0,9
original_fixed,5x5,medium,12,880,E1,2,27.0,4
original_fixed,5x5,medium,12,880,E2,0,0.0,2
original_fixed,5x5,medium,12,880,E3,1,25.0,2
original_fixed,5x5,medium,12,880,E4,4,29.0,5
original_fixed,5x5,medium,12,880,E5,2,12.0,3
original_fixed,5x5,medium,12,880,F1,1,18.0,2
original_fixed,5x5,medium,12,880,F2,0,0.0,1
original_fixed,5x5,medium,12,880,F3,2,17.0,5
original_fixed,5x5,medium,12,880,F4,2,28.0,4
original_fixed,5x5,medium,12,880,F5,1,8.0,2
original_fixed,5x5,medium,12,885,B1,3,51.0,3
original_fixed,5x5,medium,12,885,B2,0,0.0,2
original_fixed,5x5,medium,12,885,B3,1,6.0,3
original_fixed,5x5,medium,12,885,B4,2,28.0,2
original_fixed,5x5,medium,12,885,B5,0,0.0,5
original_fixed,5x5,medium,12,885,C1,1,1.0,4
original_fixed,5x5,medium,12,885,C2,1,5.0,7
original_fixed,5x5,medium,12,885,C3,5,90.0,8
original_fixed,5x5,medium,12,885,C4,0,0.0,3
original_fixed,5x5,medium,12,885,C5,3,52.0,6
original_fixed,5x5,medium,12,885,D1,2,29.0,4
original_fixed,5x5,medium,12,885,D2,1,21.0,4
original_fixed,5x5,medium,12,885,D3,5,71.0,6
original_fixed,5x5,medium,12,885,D4,5,102.0,5
original_fixed,5x5,medium,12,885,D5,3,25.0,10
original_fixed,5x5,medium,12,885,E1,2,37.0,4
original_fixed,5x5,medium,12,885,E2,0,0.0,2
original_fixed,5x5,medium,12,885,E3,1,30.0,3
original_fixed,5x5,medium,12,885,E4,4,49.0,6
original_fixed,5x5,medium,12,885,E5,2,22.0,3
original_fixed,5x5,medium,12,885,F1,1,23.0,3
original_fixed,5x5,medium,12,885,F2,0,0.0,0
original_fixed,5x5,medium,12,885,F3,2,27.0,5
original_fixed,5x5,medium,12,885,F4,4,42.0,5
original_fixed,5x5,medium,12,885,F5,2,15.0,2
original_fixed,5x5,medium,12,890,B1,3,66.0,4
original_fixed,5x5,medium,12,890,B2,0,0.0,3
original_fixed,5x5,medium,12,890,B3,1,11.0,2
original_fixed,5x5,medium,12,890,B4,2,38.0,2
original_fixed,5x5,medium,12,890,B5,0,0.0,5
original_fixed,5x5,medium,12,890,C1,1,6.0,3
original_fixed,5x5,medium,12,890,C2,1,10.0,6
original_fixed,5x5,medium,12,890,C3,6,120.0,8
original_fixed,5x5,medium,12,890,C4,0,0.0,4
original_fixed,5x5,medium,12,890,C5,3,67.0,4
original_fixed,5x5,medium,12,890,D1,3,44.0,4
original_fixed,5x5,medium,12,890,D2,3,31.0,6
original_fixed,5x5,medium,12,890,D3,5,96.0,5
original_fixed,5x5,medium,12,890,D4,5,127.0,6
original_fixed,5x5,medium,12,890,D5,5,47.0,9
original_fixed,5x5,medium,12,890,E1,2,47.0,4
original_fixed,5x5,medium,12,890,E2,0,0.0,2
original_fixed,5x5,medium,12,890,E3,1,35.0,4
original_fixed,5x5,medium,12,890,E4,4,69.0,5
original_fixed,5x5,medium,12,890,E5,3,37.0,6
original_fixed,5x5,medium,12,890,F1,2,33.0,3
original_fixed,5x5,medium,12,890,F2,0,0.0,0
original_fixed,5x5,medium,12,890,F3,2,37.0,5
original_fixed,5x5,medium,12,890,F4,4,62.0,7
original_fixed,5x5,medium,12,890,F5,2,25.0,2
original_fixed,5x5,medium,12,895,B1,3,81.0,5
original_fixed,5x5,medium,12,895,B2,0,0.0,3
original_fixed,5x5,medium,12,895,B3,1,16.0,3
original_fixed,5x5,medium,12,895,B4,2,48.0,2
original_fixed,5x5,medium,12,895,B5,0,0.0,3
original_fixed,5x5,medium,12,895,C1,2,16.0,2
original_fixed,5x5,medium,12,895,C2,1,15.0,4
original_fixed,5x5,medium,12,895,C3,6,150.0,7
original_fixed,5x5,medium,12,895,C4,1,2.0,6
original_fixed,5x5,medium,12,895,C5,4,87.0,6
original_fixed,5x5,medium,12,895,D1,3,59.0,3
original_fixed,5x5,medium,12,895,D2,3,46.0,5
original_fixed,5x5,medium,12,895,D3,5,121.0,5
original_fixed,5x5,medium,12,895,D4,5,152.0,7
original_fixed,5x5,medium,12,895,D5,5,72.0,7
original_fixed,5x5,medium,12,895,E1,3,61.0,5
original_fixed,5x5,medium,12,895,E2,0,0.0,1
original_fixed,5x5,medium,12,895,E3,1,40.0,2
original_fixed,5x5,medium,12,895,E4,4,89.0,5
original_fixed,5x5,medium,12,895,E5,3,52.0,6
original_fixed,5x5,medium,12,895,F1,2,43.0,3
original_fixed,5x5,medium,12,895,F2,0,0.0,0
original_fixed,5x5,medium,12,895,F3,3,49.0,3
original_fixed,5x5,medium,12,895,F4,4,82.0,7
original_fixed,5x5,medium,12,895,F5,2,35.0,2
original_fixed,5x5,medium,12,900,B1,3,96.0,6
original_fixed,5x5,medium,12,900,B2,1,2.0,3
original_fixed,5x5,medium,12,900,B3,1,21.0,3
original_fixed,5x5,medium,12,900,B4,2,58.0,2
original_fixed,5x5,medium,12,900,B5,2,5.0,3
original_fixed,5x5,medium,12,900,C1,2,26.0,4
original_fixed,5x5,medium,12,900,C2,2,22.0,4
original_fixed,5x5,medium,12,900,C3,6,180.0,7
original_fixed,5x5,medium,12,900,C4,2,12.0,6
original_fixed,5x5,medium,12,900,C5,4,107.0,6
original_fixed,5x5,medium,12,900,D1,3,74.0,3
original_fixed,5x5,medium,12,900,D2,3,61.0,5
original_fixed,5x5,medium,12,900,D3,5,146.0,6
original_fixed,5x5,medium,12,900,D4,5,177.0,7
original_fixed,5x5,medium,12,900,D5,7,106.0,7
original_fixed,5x5,medium,12,900,E1,3,76.0,5
original_fixed,5x5,medium,12,900,E2,0,0.0,0
original_fixed,5x5,medium,12,900,E3,1,45.0,2
original_fixed,5x5,medium,12,900,E4,4,109.0,5
original_fixed,5x5,medium,12,900,E5,3,67.0,6
original_fixed,5x5,medium,12,900,F1,2,53.0,3
original_fixed,5x5,medium,12,900,F2,0,0.0,2
original_fixed,5x5,medium,12,900,F3,3,64.0,4
original_fixed,5x5,medium,12,900,F4,4,102.0,7
original_fixed,5x5,medium,12,900,F5,2,45.0,2
original_fixed,5x5,medium,12,905,B1,0,0.0,5
original_fixed,5x5,medium,12,905,B2,0,0.0,4
original_fixed,5x5,medium,12,905,B3,1,1.0,4
original_fixed,5x5,medium,12,905,B4,0,0.0,1
original_fixed,5x5,medium,12,905,B5,0,0.0,1
original_fixed,5x5,medium,12,905,C1,0,0.0,2
original_fixed,5x5,medium,12,905,C2,0,0.0,4
original_fixed,5x5,medium,12,905,C3,0,0.0,5
original_fixed,5x5,medium,12,905,C4,1,3.0,4
original_fixed,5x5,medium,12,905,C5,0,0.0,2
original_fixed,5x5,medium,12,905,D1,0,0.0,0
original_fixed,5x5,medium,12,905,D2,0,0.0,4
original_fixed,5x5,medium,12,905,D3,0,0.0,6
original_fixed,5x5,medium,12,905,D4,0,0.0,3
original_fixed,5x5,medium,12,905,D5,0,0.0,7
original_fixed,5x5,medium,12,905,E1,0,0.0,3
original_fixed,5x5,medium,12,905,E2,0,0.0,3
original_fixed,5x5,medium,12,905,E3,1,3.0,3
original_fixed,5x5,medium,12,905,E4,1,5.0,4
original_fixed,5x5,medium,12,905,E5,1,2.0,5
original_fixed,5x5,medium,12,905,F1,0,0.0,1
original_fixed,5x5,medium,12,905,F2,0,0.0,3
original_fixed,5x5,medium,12,905,F3,0,0.0,3
original_fixed,5x5,medium,12,905,F4,1,2.0,4
original_fixed,5x5,medium,12,905,F5,0,0.0,4
original_fixed,5x5,medium,12,910,B1,1,5.0,6
original_fixed,5x5,medium,12,910,B2,0,0.0,5
original_fixed,5x5,medium,12,910,B3,1,6.0,4
original_fixed,5x5,medium,12,910,B4,0,0.0,1
original_fixed,5x5,medium,12,910,B5,0,0.0,0
original_fixed,5x5,medium,12,910,C1,0,0.0,3
original_fixed,5x5,medium,12,910,C2,0,0.0,6
original_fixed,5x5,medium,12,910,C3,0,0.0,5
original_fixed,5x5,medium,12,910,C4,1,8.0,5
original_fixed,5x5,medium,12,910,C5,1,2.0,4
original_fixed,5x5,medium,12,910,D1,0,0.0,2
original_fixed,5x5,medium,12,910,D2,1,3.0,5
original_fixed,5x5,medium,12,910,D3,0,0.0,6
original_fixed,5x5,medium,12,910,D4,0,0.0,3
original_fixed,5x5,medium,12,910,D5,0,0.0,8
original_fixed,5x5,medium,12,910,E1,0,0.0,3
original_fixed,5x5,medium,12,910,E2,0,0.0,4
original_fixed,5x5,medium,12,910,E3,1,8.0,4
original_fixed,5x5,medium,12,910,E4,1,10.0,5
original_fixed,5x5,medium,12,910,E5,2,11.0,5
original_fixed,5x5,medium,12,910,F1,0,0.0,3
original_fixed,5x5,medium,12,910,F2,0,0.0,4
original_fixed,5x5,medium,12,910,F3,0,0.0,2
original_fixed,5x5,medium,12,910,F4,1,7.0,3
original_fixed,5x5,medium,12,910,F5,0,0.0,6
original_fixed,5x5,medium,12,915,B1,2,14.0,6
original_fixed,5x5,medium,12,915,B2,1,5.0,6
original_fixed,5x5,medium,12,915,B3,2,16.0,4
original_fixed,5x5,medium,12,915,B4,0,0.0,2
original_fixed,5x5,medium,12,915,B5,0,0.0,0
original_fixed,5x5,medium,12,915,C1,0,0.0,2
original_fixed,5x5,medium,12,915,C2,0,0.0,5
original_fixed,5x5,medium,12,915,C3,0,0.0,7
original_fixed,5x5,medium,12,915,C4,1,13.0,6
original_fixed,5x5,medium,12,915,C5,2,11.0,4
original_fixed,5x5,medium,12,915,D1,0,0.0,3
original_fixed,5x5,medium,12,915,D2,2,13.0,5
original_fixed,5x5,medium,12,915,D3,0,0.0,6
original_fixed,5x5,medium,12,915,D4,0,0.0,3
original_fixed,5x5,medium,12,915,D5,0,0.0,6
original_fixed,5x5,medium,12,915,E1,0,0.0,2
original_fixed,5x5,medium,12,915,E2,0,0.0,5
original_fixed,5x5,medium,12,915,E3,1,13.0,4
original_fixed,5x5,medium,12,915,E4,1,15.0,5
original_fixed,5x5,medium,12,915,E5,2,21.0,5
original_fixed,5x5,medium,12,915,F1,0,0.0,5
original_fixed,5x5,medium,12,915,F2,1,2.0,3
original_fixed,5x5,medium,12,915,F3,0,0.0,2
original_fixed,5x5,medium,12,915,F4,1,12.0,3
original_fixed,5x5,medium,12,915,F5,0,0.0,6
original_fixed,5x5,medium,12,920,B1,3,26.0,5
original_fixed,5x5,medium,12,920,B2,1,10.0,5
original_fixed,5x5,medium,12,920,B3,2,26.0,4
original_fixed,5x5,medium,12,920,B4,0,0.0,2
original_fixed,5x5,medium,12,920,B5,0,0.0,0
original_fixed,5x5,medium,12,920,C1,0,0.0,3
original_fixed,5x5,medium,12,920,C2,0,0.0,4
original_fixed,5x5,medium,12,920,C3,2,7.0,8
original_fixed,5x5,medium,12,920,C4,1,18.0,4
original_fixed,5x5,medium,12,920,C5,2,21.0,4
original_fixed,5x5,medium,12,920,D1,0,0.0,3
original_fixed,5x5,medium,12,920,D2,2,23.0,4
original_fixed,5x5,medium,12,920,D3,0,0.0,7
original_fixed,5x5,medium,12,920,D4,0,0.0,5
original_fixed,5x5,medium,12,920,D5,1,1.0,4
original_fixed,5x5,medium,12,920,E1,0,0.0,1
original_fixed,5x5,medium,12,920,E2,0,0.0,3
original_fixed,5x5,medium,12,920,E3,2,20.0,3
original_fixed,5x5,medium,12,920,E4,2,21.0,4
original_fixed,5x5,medium,12,920,E5,2,31.0,5
original_fixed,5x5,medium,12,920,F1,0,0.0,5
original_fixed,5x5,medium,12,920,F2,1,7.0,3
original_fixed,5x5,medium,12,920,F3,1,3.0,4
original_fixed,5x5,medium,12,920,F4,1,17.0,2
original_fixed,5x5,medium,12,920,F5,1,1.0,6
original_fixed,5x5,medium,12,925,B1,3,41.0,5
original_fixed,5x5,medium,12,925,B2,2,20.0,4
original_fixed,5x5,medium,12,925,B3,3,41.0,4
original_fixed,5x5,medium,12,925,B4,1,5.0,2
original_fixed,5x5,medium,12,925,B5,0,0.0,0
original_fixed,5x5,medium,12,925,C1,0,0.0,2
original_fixed,5x5,medium,12,925,C2,1,1.0,2
original_fixed,5x5,medium,12,925,C3,4,20.0,8
original_fixed,5x5,medium,12,925,C4,2,28.0,4
original_fixed,5x5,medium,12,925,C5,2,31.0,3
original_fixed,5x5,medium,12,925,D1,0,0.0,4
original_fixed,5x5,medium,12,925,D2,2,33.0,3
original_fixed,5x5,medium,12,925,D3,1,2.0,6
original_fixed,5x5,medium,12,925,D4,1,3.0,4
original_fixed,5x5,medium,12,925,D5,2,7.0,3
original_fixed,5x5,medium,12,925,E1,1,4.0,3
original_fixed,5x5,medium,12,925,E2,1,2.0,3
original_fixed,5x5,medium,12,925,E3,3,32.0,4
original_fixed,5x5,medium,12,925,E4,3,34.0,6
original_fixed,5x5,medium,12,925,E5,3,46.0,6
original_fixed,5x5,medium,12,925,F1,1,3.0,5
original_fixed,5x5,medium,12,925,F2,1,12.0,3
original_fixed,5x5,medium,12,925,F3,1,8.0,3
original_fixed,5x5,medium,12,925,F4,1,22.0,1
original_fixed,5x5,medium,12,925,F5,4,15.0,6
original_fixed,5x5,medium,12,930,B1,4,57.0,6
original_fixed,5x5,medium,12,930,B2,2,30.0,4
original_fixed,5x5,medium,12,930,B3,3,56.0,4
original_fixed,5x5,medium,12,930,B4,1,10.0,3
original_fixed,5x5,medium,12,930,B5,0,0.0,0
original_fixed,5x5,medium,12,930,C1,1,2.0,2
original_fixed,5x5,medium,12,930,C2,1,6.0,2
original_fixed,5x5,medium,12,930,C3,4,40.0,7
original_fixed,5x5,medium,12,930,C4,2,38.0,5
original_fixed,5x5,medium,12,930,C5,3,44.0,5
original_fixed,5x5,medium,12,930,D1,0,0.0,3
original_fixed,5x5,medium,12,930,D2,2,43.0,5
original_fixed,5x5,medium,12,930,D3,2,10.0,4
original_fixed,5x5,medium,12,930,D4,1,8.0,5
original_fixed,5x5,medium,12,930,D5,2,17.0,3
original_fixed,5x5,medium,12,930,E1,1,9.0,4
original_fixed,5x5,medium,12,930,E2,1,7.0,4
original_fixed,5x5,medium,12,930,E3,3,47.0,6
original_fixed,5x5,medium,12,930,E4,4,54.0,6
original_fixed,5x5,medium,12,930,E5,3,61.0,6
original_fixed,5x5,medium,12,930,F1,3,14.0,5
original_fixed,5x5,medium,12,930,F2,2,18.0,4
original_fixed,5x5,medium,12,930,F3,1,13.0,3
original_fixed,5x5,medium,12,930,F4,1,27.0,1
original_fixed,5x5,medium,12,930,F5,4,35.0,6
original_fixed,5x5,medium,12,935,B1,4,77.0,7
original_fixed,5x5,medium,12,935,B2,2,40.0,2
original_fixed,5x5,medium,12,935,B3,3,71.0,4
original_fixed,5x5,medium,12,935,B4,2,19.0,4
original_fixed,5x5,medium,12,935,B5,0,0.0,0
original_fixed,5x5,medium,12,935,C1,1,7.0,1
original_fixed,5x5,medium,12,935,C2,1,11.0,1
original_fixed,5x5,medium,12,935,C3,4,60.0,7
original_fixed,5x5,medium,12,935,C4,2,48.0,5
original_fixed,5x5,medium,12,935,C5,3,59.0,5
original_fixed,5x5,medium,12,935,D1,0,0.0,2
original_fixed,5x5,medium,12,935,D2,2,53.0,6
original_fixed,5x5,medium,12,935,D3,2,20.0,3
original_fixed,5x5,medium,12,935,D4,2,14.0,4
original_fixed,5x5,medium,12,935,D5,2,27.0,3
original_fixed,5x5,medium,12,935,E1,1,14.0,4
original_fixed,5x5,medium,12,935,E2,1,12.0,5
original_fixed,5x5,medium,12,935,E3,3,62.0,6
original_fixed,5x5,medium,12,935,E4,4,74.0,5
original_fixed,5x5,medium,12,935,E5,3,76.0,8
original_fixed,5x5,medium,12,935,F1,3,29.0,4
original_fixed,5x5,medium,12,935,F2,2,28.0,5
original_fixed,5x5,medium,12,935,F3,1,18.0,1
original_fixed,5x5,medium,12,935,F4,1,32.0,3
original_fixed,5x5,medium,12,935,F5,5,60.0,6
original_fixed,5x5,medium,12,940,B1,4,97.0,8
original_fixed,5x5,medium,12,940,B2,2,50.0,3
original_fixed,5x5,medium,12,940,B3,3,86.0,4
original_fixed,5x5,medium,12,940,B4,2,29.0,4
original_fixed,5x5,medium,12,940,B5,0,0.0,0
original_fixed,5x5,medium,12,940,C1,1,12.0,1
original_fixed,5x5,medium,12,940,C2,1,16.0,1
original_fixed,5x5,medium,12,940,C3,2,21.0,6
original_fixed,5x5,medium,12,940,C4,2,58.0,7
original_fixed,5x5,medium,12,940,C5,3,74.0,6
original_fixed,5x5,medium,12,940,D1,0,0.0,1
original_fixed,5x5,medium,12,940,D2,3,64.0,6
original_fixed,5x5,medium,12,940,D3,2,30.0,3
original_fixed,5x5,medium,12,940,D4,2,24.0,4
original_fixed,5x5,medium,12,940,D5,2,37.0,2
original_fixed,5x5,medium,12,940,E1,1,19.0,6
original_fixed,5x5,medium,12,940,E2,1,17.0,3
original_fixed,5x5,medium,12,940,E3,4,79.0,6
original_fixed,5x5,medium,12,940,E4,5,96.0,6
original_fixed,5x5,medium,12,940,E5,4,94.0,7
original_fixed,5x5,medium,12,940,F1,3,44.0,3
original_fixed,5x5,medium,12,940,F2,3,43.0,6
original_fixed,5x5,medium,12,940,F3,1,23.0,1
original_fixed,5x5,medium,12,940,F4,1,37.0,3
original_fixed,5x5,medium,12,940,F5,5,85.0,6
original_fixed,5x5,medium,12,945,B1,4,117.0,8
original_fixed,5x5,medium,12,945,B2,2,60.0,3
original_fixed,5x5,medium,12,945,B3,3,101.0,4
original_fixed,5x5,medium,12,945,B4,3,40.0,5
original_fixed,5x5,medium,12,945,B5,0,0.0,0
original_fixed,5x5,medium,12,945,C1,1,17.0,2
original_fixed,5x5,medium,12,945,C2,1,21.0,1
original_fixed,5x5,medium,12,945,C3,0,0.0,7
original_fixed,5x5,medium,12,945,C4,2,68.0,6
original_fixed,5x5,medium,12,945,C5,4,93.0,8
original_fixed,5x5,medium,12,945,D1,0,0.0,1
original_fixed,5x5,medium,12,945,D2,3,79.0,5
original_fixed,5x5,medium,12,945,D3,2,40.0,3
original_fixed,5x5,medium,12,945,D4,2,34.0,4
original_fixed,5x5,medium,12,945,D5,2,47.0,2
original_fixed,5x5,medium,12,945,E1,3,29.0,8
original_fixed,5x5,medium,12,945,E2,2,26.0,3
original_fixed,5x5,medium,12,945,E3,4,99.0,5
original_fixed,5x5,medium,12,945,E4,5,121.0,7
original_fixed,5x5,medium,12,945,E5,5,119.0,7
original_fixed,5x5,medium,12,945,F1,3,59.0,3
original_fixed,5x5,medium,12,945,F2,3,58.0,6
original_fixed,5x5,medium,12,945,F3,1,28.0,1
original_fixed,5x5,medium,12,945,F4,1,42.0,3
original_fixed,5x5,medium,12,945,F5,6,114.0,7
original_fixed,5x5,medium,12,950,B1,0,0.0,6
original_fixed,5x5,medium,12,950,B2,0,0.0,3
original_fixed,5x5,medium,12,950,B3,0,0.0,1
original_fixed,5x5,medium,12,950,B4,1,1.0,2
original_fixed,5x5,medium,12,950,B5,0,0.0,3
original_fixed,5x5,medium,12,950,C1,0,0.0,2
original_fixed,5x5,medium,12,950,C2,0,0.0,2
original_fixed,5x5,medium,12,950,C3,3,10.0,8
original_fixed,5x5,medium,12,950,C4,1,3.0,5
original_fixed,5x5,medium,12,950,C5,1,5.0,7
original_fixed,5x5,medium,12,950,D1,0,0.0,1
original_fixed,5x5,medium,12,950,D2,1,2.0,3
original_fixed,5x5,medium,12,950,D3,0,0.0,1
original_fixed,5x5,medium,12,950,D4,1,3.0,3
original_fixed,5x5,medium,12,950,D5,0,0.0,3
original_fixed,5x5,medium,12,950,E1,0,0.0,6
original_fixed,5x5,medium,12,950,E2,0,0.0,4
original_fixed,5x5,medium,12,950,E3,1,5.0,5
original_fixed,5x5,medium,12,950,E4,0,0.0,4
original_fixed,5x5,medium,12,950,E5,1,1.0,5
original_fixed,5x5,medium,12,950,F1,0,0.0,2
original_fixed,5x5,medium,12,950,F2,0,0.0,5
original_fixed,5x5,medium,12,950,F3,0,0.0,1
original_fixed,5x5,medium,12,950,F4,1,2.0,2
original_fixed,5x5,medium,12,950,F5,0,0.0,4
original_fixed,5x5,medium,12,955,B1,1,4.0,5
original_fixed,5x5,medium,12,955,B2,0,0.0,4
original_fixed,5x5,medium,12,955,B3,1,2.0,2
original_fixed,5x5,medium,12,955,B4,1,6.0,3
original_fixed,5x5,medium,12,955,B5,0,0.0,5
original_fixed,5x5,medium,12,955,C1,0,0.0,2
original_fixed,5x5,medium,12,955,C2,0,0.0,2
original_fixed,5x5,medium,12,955,C3,5,35.0,9
original_fixed,5x5,medium,12,955,C4,2,10.0,5
original_fixed,5x5,medium,12,955,C5,1,10.0,6
original_fixed,5x5,medium,12,955,D1,0,0.0,2
original_fixed,5x5,medium,12,955,D2,1,7.0,2
original_fixed,5x5,medium,12,955,D3,0,0.0,1
original_fixed,5x5,medium,12,955,D4,1,8.0,4
original_fixed,5x5,medium,12,955,D5,0,0.0,5
original_fixed,5x5,medium,12,955,E1,2,2.0,8
original_fixed,5x5,medium,12,955,E2,0,0.0,7
original_fixed,5x5,medium,12,955,E3,1,10.0,5
original_fixed,5x5,medium,12,955,E4,0,0.0,3
original_fixed,5x5,medium,12,955,E5,2,8.0,8
original_fixed,5x5,medium,12,955,F1,0,0.0,1
original_fixed,5x5,medium,12,955,F2,3,12.0,5
original_fixed,5x5,medium,12,955,F3,0,0.0,4
original_fixed,5x5,medium,12,955,F4,1,7.0,2
original_fixed,5x5,medium,12,955,F5,0,0.0,3
original_fixed,5x5,medium,12,960,B1,1,9.0,4
original_fixed,5x5,medium,12,960,B2,0,0.0,3
original_fixed,5x5,medium,12,960,B3,1,7.0,3
original_fixed,5x5,medium,12,960,B4,1,11.0,2
original_fixed,5x5,medium,12,960,B5,0,0.0,5
original_fixed,5x5,medium,12,960,C1,0,0.0,2
original_fixed,5x5,medium,12,960,C2,0,0.0,2
original_fixed,5x5,medium,12,960,C3,6,65.0,9
original_fixed,5x5,medium,12,960,C4,3,24.0,6
original_fixed,5x5,medium,12,960,C5,3,22.0,5
original_fixed,5x5,medium,12,960,D1,0,0.0,2
original_fixed,5x5,medium,12,960,D2,1,12.0,3
original_fixed,5x5,medium,12,960,D3,0,0.0,1
original_fixed,5x5,medium,12,960,D4,1,13.0,4
original_fixed,5x5,medium,12,960,D5,0,0.0,6
original_fixed,5x5,medium,12,960,E1,4,19.0,9
original_fixed,5x5,medium,12,960,E2,0,0.0,8
original_fixed,5x5,medium,12,960,E3,1,15.0,6
original_fixed,5x5,medium,12,960,E4,1,5.0,3
original_fixed,5x5,medium,12,960,E5,2,18.0,10
original_fixed,5x5,medium,12,960,F1,0,0.0,1
original_fixed,5x5,medium,12,960,F2,3,27.0,5
original_fixed,5x5,medium,12,960,F3,0,0.0,4
original_fixed,5x5,medium,12,960,F4,1,12.0,2
original_fixed,5x5,medium,12,960,F5,0,0.0,2
original_fixed,5x5,medium,12,965,B1,1,14.0,3
original_fixed,5x5,medium,12,965,B2,0,0.0,2
original_fixed,5x5,medium,12,965,B3,1,12.0,3
original_fixed,5x5,medium,12,965,B4,1,16.0,2
original_fixed,5x5,medium,12,965,B5,0,0.0,3
original_fixed,5x5,medium,12,965,C1,1,5.0,1
original_fixed,5x5,medium,12,965,C2,0,0.0,2
original_fixed,5x5,medium,12,965,C3,7,96.0,9
original_fixed,5x5,medium,12,965,C4,3,39.0,6
original_fixed,5x5,medium,12,965,C5,5,43.0,9
original_fixed,5x5,medium,12,965,D1,1,5.0,4
original_fixed,5x5,medium,12,965,D2,2,22.0,4
original_fixed,5x5,medium,12,965,D3,0,0.0,1
original_fixed,5x5,medium,12,965,D4,1,18.0,4
original_fixed,5x5,medium,12,965,D5,0,0.0,4
original_fixed,5x5,medium,12,965,E1,5,42.0,9
original_fixed,5x5,medium,12,965,E2,1,2.0,7
original_fixed,5x5,medium,12,965,E3,1,20.0,5
original_fixed,5x5,medium,12,965,E4,2,12.0,3
original_fixed,5x5,medium,12,965,E5,2,28.0,9
original_fixed,5x5,medium,12,965,F1,0,0.0,1
original_fixed,5x5,medium,12,965,F2,3,42.0,6
original_fixed,5x5,medium,12,965,F3,0,0.0,3
original_fixed,5x5,medium,12,965,F4,1,17.0,2
original_fixed,5x5,medium,12,965,F5,0,0.0,2
original_fixed,5x5,medium,12,970,B1,2,24.0,2
original_fixed,5x5,medium,12,970,B2,1,5.0,3
original_fixed,5x5,medium,12,970,B3,2,20.0,3
original_fixed,5x5,medium,12,970,B4,1,21.0,2
original_fixed,5x5,medium,12,970,B5,0,0.0,1
original_fixed,5x5,medium,12,970,C1,1,10.0,4
original_fixed,5x5,medium,12,970,C2,2,6.0,2
original_fixed,5x5,medium,12,970,C3,8,135.0,9
original_fixed,5x5,medium,12,970,C4,3,54.0,6
original_fixed,5x5,medium,12,970,C5,5,68.0,10
original_fixed,5x5,medium,12,970,D1,1,10.0,5
original_fixed,5x5,medium,12,970,D2,2,32.0,5
original_fixed,5x5,medium,12,970,D3,0,0.0,4
original_fixed,5x5,medium,12,970,D4,1,23.0,3
original_fixed,5x5,medium,12,970,D5,1,2.0,4
original_fixed,5x5,medium,12,970,E1,6,69.0,7
original_fixed,5x5,medium,12,970,E2,2,9.0,6
original_fixed,5x5,medium,12,970,E3,2,28.0,3
original_fixed,5x5,medium,12,970,E4,2,22.0,5
original_fixed,5x5,medium,12,970,E5,3,39.0,8
original_fixed,5x5,medium,12,970,F1,0,0.0,1
original_fixed,5x5,medium,12,970,F2,3,41.0,7
original_fixed,5x5,medium,12,970,F3,0,0.0,2
original_fixed,5x5,medium,12,970,F4,1,22.0,5
original_fixed,5x5,medium,12,970,F5,0,0.0,1
original_fixed,5x5,medium,12,975,B1,2,34.0,3
original_fixed,5x5,medium,12,975,B2,2,15.0,3
original_fixed,5x5,medium,12,975,B3,2,30.0,3
original_fixed,5x5,medium,12,975,B4,1,26.0,3
original_fixed,5x5,medium,12,975,B5,0,0.0,1
original_fixed,5x5,medium,12,975,C1,1,15.0,4
original_fixed,5x5,medium,12,975,C2,2,16.0,2
original_fixed,5x5,medium,12,975,C3,8,175.0,11
original_fixed,5x5,medium,12,975,C4,3,69.0,6
original_fixed,5x5,medium,12,975,C5,5,93.0,10
original_fixed,5x5,medium,12,975,D1,1,15.0,5
original_fixed,5x5,medium,12,975,D2,2,42.0,5
original_fixed,5x5,medium,12,975,D3,0,0.0,3
original_fixed,5x5,medium,12,975,D4,1,28.0,4
original_fixed,5x5,medium,12,975,D5,1,7.0,4
original_fixed,5x5,medium,12,975,E1,7,102.0,7
original_fixed,5x5,medium,12,975,E2,3,22.0,5
original_fixed,5x5,medium,12,975,E3,2,38.0,4
original_fixed,5x5,medium,12,975,E4,2,32.0,5
original_fixed,5x5,medium,12,975,E5,3,54.0,8
original_fixed,5x5,medium,12,975,F1,0,0.0,1
original_fixed,5x5,medium,12,975,F2,2,27.0,7
original_fixed,5x5,medium,12,975,F3,1,4.0,4
original_fixed,5x5,medium,12,975,F4,2,32.0,5
original_fixed,5x5,medium,12,975,F5,0,0.0,3
original_fixed,5x5,medium,12,980,B1,2,44.0,3
original_fixed,5x5,medium,12,980,B2,2,25.0,3
original_fixed,5x5,medium,12,980,B3,3,43.0,3
original_fixed,5x5,medium,12,980,B4,1,31.0,4
original_fixed,5x5,medium,12,980,B5,0,0.0,1
original_fixed,5x5,medium,12,980,C1,1,20.0,3
original_fixed,5x5,medium,12,980,C2,2,26.0,2
original_fixed,5x5,medium,12,980,C3,9,217.0,12
original_fixed,5x5,medium,12,980,C4,3,84.0,5
original_fixed,5x5,medium,12,980,C5,6,119.0,9
original_fixed,5x5,medium,12,980,D1,1,20.0,6
original_fixed,5x5,medium,12,980,D2,3,57.0,6
original_fixed,5x5,medium,12,980,D3,0,0.0,3
original_fixed,5x5,medium,12,980,D4,1,33.0,4
original_fixed,5x5,medium,12,980,D5,1,12.0,5
original_fixed,5x5,medium,12,980,E1,7,137.0,7
original_fixed,5x5,medium,12,980,E2,3,37.0,5
original_fixed,5x5,medium,12,980,E3,2,48.0,4
original_fixed,5x5,medium,12,980,E4,2,42.0,6
original_fixed,5x5,medium,12,980,E5,4,73.0,7
original_fixed,5x5,medium,12,980,F1,1,1.0,1
original_fixed,5x5,medium,12,980,F2,2,37.0,6
original_fixed,5x5,medium,12,980,F3,1,9.0,5
original_fixed,5x5,medium,12,980,F4,2,42.0,5
original_fixed,5x5,medium,12,980,F5,0,0.0,3
original_fixed,5x5,medium,12,985,B1,2,54.0,4
original_fixed,5x5,medium,12,985,B2,2,35.0,3
original_fixed,5x5,medium,12,985,B3,3,58.0,4
original_fixed,5x5,medium,12,985,B4,2,37.0,4
original_fixed,5x5,medium,12,985,B5,0,0.0,1
original_fixed,5x5,medium,12,985,C1,1,25.0,4
original_fixed,5x5,medium,12,985,C2,2,36.0,4
original_fixed,5x5,medium,12,985,C3,9,262.0,13
original_fixed,5x5,medium,12,985,C4,3,99.0,4
original_fixed,5x5,medium,12,985,C5,6,149.0,8
original_fixed,5x5,medium,12,985,D1,2,28.0,5
original_fixed,5x5,medium,12,985,D2,3,72.0,5
original_fixed,5x5,medium,12,985,D3,1,1.0,2
original_fixed,5x5,medium,12,985,D4,1,38.0,5
original_fixed,5x5,medium,12,985,D5,2,21.0,5
original_fixed,5x5,medium,12,985,E1,7,172.0,7
original_fixed,5x5,medium,12,985,E2,3,52.0,5
original_fixed,5x5,medium,12,985,E3,2,58.0,5
original_fixed,5x5,medium,12,985,E4,3,55.0,8
original_fixed,5x5,medium,12,985,E5,4,93.0,5
original_fixed,5x5,medium,12,985,F1,1,6.0,2
original_fixed,5x5,medium,12,985,F2,3,51.0,6
original_fixed,5x5,medium,12,985,F3,1,14.0,5
original_fixed,5x5,medium,12,985,F4,3,54.0,5
original_fixed,5x5,medium,12,985,F5,0,0.0,4
original_fixed,5x5,medium,12,990,B1,2,64.0,5
original_fixed,5x5,medium,12,990,B2,2,45.0,3
original_fixed,5x5,medium,12,990,B3,3,73.0,6
original_fixed,5x5,medium,12,990,B4,3,48.0,5
original_fixed,5x5,medium,12,990,B5,0,0.0,2
original_fixed,5x5,medium,12,990,C1,2,35.0,3
original_fixed,5x5,medium,12,990,C2,2,46.0,5
original_fixed,5x5,medium,12,990,C3,10,308.0,12
original_fixed,5x5,medium,12,990,C4,3,114.0,5
original_fixed,5x5,medium,12,990,C5,6,179.0,9
original_fixed,5x5,medium,12,990,D1,3,42.0,5
original_fixed,5x5,medium,12,990,D2,3,87.0,5
original_fixed,5x5,medium,12,990,D3,1,6.0,3
original_fixed,5x5,medium,12,990,D4,1,43.0,4
original_fixed,5x5,medium,12,990,D5,2,31.0,4
original_fixed,5x5,medium,12,990,E1,7,207.0,7
original_fixed,5x5,medium,12,990,E2,4,72.0,5
original_fixed,5x5,medium,12,990,E3,2,68.0,5
original_fixed,5x5,medium,12,990,E4,5,77.0,9
original_fixed,5x5,medium,12,990,E5,5,118.0,7
original_fixed,5x5,medium,12,990,F1,1,11.0,2
original_fixed,5x5,medium,12,990,F2,3,66.0,3
original_fixed,5x5,medium,12,990,F3,1,19.0,3
original_fixed,5x5,medium,12,990,F4,4,74.0,6
original_fixed,5x5,medium,12,990,F5,0,0.0,3
original_fixed,5x5,medium,12,995,B1,0,0.0,2
original_fixed,5x5,medium,12,995,B2,0,0.0,4
original_fixed,5x5,medium,12,995,B3,0,0.0,6
original_fixed,5x5,medium,12,995,B4,0,0.0,3
original_fixed,5x5,medium,12,995,B5,0,0.0,1
original_fixed,5x5,medium,12,995,C1,0,0.0,2
original_fixed,5x5,medium,12,995,C2,0,0.0,5
original_fixed,5x5,medium,12,995,C3,4,83.0,10
original_fixed,5x5,medium,12,995,C4,0,0.0,7
original_fixed,5x5,medium,12,995,C5,0,0.0,6
original_fixed,5x5,medium,12,995,D1,0,0.0,2
original_fixed,5x5,medium,12,995,D2,1,1.0,6
original_fixed,5x5,medium,12,995,D3,0,0.0,4
original_fixed,5x5,medium,12,995,D4,0,0.0,3
original_fixed,5x5,medium,12,995,D5,1,1.0,3
original_fixed,5x5,medium,12,995,E1,0,0.0,4
original_fixed,5x5,medium,12,995,E2,0,0.0,4
original_fixed,5x5,medium,12,995,E3,0,0.0,4
original_fixed,5x5,medium,12,995,E4,1,1.0,6
original_fixed,5x5,medium,12,995,E5,0,0.0,5
original_fixed,5x5,medium,12,995,F1,0,0.0,2
original_fixed,5x5,medium,12,995,F2,0,0.0,4
original_fixed,5x5,medium,12,995,F3,1,4.0,4
original_fixed,5x5,medium,12,995,F4,0,0.0,4
original_fixed,5x5,medium,12,995,F5,0,0.0,3
original_fixed,5x5,medium,12,1000,B1,0,0.0,2
original_fixed,5x5,medium,12,1000,B2,0,0.0,5
original_fixed,5x5,medium,12,1000,B3,0,0.0,7
original_fixed,5x5,medium,12,1000,B4,1,4.0,4
original_fixed,5x5,medium,12,1000,B5,0,0.0,1
original_fixed,5x5,medium,12,1000,C1,0,0.0,2
original_fixed,5x5,medium,12,1000,C2,1,2.0,7
original_fixed,5x5,medium,12,1000,C3,0,0.0,8
original_fixed,5x5,medium,12,1000,C4,0,0.0,6
original_fixed,5x5,medium,12,1000,C5,1,3.0,6
original_fixed,5x5,medium,12,1000,D1,0,0.0,2
original_fixed,5x5,medium,12,1000,D2,1,6.0,7
original_fixed,5x5,medium,12,1000,D3,0,0.0,3
original_fixed,5x5,medium,12,1000,D4,0,0.0,4
original_fixed,5x5,medium,12,1000,D5,1,6.0,2
original_fixed,5x5,medium,12,1000,E1,1,5.0,5
original_fixed,5x5,medium,12,1000,E2,0,0.0,6
original_fixed,5x5,medium,12,1000,E3,0,0.0,6
original_fixed,5x5,medium,12,1000,E4,1,6.0,7
original_fixed,5x5,medium,12,1000,E5,0,0.0,5
original_fixed,5x5,medium,12,1000,F1,0,0.0,2
original_fixed,5x5,medium,12,1000,F2,0,0.0,4
original_fixed,5x5,medium,12,1000,F3,1,9.0,5
original_fixed,5x5,medium,12,1000,F4,0,0.0,3
original_fixed,5x5,medium,12,1000,F5,2,5.0,3
original_fixed,5x5,medium,12,1005,B1,1,2.0,2
original_fixed,5x5,medium,12,1005,B2,0,0.0,5
original_fixed,5x5,medium,12,1005,B3,2,6.0,5
original_fixed,5x5,medium,12,1005,B4,2,12.0,4
original_fixed,5x5,medium,12,1005,B5,0,0.0,1
original_fixed,5x5,medium,12,1005,C1,0,0.0,3
original_fixed,5x5,medium,12,1005,C2,2,11.0,6
original_fixed,5x5,medium,12,1005,C3,1,2.0,9
original_fixed,5x5,medium,12,1005,C4,0,0.0,5
original_fixed,5x5,medium,12,1005,C5,3,15.0,6
original_fixed,5x5,medium,12,1005,D1,0,0.0,2
original_fixed,5x5,medium,12,1005,D2,1,11.0,7
original_fixed,5x5,medium,12,1005,D3,1,2.0,4
original_fixed,5x5,medium,12,1005,D4,1,5.0,4
original_fixed,5x5,medium,12,1005,D5,1,11.0,3
original_fixed,5x5,medium,12,1005,E1,0,0.0,4
original_fixed,5x5,medium,12,1005,E2,1,4.0,8
original_fixed,5x5,medium,12,1005,E3,1,5.0,7
original_fixed,5x5,medium,12,1005,E4,3,18.0,7
original_fixed,5x5,medium,12,1005,E5,1,3.0,5
original_fixed,5x5,medium,12,1005,F1,0,0.0,4
original_fixed,5x5,medium,12,1005,F2,0,0.0,6
original_fixed,5x5,medium,12,1005,F3,1,14.0,5
original_fixed,5x5,medium,12,1005,F4,0,0.0,3
original_fixed,5x5,medium,12,1005,F5,2,15.0,3
original_fixed,5x5,medium,12,1010,B1,1,7.0,3
original_fixed,5x5,medium,12,1010,B2,0,0.0,4
original_fixed,5x5,medium,12,1010,B3,2,16.0,4
original_fixed,5x5,medium,12,1010,B4,2,22.0,4
original_fixed,5x5,medium,12,1010,B5,1,4.0,1
original_fixed,5x5,medium,12,1010,C1,0,0.0,3
original_fixed,5x5,medium,12,1010,C2,2,21.0,5
original_fixed,5x5,medium,12,1010,C3,1,7.0,10
original_fixed,5x5,medium,12,1010,C4,1,1.0,2
original_fixed,5x5,medium,12,1010,C5,3,22.0,5
original_fixed,5x5,medium,12,1010,D1,0,0.0,4
original_fixed,5x5,medium,12,1010,D2,1,16.0,5
original_fixed,5x5,medium,12,1010,D3,1,7.0,5
original_fixed,5x5,medium,12,1010,D4,1,10.0,4
original_fixed,5x5,medium,12,1010,D5,2,17.0,5
original_fixed,5x5,medium,12,1010,E1,0,0.0,5
original_fixed,5x5,medium,12,1010,E2,1,9.0,8
original_fixed,5x5,medium,12,1010,E3,1,10.0,6
original_fixed,5x5,medium,12,1010,E4,3,33.0,6
original_fixed,5x5,medium,12,1010,E5,2,13.0,5
original_fixed,5x5,medium,12,1010,F1,0,0.0,5
original_fixed,5x5,medium,12,1010,F2,0,0.0,4
original_fixed,5x5,medium,12,1010,F3,1,19.0,6
original_fixed,5x5,medium,12,1010,F4,1,3.0,2
original_fixed,5x5,medium,12,1010,F5,2,25.0,3
original_fixed,5x5,medium,12,1015,B1,1,12.0,2
original_fixed,5x5,medium,12,1015,B2,1,2.0,4
original_fixed,5x5,medium,12,1015,B3,2,26.0,3
original_fixed,5x5,medium,12,1015,B4,2,32.0,4
original_fixed,5x5,medium,12,1015,B5,1,9.0,3
original_fixed,5x5,medium,12,1015,C1,0,0.0,4
original_fixed,5x5,medium,12,1015,C2,2,31.0,6
original_fixed,5x5,medium,12,1015,C3,1,12.0,8
original_fixed,5x5,medium,12,1015,C4,1,6.0,4
original_fixed,5x5,medium,12,1015,C5,2,22.0,2
original_fixed,5x5,medium,12,1015,D1,0,0.0,4
original_fixed,5x5,medium,12,1015,D2,3,28.0,4
original_fixed,5x5,medium,12,1015,D3,2,17.0,7
original_fixed,5x5,medium,12,1015,D4,2,18.0,4
original_fixed,5x5,medium,12,1015,D5,2,27.0,7
original_fixed,5x5,medium,12,1015,E1,0,0.0,3
original_fixed,5x5,medium,12,1015,E2,1,14.0,8
original_fixed,5x5,medium,12,1015,E3,2,16.0,7
original_fixed,5x5,medium,12,1015,E4,3,48.0,4
original_fixed,5x5,medium,12,1015,E5,2,23.0,5
original_fixed,5x5,medium,12,1015,F1,0,0.0,5
original_fixed,5x5,medium,12,1015,F2,0,0.0,4
original_fixed,5x5,medium,12,1015,F3,2,29.0,4
original_fixed,5x5,medium,12,1015,F4,1,8.0,2
original_fixed,5x5,medium,12,1015,F5,3,38.0,3
original_fixed,5x5,medium,12,1020,B1,1,17.0,2
original_fixed,5x5,medium,12,1020,B2,2,11.0,5
original_fixed,5x5,medium,12,1020,B3,2,36.0,3
original_fixed,5x5,medium,12,1020,B4,2,42.0,4
original_fixed,5x5,medium,12,1020,B5,1,14.0,5
original_fixed,5x5,medium,12,1020,C1,1,4.0,6
original_fixed,5x5,medium,12,1020,C2,2,41.0,6
original_fixed,5x5,medium,12,1020,C3,1,17.0,6
original_fixed,5x5,medium,12,1020,C4,2,13.0,5
original_fixed,5x5,medium,12,1020,C5,2,32.0,3
original_fixed,5x5,medium,12,1020,D1,1,3.0,5
original_fixed,5x5,medium,12,1020,D2,3,43.0,3
original_fixed,5x5,medium,12,1020,D3,2,27.0,8
original_fixed,5x5,medium,12,1020,D4,2,28.0,4
original_fixed,5x5,medium,12,1020,D5,3,39.0,8
original_fixed,5x5,medium,12,1020,E1,2,5.0,3
original_fixed,5x5,medium,12,1020,E2,3,28.0,12
original_fixed,5x5,medium,12,1020,E3,2,26.0,6
original_fixed,5x5,medium,12,1020,E4,3,63.0,4
original_fixed,5x5,medium,12,1020,E5,2,33.0,4
original_fixed,5x5,medium,12,1020,F1,2,5.0,5
original_fixed,5x5,medium,12,1020,F2,0,0.0,3
original_fixed,5x5,medium,12,1020,F3,2,39.0,4
original_fixed,5x5,medium,12,1020,F4,1,13.0,1
original_fixed,5x5,medium,12,1020,F5,3,53.0,4
original_fixed,5x5,medium,12,1025,B1,1,22.0,2
original_fixed,5x5,medium,12,1025,B2,2,21.0,5
original_fixed,5x5,medium,12,1025,B3,2,46.0,3
original_fixed,5x5,medium,12,1025,B4,2,52.0,3
original_fixed,5x5,medium,12,1025,B5,1,19.0,5
original_fixed,5x5,medium,12,1025,C1,2,13.0,6
original_fixed,5x5,medium,12,1025,C2,2,51.0,5
original_fixed,5x5,medium,12,1025,C3,3,26.0,7
original_fixed,5x5,medium,12,1025,C4,2,23.0,5
original_fixed,5x5,medium,12,1025,C5,2,42.0,4
original_fixed,5x5,medium,12,1025,D1,1,8.0,3
original_fixed,5x5,medium,12,1025,D2,3,58.0,4
original_fixed,5x5,medium,12,1025,D3,4,42.0,8
original_fixed,5x5,medium,12,1025,D4,2,38.0,3
original_fixed,5x5,medium,12,1025,D5,4,56.0,8
original_fixed,5x5,medium,12,1025,E1,2,15.0,4
original_fixed,5x5,medium,12,1025,E2,5,52.0,11
original_fixed,5x5,medium,12,1025,E3,2,36.0,5
original_fixed,5x5,medium,12,1025,E4,4,83.0,4
original_fixed,5x5,medium,12,1025,E5,2,43.0,3
original_fixed,5x5,medium,12,1025,F1,3,18.0,3
original_fixed,5x5,medium,12,1025,F2,1,1.0,2
original_fixed,5x5,medium,12,1025,F3,2,49.0,3
original_fixed,5x5,medium,12,1025,F4,1,18.0,1
original_fixed,5x5,medium,12,1025,F5,3,68.0,4
original_fixed,5x5,medium,12,1030,B1,1,27.0,4
original_fixed,5x5,medium,12,1030,B2,2,31.0,6
original_fixed,5x5,medium,12,1030,B3,2,56.0,2
original_fixed,5x5,medium,12,1030,B4,2,62.0,2
original_fixed,5x5,medium,12,1030,B5,1,24.0,4
original_fixed,5x5,medium,12,1030,C1,2,23.0,6
original_fixed,5x5,medium,12,1030,C2,2,61.0,4
original_fixed,5x5,medium,12,1030,C3,4,45.0,6
original_fixed,5x5,medium,12,1030,C4,3,35.0,6
original_fixed,5x5,medium,12,1030,C5,2,52.0,5
original_fixed,5x5,medium,12,1030,D1,2,16.0,3
original_fixed,5x5,medium,12,1030,D2,3,73.0,5
original_fixed,5x5,medium,12,1030,D3,4,62.0,8
original_fixed,5x5,medium,12,1030,D4,3,51.0,4
original_fixed,5x5,medium,12,1030,D5,5,80.0,8
original_fixed,5x5,medium,12,1030,E1,3,29.0,5
original_fixed,5x5,medium,12,1030,E2,5,77.0,11
original_fixed,5x5,medium,12,1030,E3,2,46.0,4
original_fixed,5x5,medium,12,1030,E4,4,103.0,5
original_fixed,5x5,medium,12,1030,E5,2,53.0,2
original_fixed,5x5,medium,12,1030,F1,3,33.0,4
original_fixed,5x5,medium,12,1030,F2,1,6.0,3
original_fixed,5x5,medium,12,1030,F3,2,59.0,3
original_fixed,5x5,medium,12,1030,F4,1,23.0,2
original_fixed,5x5,medium,12,1030,F5,3,83.0,5
original_fixed,5x5,medium,12,1035,B1,1,32.0,5
original_fixed,5x5,medium,12,1035,B2,2,41.0,5
original_fixed,5x5,medium,12,1035,B3,2,66.0,2
original_fixed,5x5,medium,12,1035,B4,2,72.0,3
original_fixed,5x5,medium,12,1035,B5,3,35.0,3
original_fixed,5x5,medium,12,1035,C1,2,33.0,5
original_fixed,5x5,medium,12,1035,C2,4,78.0,5
original_fixed,5x5,medium,12,1035,C3,2,41.0,6
original_fixed,5x5,medium,12,1035,C4,3,50.0,6
original_fixed,5x5,medium,12,1035,C5,3,64.0,7
original_fixed,5x5,medium,12,1035,D1,2,26.0,3
original_fixed,5x5,medium,12,1035,D2,3,88.0,5
original_fixed,5x5,medium,12,1035,D3,6,91.0,10
original_fixed,5x5,medium,12,1035,D4,3,66.0,4
original_fixed,5x5,medium,12,1035,D5,6,110.0,9
original_fixed,5x5,medium,12,1035,E1,3,44.0,6
original_fixed,5x5,medium,12,1035,E2,5,102.0,9
original_fixed,5x5,medium,12,1035,E3,2,56.0,4
original_fixed,5x5,medium,12,1035,E4,4,123.0,6
original_fixed,5x5,medium,12,1035,E5,2,63.0,2
original_fixed,5x5,medium,12,1035,F1,3,48.0,5
original_fixed,5x5,medium,12,1035,F2,1,11.0,3
original_fixed,5x5,medium,12,1035,F3,2,69.0,3
original_fixed,5x5,medium,12,1035,F4,1,28.0,2
original_fixed,5x5,medium,12,1035,F5,3,98.0,6
original_fixed,5x5,medium,12,1040,B1,0,0.0,4
original_fixed,5x5,medium,12,1040,B2,0,0.0,3
original_fixed,5x5,medium,12,1040,B3,0,0.0,0
original_fixed,5x5,medium,12,1040,B4,0,0.0,3
original_fixed,5x5,medium,12,1040,B5,0,0.0,2
original_fixed,5x5,medium,12,1040,C1,1,5.0,3
original_fixed,5x5,medium,12,1040,C2,0,0.0,3
original_fixed,5x5,medium,12,1040,C3,2,6.0,5
original_fixed,5x5,medium,12,1040,C4,0,0.0,2
original_fixed,5x5,medium,12,1040,C5,0,0.0,5
original_fixed,5x5,medium,12,1040,D1,1,2.0,4
original_fixed,5x5,medium,12,1040,D2,1,2.0,7
original_fixed,5x5,medium,12,1040,D3,0,0.0,8
original_fixed,5x5,medium,12,1040,D4,0,0.0,2
original_fixed,5x5,medium,12,1040,D5,1,1.0,7
original_fixed,5x5,medium,12,1040,E1,0,0.0,3
original_fixed,5x5,medium,12,1040,E2,2,6.0,5
original_fixed,5x5,medium,12,1040,E3,0,0.0,3
original_fixed,5x5,medium,12,1040,E4,1,1.0,6
original_fixed,5x5,medium,12,1040,E5,0,0.0,3
original_fixed,5x5,medium,12,1040,F1,0,0.0,4
original_fixed,5x5,medium,12,1040,F2,1,1.0,5
original_fixed,5x5,medium,12,1040,F3,0,0.0,3
original_fixed,5x5,medium,12,1040,F4,0,0.0,1
original_fixed,5x5,medium,12,1040,F5,1,2.0,3
original_fixed,5x5,medium,12,1045,B1,2,4.0,7
original_fixed,5x5,medium,12,1045,B2,1,1.0,3
original_fixed,5x5,medium,12,1045,B3,0,0.0,1
original_fixed,5x5,medium,12,1045,B4,0,0.0,4
original_fixed,5x5,medium,12,1045,B5,0,0.0,2
original_fixed,5x5,medium,12,1045,C1,1,10.0,2
original_fixed,5x5,medium,12,1045,C2,0,0.0,5
original_fixed,5x5,medium,12,1045,C3,4,22.0,6
original_fixed,5x5,medium,12,1045,C4,0,0.0,2
original_fixed,5x5,medium,12,1045,C5,0,0.0,6
original_fixed,5x5,medium,12,1045,D1,1,7.0,7
original_fixed,5x5,medium,12,1045,D2,1,7.0,8
original_fixed,5x5,medium,12,1045,D3,1,5.0,6
original_fixed,5x5,medium,12,1045,D4,0,0.0,3
original_fixed,5x5,medium,12,1045,D5,1,6.0,7
original_fixed,5x5,medium,12,1045,E1,0,0.0,3
original_fixed,5x5,medium,12,1045,E2,3,19.0,3
original_fixed,5x5,medium,12,1045,E3,1,2.0,4
original_fixed,5x5,medium,12,1045,E4,1,6.0,6
original_fixed,5x5,medium,12,1045,E5,0,0.0,4
original_fixed,5x5,medium,12,1045,F1,1,3.0,4
original_fixed,5x5,medium,12,1045,F2,1,6.0,6
original_fixed,5x5,medium,12,1045,F3,0,0.0,5
original_fixed,5x5,medium,12,1045,F4,0,0.0,2
original_fixed,5x5,medium,12,1045,F5,1,7.0,4
original_fixed,5x5,medium,12,1050,B1,2,14.0,6
original_fixed,5x5,medium,12,1050,B2,1,6.0,3
original_fixed,5x5,medium,12,1050,B3,0,0.0,2
original_fixed,5x5,medium,12,1050,B4,1,4.0,4
original_fixed,5x5,medium,12,1050,B5,0,0.0,2
original_fixed,5x5,medium,12,1050,C1,1,15.0,3
original_fixed,5x5,medium,12,1050,C2,0,0.0,5
original_fixed,5x5,medium,12,1050,C3,4,42.0,6
original_fixed,5x5,medium,12,1050,C4,1,3.0,2
original_fixed,5x5,medium,12,1050,C5,1,3.0,5
original_fixed,5x5,medium,12,1050,D1,1,12.0,7
original_fixed,5x5,medium,12,1050,D2,1,12.0,9
original_fixed,5x5,medium,12,1050,D3,2,13.0,4
original_fixed,5x5,medium,12,1050,D4,1,3.0,3
original_fixed,5x5,medium,12,1050,D5,1,11.0,5
original_fixed,5x5,medium,12,1050,E1,0,0.0,3
original_fixed,5x5,medium,12,1050,E2,3,34.0,3
original_fixed,5x5,medium,12,1050,E3,1,7.0,7
original_fixed,5x5,medium,12,1050,E4,2,13.0,6
original_fixed,5x5,medium,12,1050,E5,0,0.0,6
original_fixed,5x5,medium,12,1050,F1,1,8.0,4
original_fixed,5x5,medium,12,1050,F2,1,11.0,6
original_fixed,5x5,medium,12,1050,F3,0,0.0,5
original_fixed,5x5,medium,12,1050,F4,0,0.0,3
original_fixed,5x5,medium,12,1050,F5,1,12.0,2
original_fixed,5x5,medium,12,1055,B1,2,24.0,7
original_fixed,5x5,medium,12,1055,B2,1,11.0,3
original_fixed,5x5,medium,12,1055,B3,0,0.0,1
original_fixed,5x5,medium,12,1055,B4,1,9.0,2
original_fixed,5x5,medium,12,1055,B5,0,0.0,3
original_fixed,5x5,medium,12,1055,C1,1,20.0,4
original_fixed,5x5,medium,12,1055,C2,0,0.0,4
original_fixed,5x5,medium,12,1055,C3,5,63.0,6
original_fixed,5x5,medium,12,1055,C4,1,8.0,3
original_fixed,5x5,medium,12,1055,C5,1,8.0,5
original_fixed,5x5,medium,12,1055,D1,2,18.0,5
original_fixed,5x5,medium,12,1055,D2,1,17.0,8
original_fixed,5x5,medium,12,1055,D3,1,8.0,3
original_fixed,5x5,medium,12,1055,D4,1,8.0,4
original_fixed,5x5,medium,12,1055,D5,1,16.0,3
original_fixed,5x5,medium,12,1055,E1,1,3.0,4
original_fixed,5x5,medium,12,1055,E2,3,49.0,3
original_fixed,5x5,medium,12,1055,E3,1,12.0,6
original_fixed,5x5,medium,12,1055,E4,2,23.0,5
original_fixed,5x5,medium,12,1055,E5,0,0.0,6
original_fixed,5x5,medium,12,1055,F1,1,13.0,3
original_fixed,5x5,medium,12,1055,F2,2,17.0,7
original_fixed,5x5,medium,12,1055,F3,0,0.0,6
original_fixed,5x5,medium,12,1055,F4,0,0.0,3
original_fixed,5x5,medium,12,1055,F5,1,17.0,3
original_fixed,5x5,medium,12,1060,B1,2,34.0,6
original_fixed,5x5,medium,12,1060,B2,1,16.0,4
original_fixed,5x5,medium,12,1060,B3,0,0.0,0
original_fixed,5x5,medium,12,1060,B4,2,19.0,5
original_fixed,5x5,medium,12,1060,B5,0,0.0,3
original_fixed,5x5,medium,12,1060,C1,2,29.0,5
original_fixed,5x5,medium,12,1060,C2,1,3.0,2
original_fixed,5x5,medium,12,1060,C3,5,88.0,5
original_fixed,5x5,medium,12,1060,C4,1,13.0,3
original_fixed,5x5,medium,12,1060,C5,1,13.0,3
original_fixed,5x5,medium,12,1060,D1,3,31.0,4
original_fixed,5x5,medium,12,1060,D2,3,29.0,8
original_fixed,5x5,medium,12,1060,D3,1,13.0,4
original_fixed,5x5,medium,12,1060,D4,1,13.0,3
original_fixed,5x5,medium,12,1060,D5,1,21.0,2
original_fixed,5x5,medium,12,1060,E1,3,13.0,5
original_fixed,5x5,medium,12,1060,E2,3,64.0,3
original_fixed,5x5,medium,12,1060,E3,1,17.0,6
original_fixed,5x5,medium,12,1060,E4,2,33.0,5
original_fixed,5x5,medium,12,1060,E5,1,2.0,6
original_fixed,5x5,medium,12,1060,F1,1,18.0,2
original_fixed,5x5,medium,12,1060,F2,5,37.0,7
original_fixed,5x5,medium,12,1060,F3,2,8.0,6
original_fixed,5x5,medium,12,1060,F4,0,0.0,2
original_fixed,5x5,medium,12,1060,F5,2,23.0,3
original_fixed,5x5,medium,12,1065,B1,5,55.0,6
original_fixed,5x5,medium,12,1065,B2,1,21.0,6
original_fixed,5x5,medium,12,1065,B3,0,0.0,0
original_fixed,5x5,medium,12,1065,B4,2,29.0,5
original_fixed,5x5,medium,12,1065,B5,0,0.0,5
original_fixed,5x5,medium,12,1065,C1,3,40.0,5
original_fixed,5x5,medium,12,1065,C2,1,8.0,2
original_fixed,5x5,medium,12,1065,C3,5,113.0,5
original_fixed,5x5,medium,12,1065,C4,2,22.0,3
original_fixed,5x5,medium,12,1065,C5,1,18.0,2
original_fixed,5x5,medium,12,1065,D1,3,46.0,4
original_fixed,5x5,medium,12,1065,D2,3,44.0,6
original_fixed,5x5,medium,12,1065,D3,1,18.0,4
original_fixed,5x5,medium,12,1065,D4,1,18.0,5
original_fixed,5x5,medium,12,1065,D5,1,26.0,1
original_fixed,5x5,medium,12,1065,E1,3,28.0,6
original_fixed,5x5,medium,12,1065,E2,3,79.0,3
original_fixed,5x5,medium,12,1065,E3,1,22.0,5
original_fixed,5x5,medium,12,1065,E4,2,43.0,4
original_fixed,5x5,medium,12,1065,E5,2,8.0,6
original_fixed,5x5,medium,12,1065,F1,1,23.0,2
original_fixed,5x5,medium,12,1065,F2,5,62.0,8
original_fixed,5x5,medium,12,1065,F3,3,23.0,9
original_fixed,5x5,medium,12,1065,F4,0,0.0,2
original_fixed,5x5,medium,12,1065,F5,2,33.0,6
original_fixed,5x5,medium,12,1070,B1,5,80.0,6
original_fixed,5x5,medium,12,1070,B2,1,26.0,7
original_fixed,5x5,medium,12,1070,B3,0,0.0,0
original_fixed,5x5,medium,12,1070,B4,2,39.0,5
original_fixed,5x5,medium,12,1070,B5,0,0.0,3
original_fixed,5x5,medium,12,1070,C1,3,55.0,4
original_fixed,5x5,medium,12,1070,C2,1,13.0,2
original_fixed,5x5,medium,12,1070,C3,5,138.0,5
original_fixed,5x5,medium,12,1070,C4,3,34.0,3
original_fixed,5x5,medium,12,1070,C5,1,23.0,2
original_fixed,5x5,medium,12,1070,D1,3,61.0,4
original_fixed,5x5,medium,12,1070,D2,3,59.0,4
original_fixed,5x5,medium,12,1070,D3,1,23.0,4
original_fixed,5x5,medium,12,1070,D4,1,23.0,5
original_fixed,5x5,medium,12,1070,D5,1,31.0,2
original_fixed,5x5,medium,12,1070,E1,3,43.0,6
original_fixed,5x5,medium,12,1070,E2,3,94.0,4
original_fixed,5x5,medium,12,1070,E3,1,27.0,4
original_fixed,5x5,medium,12,1070,E4,2,53.0,4
original_fixed,5x5,medium,12,1070,E5,2,18.0,4
original_fixed,5x5,medium,12,1070,F1,1,28.0,2
original_fixed,5x5,medium,12,1070,F2,5,87.0,8
original_fixed,5x5,medium,12,1070,F3,3,38.0,11
original_fixed,5x5,medium,12,1070,F4,2,5.0,3
original_fixed,5x5,medium,12,1070,F5,2,43.0,6
original_fixed,5x5,medium,12,1075,B1,6,109.0,6
original_fixed,5x5,medium,12,1075,B2,1,31.0,6
original_fixed,5x5,medium,12,1075,B3,0,0.0,0
original_fixed,5x5,medium,12,1075,B4,4,54.0,6
original_fixed,5x5,medium,12,1075,B5,0,0.0,3
original_fixed,5x5,medium,12,1075,C1,3,70.0,3
original_fixed,5x5,medium,12,1075,C2,1,18.0,3
original_fixed,5x5,medium,12,1075,C3,5,163.0,7
original_fixed,5x5,medium,12,1075,C4,3,49.0,3
original_fixed,5x5,medium,12,1075,C5,1,28.0,2
original_fixed,5x5,medium,12,1075,D1,4,78.0,4
original_fixed,5x5,medium,12,1075,D2,3,74.0,4
original_fixed,5x5,medium,12,1075,D3,2,31.0,2
original_fixed,5x5,medium,12,1075,D4,3,33.0,5
original_fixed,5x5,medium,12,1075,D5,1,36.0,2
original_fixed,5x5,medium,12,1075,E1,3,58.0,6
original_fixed,5x5,medium,12,1075,E2,3,109.0,4
original_fixed,5x5,medium,12,1075,E3,3,37.0,5
original_fixed,5x5,medium,12,1075,E4,2,63.0,4
original_fixed,5x5,medium,12,1075,E5,2,28.0,5
original_fixed,5x5,medium,12,1075,F1,1,33.0,3
original_fixed,5x5,medium,12,1075,F2,6,113.0,8
original_fixed,5x5,medium,12,1075,F3,4,54.0,11
original_fixed,5x5,medium,12,1075,F4,1,10.0,4
original_fixed,5x5,medium,12,1075,F5,2,53.0,4
original_fixed,5x5,medium,12,1080,B1,6,139.0,6
original_fixed,5x5,medium,12,1080,B2,2,41.0,5
original_fixed,5x5,medium,12,1080,B3,0,0.0,2
original_fixed,5x5,medium,12,1080,B4,4,74.0,5
original_fixed,5x5,medium,12,1080,B5,1,4.0,4
original_fixed,5x5,medium,12,1080,C1,3,85.0,3
original_fixed,5x5,medium,12,1080,C2,1,23.0,3
original_fixed,5x5,medium,12,1080,C3,5,188.0,7
original_fixed,5x5,medium,12,1080,C4,3,64.0,3
original_fixed,5x5,medium,12,1080,C5,1,33.0,2
original_fixed,5x5,medium,12,1080,D1,4,98.0,4
original_fixed,5x5,medium,12,1080,D2,3,89.0,3
original_fixed,5x5,medium,12,1080,D3,2,41.0,2
original_fixed,5x5,medium,12,1080,D4,5,54.0,5
original_fixed,5x5,medium,12,1080,D5,1,41.0,3
original_fixed,5x5,medium,12,1080,E1,3,73.0,6
original_fixed,5x5,medium,12,1080,E2,3,124.0,5
original_fixed,5x5,medium,12,1080,E3,4,57.0,5
original_fixed,5x5,medium,12,1080,E4,2,73.0,3
original_fixed,5x5,medium,12,1080,E5,2,38.0,5
original_fixed,5x5,medium,12,1080,F1,1,38.0,3
original_fixed,5x5,medium,12,1080,F2,7,145.0,8
original_fixed,5x5,medium,12,1080,F3,5,75.0,8
original_fixed,5x5,medium,12,1080,F4,1,15.0,7
original_fixed,5x5,medium,12,1080,F5,2,63.0,3
original_fixed,5x5,medium,12,1085,B1,1,2.0,4
original_fixed,5x5,medium,12,1085,B2,0,0.0,4
original_fixed,5x5,medium,12,1085,B3,0,0.0,4
original_fixed,5x5,medium,12,1085,B4,0,0.0,2
original_fixed,5x5,medium,12,1085,B5,1,3.0,3
original_fixed,5x5,medium,12,1085,C1,0,0.0,0
original_fixed,5x5,medium,12,1085,C2,0,0.0,4
original_fixed,5x5,medium,12,1085,C3,0,0.0,6
original_fixed,5x5,medium,12,1085,C4,0,0.0,2
original_fixed,5x5,medium,12,1085,C5,1,1.0,1
original_fixed,5x5,medium,12,1085,D1,1,1.0,2
original_fixed,5x5,medium,12,1085,D2,0,0.0,3
original_fixed,5x5,medium,12,1085,D3,0,0.0,3
original_fixed,5x5,medium,12,1085,D4,0,0.0,2
original_fixed,5x5,medium,12,1085,D5,1,2.0,4
original_fixed,5x5,medium,12,1085,E1,2,5.0,5
original_fixed,5x5,medium,12,1085,E2,0,0.0,3
original_fixed,5x5,medium,12,1085,E3,0,0.0,4
original_fixed,5x5,medium,12,1085,E4,0,0.0,2
original_fixed,5x5,medium,12,1085,E5,1,1.0,3
original_fixed,5x5,medium,12,1085,F1,0,0.0,4
original_fixed,5x5,medium,12,1085,F2,1,2.0,5
original_fixed,5x5,medium,12,1085,F3,0,0.0,5
original_fixed,5x5,medium,12,1085,F4,0,0.0,9
original_fixed,5x5,medium,12,1085,F5,0,0.0,1
original_fixed,5x5,medium,12,1090,B1,0,0.0,2
original_fixed,5x5,medium,12,1090,B2,0,0.0,3
original_fixed,5x5,medium,12,1090,B3,0,0.0,6
original_fixed,5x5,medium,12,1090,B4,0,0.0,2
original_fixed,5x5,medium,12,1090,B5,1,8.0,3
original_fixed,5x5,medium,12,1090,C1,0,0.0,2
original_fixed,5x5,medium,12,1090,C2,0,0.0,5
original_fixed,5x5,medium,12,1090,C3,0,0.0,5
original_fixed,5x5,medium,12,1090,C4,0,0.0,2
original_fixed,5x5,medium,12,1090,C5,1,6.0,1
original_fixed,5x5,medium,12,1090,D1,0,0.0,1
original_fixed,5x5,medium,12,1090,D2,0,0.0,2
original_fixed,5x5,medium,12,1090,D3,0,0.0,4
original_fixed,5x5,medium,12,1090,D4,0,0.0,2
original_fixed,5x5,medium,12,1090,D5,1,7.0,6
original_fixed,5x5,medium,12,1090,E1,2,15.0,6
original_fixed,5x5,medium,12,1090,E2,1,4.0,5
original_fixed,5x5,medium,12,1090,E3,0,0.0,2
original_fixed,5x5,medium,12,1090,E4,1,3.0,4
original_fixed,5x5,medium,12,1090,E5,1,6.0,4
original_fixed,5x5,medium,12,1090,F1,1,5.0,5
original_fixed,5x5,medium,12,1090,F2,1,7.0,5
original_fixed,5x5,medium,12,1090,F3,0,0.0,3
original_fixed,5x5,medium,12,1090,F4,0,0.0,10
original_fixed,5x5,medium,12,1090,F5,0,0.0,1
original_fixed,5x5,medium,12,1095,B1,0,0.0,4
original_fixed,5x5,medium,12,1095,B2,1,2.0,3
original_fixed,5x5,medium,12,1095,B3,0,0.0,5
original_fixed,5x5,medium,12,1095,B4,0,0.0,4
original_fixed,5x5,medium,12,1095,B5,1,13.0,1
original_fixed,5x5,medium,12,1095,C1,0,0.0,3
original_fixed,5x5,medium,12,1095,C2,0,0.0,5
original_fixed,5x5,medium,12,1095,C3,1,5.0,5
original_fixed,5x5,medium,12,1095,C4,0,0.0,3
original_fixed,5x5,medium,12,1095,C5,1,11.0,3
original_fixed,5x5,medium,12,1095,D1,0,0.0,2
original_fixed,5x5,medium,12,1095,D2,0,0.0,2
original_fixed,5x5,medium,12,1095,D3,0,0.0,4
original_fixed,5x5,medium,12,1095,D4,0,0.0,2
original_fixed,5x5,medium,12,1095,D5,1,12.0,6
original_fixed,5x5,medium,12,1095,E1,3,27.0,8
original_fixed,5x5,medium,12,1095,E2,1,9.0,6
original_fixed,5x5,medium,12,1095,E3,1,3.0,2
original_fixed,5x5,medium,12,1095,E4,1,8.0,5
original_fixed,5x5,medium,12,1095,E5,1,11.0,4
original_fixed,5x5,medium,12,1095,F1,2,14.0,5
original_fixed,5x5,medium,12,1095,F2,1,12.0,4
original_fixed,5x5,medium,12,1095,F3,0,0.0,4
original_fixed,5x5,medium,12,1095,F4,1,1.0,8
original_fixed,5x5,medium,12,1095,F5,0,0.0,2
original_fixed,5x5,medium,12,1100,B1,0,0.0,3
original_fixed,5x5,medium,12,1100,B2,2,8.0,2
original_fixed,5x5,medium,12,1100,B3,0,0.0,4
original_fixed,5x5,medium,12,1100,B4,0,0.0,6
original_fixed,5x5,medium,12,1100,B5,1,18.0,1
original_fixed,5x5,medium,12,1100,C1,0,0.0,2
original_fixed,5x5,medium,12,1100,C2,0,0.0,6
original_fixed,5x5,medium,12,1100,C3,1,10.0,4
original_fixed,5x5,medium,12,1100,C4,0,0.0,3
original_fixed,5x5,medium,12,1100,C5,1,16.0,3
original_fixed,5x5,medium,12,1100,D1,0,0.0,2
original_fixed,5x5,medium,12,1100,D2,0,0.0,1
original_fixed,5x5,medium,12,1100,D3,0,0.0,3
original_fixed,5x5,medium,12,1100,D4,0,0.0,2
original_fixed,5x5,medium,12,1100,D5,1,17.0,5
original_fixed,5x5,medium,12,1100,E1,3,42.0,7
original_fixed,5x5,medium,12,1100,E2,1,14.0,6
original_fixed,5x5,medium,12,1100,E3,1,8.0,3
original_fixed,5x5,medium,12,1100,E4,1,13.0,4
original_fixed,5x5,medium,12,1100,E5,2,18.0,5
original_fixed,5x5,medium,12,1100,F1,2,24.0,5
original_fixed,5x5,medium,12,1100,F2,1,17.0,4
original_fixed,5x5,medium,12,1100,F3,0,0.0,3
original_fixed,5x5,medium,12,1100,F4,3,13.0,8
original_fixed,5x5,medium,12,1100,F5,0,0.0,1
original_fixed,5x5,medium,12,1105,B1,0,0.0,2
original_fixed,5x5,medium,12,1105,B2,2,18.0,4
original_fixed,5x5,medium,12,1105,B3,0,0.0,2
original_fixed,5x5,medium,12,1105,B4,0,0.0,5
original_fixed,5x5,medium,12,1105,B5,1,23.0,2
original_fixed,5x5,medium,12,1105,C1,0,0.0,6
original_fixed,5x5,medium,12,1105,C2,0,0.0,3
original_fixed,5x5,medium,12,1105,C3,2,20.0,5
original_fixed,5x5,medium,12,1105,C4,2,9.0,5
original_fixed,5x5,medium,12,1105,C5,1,21.0,3
original_fixed,5x5,medium,12,1105,D1,1,3.0,2
original_fixed,5x5,medium,12,1105,D2,0,0.0,0
original_fixed,5x5,medium,12,1105,D3,0,0.0,4
original_fixed,5x5,medium,12,1105,D4,1,3.0,4
original_fixed,5x5,medium,12,1105,D5,3,30.0,4
original_fixed,5x5,medium,12,1105,E1,4,60.0,7
original_fixed,5x5,medium,12,1105,E2,2,22.0,6
original_fixed,5x5,medium,12,1105,E3,1,13.0,3
original_fixed,5x5,medium,12,1105,E4,2,22.0,4
original_fixed,5x5,medium,12,1105,E5,2,28.0,4
original_fixed,5x5,medium,12,1105,F1,3,36.0,5
original_fixed,5x5,medium,12,1105,F2,1,22.0,4
original_fixed,5x5,medium,12,1105,F3,0,0.0,3
original_fixed,5x5,medium,12,1105,F4,3,28.0,6
original_fixed,5x5,medium,12,1105,F5,0,0.0,4
original_fixed,5x5,medium,12,1110,B1,0,0.0,1
original_fixed,5x5,medium,12,1110,B2,2,28.0,5
original_fixed,5x5,medium,12,1110,B3,0,0.0,3
original_fixed,5x5,medium,12,1110,B4,1,4.0,5
original_fixed,5x5,medium,12,1110,B5,1,28.0,2
original_fixed,5x5,medium,12,1110,C1,2,7.0,6
original_fixed,5x5,medium,12,1110,C2,0,0.0,3
original_fixed,5x5,medium,12,1110,C3,2,30.0,4
original_fixed,5x5,medium,12,1110,C4,2,19.0,5
original_fixed,5x5,medium,12,1110,C5,1,26.0,2
original_fixed,5x5,medium,12,1110,D1,1,8.0,1
original_fixed,5x5,medium,12,1110,D2,0,0.0,2
original_fixed,5x5,medium,12,1110,D3,1,5.0,4
original_fixed,5x5,medium,12,1110,D4,1,8.0,4
original_fixed,5x5,medium,12,1110,D5,3,45.0,5
original_fixed,5x5,medium,12,1110,E1,5,82.0,6
original_fixed,5x5,medium,12,1110,E2,2,32.0,5
original_fixed,5x5,medium,12,1110,E3,1,18.0,3
original_fixed,5x5,medium,12,1110,E4,4,36.0,4
original_fixed,5x5,medium,12,1110,E5,3,42.0,5
original_fixed,5x5,medium,12,1110,F1,4,56.0,5
original_fixed,5x5,medium,12,1110,F2,1,27.0,6
original_fixed,5x5,medium,12,1110,F3,0,0.0,2
original_fixed,5x5,medium,12,1110,F4,3,43.0,5
original_fixed,5x5,medium,12,1110,F5,0,0.0,5
original_fixed,5x5,medium,12,1115,B1,0,0.0,1
original_fixed,5x5,medium,12,1115,B2,2,38.0,6
original_fixed,5x5,medium,12,1115,B3,0,0.0,3
original_fixed,5x5,medium,12,1115,B4,2,11.0,4
original_fixed,5x5,medium,12,1115,B5,1,33.0,4
original_fixed,5x5,medium,12,1115,C1,2,17.0,6
original_fixed,5x5,medium,12,1115,C2,0,0.0,1
original_fixed,5x5,medium,12,1115,C3,2,40.0,5
original_fixed,5x5,medium,12,1115,C4,2,29.0,5
original_fixed,5x5,medium,12,1115,C5,2,35.0,3
original_fixed,5x5,medium,12,1115,D1,1,13.0,1
original_fixed,5x5,medium,12,1115,D2,0,0.0,2
original_fixed,5x5,medium,12,1115,D3,2,11.0,4
original_fixed,5x5,medium,12,1115,D4,1,13.0,3
original_fixed,5x5,medium,12,1115,D5,3,60.0,5
original_fixed,5x5,medium,12,1115,E1,5,107.0,7
original_fixed,5x5,medium,12,1115,E2,2,42.0,3
original_fixed,5x5,medium,12,1115,E3,1,23.0,2
original_fixed,5x5,medium,12,1115,E4,4,56.0,5
original_fixed,5x5,medium,12,1115,E5,3,57.0,5
original_fixed,5x5,medium,12,1115,F1,4,76.0,4
original_fixed,5x5,medium,12,1115,F2,1,32.0,7
original_fixed,5x5,medium,12,1115,F3,1,4.0,2
original_fixed,5x5,medium,12,1115,F4,3,58.0,4
original_fixed,5x5,medium,12,1115,F5,0,0.0,6
original_fixed,5x5,medium,12,1120,B1,0,0.0,3
original_fixed,5x5,medium,12,1120,B2,2,48.0,5
original_fixed,5x5,medium,12,1120,B3,1,4.0,3
original_fixed,5x5,medium,12,1120,B4,2,21.0,6
original_fixed,5x5,medium,12,1120,B5,1,38.0,4
original_fixed,5x5,medium,12,1120,C1,3,32.0,5
original_fixed,5x5,medium,12,1120,C2,0,0.0,0
original_fixed,5x5,medium,12,1120,C3,4,54.0,5
original_fixed,5x5,medium,12,1120,C4,3,41.0,5
original_fixed,5x5,medium,12,1120,C5,2,45.0,3
original_fixed,5x5,medium,12,1120,D1,1,18.0,1
original_fixed,5x5,medium,12,1120,D2,0,0.0,3
original_fixed,5x5,medium,12,1120,D3,2,21.0,4
original_fixed,5x5,medium,12,1120,D4,1,18.0,2
original_fixed,5x5,medium,12,1120,D5,3,75.0,6
original_fixed,5x5,medium,12,1120,E1,5,132.0,8
original_fixed,5x5,medium,12,1120,E2,2,52.0,3
original_fixed,5x5,medium,12,1120,E3,2,30.0,2
original_fixed,5x5,medium,12,1120,E4,4,76.0,6
original_fixed,5x5,medium,12,1120,E5,3,72.0,5
original_fixed,5x5,medium,12,1120,F1,4,96.0,5
original_fixed,5x5,medium,12,1120,F2,2,41.0,7
original_fixed,5x5,medium,12,1120,F3,1,9.0,3
original_fixed,5x5,medium,12,1120,F4,4,76.0,5
original_fixed,5x5,medium,12,1120,F5,0,0.0,4
original_fixed,5x5,medium,12,1125,B1,0,0.0,5
original_fixed,5x5,medium,12,1125,B2,2,58.0,5
original_fixed,5x5,medium,12,1125,B3,1,9.0,2
original_fixed,5x5,medium,12,1125,B4,2,31.0,6
original_fixed,5x5,medium,12,1125,B5,1,43.0,4
original_fixed,5x5,medium,12,1125,C1,4,51.0,4
original_fixed,5x5,medium,12,1125,C2,0,0.0,0
original_fixed,5x5,medium,12,1125,C3,4,74.0,5
original_fixed,5x5,medium,12,1125,C4,3,56.0,4
original_fixed,5x5,medium,12,1125,C5,2,55.0,3
original_fixed,5x5,medium,12,1125,D1,1,23.0,1
original_fixed,5x5,medium,12,1125,D2,1,2.0,3
original_fixed,5x5,medium,12,1125,D3,2,31.0,5
original_fixed,5x5,medium,12,1125,D4,1,23.0,3
original_fixed,5x5,medium,12,1125,D5,3,90.0,6
original_fixed,5x5,medium,12,1125,E1,5,157.0,8
original_fixed,5x5,medium,12,1125,E2,2,62.0,3
original_fixed,5x5,medium,12,1125,E3,2,40.0,2
original_fixed,5x5,medium,12,1125,E4,4,96.0,6
original_fixed,5x5,medium,12,1125,E5,3,87.0,5
original_fixed,5x5,medium,12,1125,F1,4,116.0,7
original_fixed,5x5,medium,12,1125,F2,2,51.0,6
original_fixed,5x5,medium,12,1125,F3,1,14.0,4
original_fixed,5x5,medium,12,1125,F4,4,96.0,5
original_fixed,5x5,medium,12,1125,F5,0,0.0,2
original_fixed,5x5,medium,12,1130,B1,0,0.0,4
original_fixed,5x5,medium,12,1130,B2,0,0.0,2
original_fixed,5x5,medium,12,1130,B3,0,0.0,2
original_fixed,5x5,medium,12,1130,B4,1,1.0,6
original_fixed,5x5,medium,12,1130,B5,0,0.0,4
original_fixed,5x5,medium,12,1130,C1,0,0.0,3
original_fixed,5x5,medium,12,1130,C2,0,0.0,1
original_fixed,5x5,medium,12,1130,C3,1,1.0,4
original_fixed,5x5,medium,12,1130,C4,0,0.0,1
original_fixed,5x5,medium,12,1130,C5,1,1.0,2
original_fixed,5x5,medium,12,1130,D1,0,0.0,2
original_fixed,5x5,medium,12,1130,D2,0,0.0,2
original_fixed,5x5,medium,12,1130,D3,0,0.0,5
original_fixed,5x5,medium,12,1130,D4,0,0.0,4
original_fixed,5x5,medium,12,1130,D5,1,4.0,6
original_fixed,5x5,medium,12,1130,E1,0,0.0,6
original_fixed,5x5,medium,12,1130,E2,0,0.0,3
original_fixed,5x5,medium,12,1130,E3,0,0.0,1
original_fixed,5x5,medium,12,1130,E4,0,0.0,4
original_fixed,5x5,medium,12,1130,E5,0,0.0,2
original_fixed,5x5,medium,12,1130,F1,0,0.0,4
original_fixed,5x5,medium,12,1130,F2,1,4.0,4
original_fixed,5x5,medium,12,1130,F3,0,0.0,4
original_fixed,5x5,medium,12,1130,F4,0,0.0,4
original_fixed,5x5,medium,12,1130,F5,2,3.0,2
original_fixed,5x5,medium,12,1135,B1,1,1.0,4
original_fixed,5x5,medium,12,1135,B2,0,0.0,1
original_fixed,5x5,medium,12,1135,B3,0,0.0,5
original_fixed,5x5,medium,12,1135,B4,1,6.0,5
original_fixed,5x5,medium,12,1135,B5,2,9.0,3
original_fixed,5x5,medium,12,1135,C1,0,0.0,3
original_fixed,5x5,medium,12,1135,C2,0,0.0,2
original_fixed,5x5,medium,12,1135,C3,1,6.0,6
original_fixed,5x5,medium,12,1135,C4,0,0.0,3
original_fixed,5x5,medium,12,1135,C5,1,6.0,4
original_fixed,5x5,medium,12,1135,D1,0,0.0,3
original_fixed,5x5,medium,12,1135,D2,0,0.0,1
original_fixed,5x5,medium,12,1135,D3,0,0.0,5
original_fixed,5x5,medium,12,1135,D4,0,0.0,6
original_fixed,5x5,medium,12,1135,D5,1,9.0,6
original_fixed,5x5,medium,12,1135,E1,1,3.0,5
original_fixed,5x5,medium,12,1135,E2,0,0.0,6
original_fixed,5x5,medium,12,1135,E3,0,0.0,4
original_fixed,5x5,medium,12,1135,E4,2,5.0,4
original_fixed,5x5,medium,12,1135,E5,0,0.0,2
original_fixed,5x5,medium,12,1135,F1,0,0.0,3
original_fixed,5x5,medium,12,1135,F2,2,14.0,6
original_fixed,5x5,medium,12,1135,F3,0,0.0,3
original_fixed,5x5,medium,12,1135,F4,0,0.0,2
original_fixed,5x5,medium,12,1135,F5,2,13.0,2
original_fixed,5x5,medium,12,1140,B1,2,9.0,3
original_fixed,5x5,medium,12,1140,B2,1,3.0,1
original_fixed,5x5,medium,12,1140,B3,0,0.0,5
original_fixed,5x5,medium,12,1140,B4,2,15.0,5
original_fixed,5x5,medium,12,1140,B5,2,19.0,5
original_fixed,5x5,medium,12,1140,C1,0,0.0,3
original_fixed,5x5,medium,12,1140,C2,0,0.0,1
original_fixed,5x5,medium,12,1140,C3,1,11.0,7
original_fixed,5x5,medium,12,1140,C4,0,0.0,4
original_fixed,5x5,medium,12,1140,C5,1,11.0,4
original_fixed,5x5,medium,12,1140,D1,0,0.0,4
original_fixed,5x5,medium,12,1140,D2,1,1.0,2
original_fixed,5x5,medium,12,1140,D3,1,5.0,4
original_fixed,5x5,medium,12,1140,D4,1,2.0,6
original_fixed,5x5,medium,12,1140,D5,2,17.0,6
original_fixed,5x5,medium,12,1140,E1,2,8.0,4
original_fixed,5x5,medium,12,1140,E2,0,0.0,8
original_fixed,5x5,medium,12,1140,E3,0,0.0,5
original_fixed,5x5,medium,12,1140,E4,2,15.0,4
original_fixed,5x5,medium,12,1140,E5,0,0.0,2
original_fixed,5x5,medium,12,1140,F1,1,4.0,2
original_fixed,5x5,medium,12,1140,F2,3,26.0,8
original_fixed,5x5,medium,12,1140,F3,0,0.0,3
original_fixed,5x5,medium,12,1140,F4,1,1.0,2
original_fixed,5x5,medium,12,1140,F5,2,23.0,3
original_fixed,5x5,medium,12,1145,B1,2,19.0,3
original_fixed,5x5,medium,12,1145,B2,1,8.0,1
original_fixed,5x5,medium,12,1145,B3,0,0.0,5
original_fixed,5x5,medium,12,1145,B4,2,25.0,3
original_fixed,5x5,medium,12,1145,B5,3,31.0,5
original_fixed,5x5,medium,12,1145,C1,0,0.0,3
original_fixed,5x5,medium,12,1145,C2,0,0.0,1
original_fixed,5x5,medium,12,1145,C3,1,16.0,7
original_fixed,5x5,medium,12,1145,C4,0,0.0,5
original_fixed,5x5,medium,12,1145,C5,1,16.0,3
original_fixed,5x5,medium,12,1145,D1,0,0.0,4
original_fixed,5x5,medium,12,1145,D2,1,6.0,3
original_fixed,5x5,medium,12,1145,D3,2,15.0,2
original_fixed,5x5,medium,12,1145,D4,1,7.0,4
original_fixed,5x5,medium,12,1145,D5,3,30.0,7
original_fixed,5x5,medium,12,1145,E1,2,18.0,5
original_fixed,5x5,medium,12,1145,E2,1,3.0,6
original_fixed,5x5,medium,12,1145,E3,0,0.0,5
original_fixed,5x5,medium,12,1145,E4,2,25.0,5
original_fixed,5x5,medium,12,1145,E5,0,0.0,4
original_fixed,5x5,medium,12,1145,F1,2,13.0,4
original_fixed,5x5,medium,12,1145,F2,3,41.0,9
original_fixed,5x5,medium,12,1145,F3,0,0.0,1
original_fixed,5x5,medium,12,1145,F4,1,6.0,5
original_fixed,5x5,medium,12,1145,F5,2,33.0,3
original_fixed,5x5,medium,12,1150,B1,3,34.0,5
original_fixed,5x5,medium,12,1150,B2,1,13.0,2
original_fixed,5x5,medium,12,1150,B3,1,4.0,2
original_fixed,5x5,medium,12,1150,B4,3,40.0,3
original_fixed,5x5,medium,12,1150,B5,3,46.0,9
original_fixed,5x5,medium,12,1150,C1,0,0.0,4
original_fixed,5x5,medium,12,1150,C2,0,0.0,1
original_fixed,5x5,medium,12,1150,C3,1,21.0,7
original_fixed,5x5,medium,12,1150,C4,0,0.0,5
original_fixed,5x5,medium,12,1150,C5,1,21.0,1
original_fixed,5x5,medium,12,1150,D1,0,0.0,5
original_fixed,5x5,medium,12,1150,D2,1,11.0,4
original_fixed,5x5,medium,12,1150,D3,2,25.0,4
original_fixed,5x5,medium,12,1150,D4,1,12.0,4
original_fixed,5x5,medium,12,1150,D5,5,52.0,6
original_fixed,5x5,medium,12,1150,E1,2,28.0,5
original_fixed,5x5,medium,12,1150,E2,2,11.0,5
original_fixed,5x5,medium,12,1150,E3,1,5.0,6
original_fixed,5x5,medium,12,1150,E4,2,35.0,6
original_fixed,5x5,medium,12,1150,E5,2,3.0,4
original_fixed,5x5,medium,12,1150,F1,2,23.0,4
original_fixed,5x5,medium,12,1150,F2,5,62.0,10
original_fixed,5x5,medium,12,1150,F3,0,0.0,0
original_fixed,5x5,medium,12,1150,F4,2,15.0,7
original_fixed,5x5,medium,12,1150,F5,2,43.0,2
original_fixed,5x5,medium,12,1155,B1,3,49.0,5
original_fixed,5x5,medium,12,1155,B2,1,18.0,3
original_fixed,5x5,medium,12,1155,B3,2,14.0,4
original_fixed,5x5,medium,12,1155,B4,3,55.0,3
original_fixed,5x5,medium,12,1155,B5,3,61.0,8
original_fixed,5x5,medium,12,1155,C1,1,3.0,4
original_fixed,5x5,medium,12,1155,C2,1,5.0,1
original_fixed,5x5,medium,12,1155,C3,2,29.0,6
original_fixed,5x5,medium,12,1155,C4,0,0.0,5
original_fixed,5x5,medium,12,1155,C5,1,26.0,1
original_fixed,5x5,medium,12,1155,D1,0,0.0,3
original_fixed,5x5,medium,12,1155,D2,1,16.0,3
original_fixed,5x5,medium,12,1155,D3,2,35.0,5
original_fixed,5x5,medium,12,1155,D4,2,21.0,5
original_fixed,5x5,medium,12,1155,D5,3,60.0,5
original_fixed,5x5,medium,12,1155,E1,2,38.0,5
original_fixed,5x5,medium,12,1155,E2,4,25.0,5
original_fixed,5x5,medium,12,1155,E3,2,13.0,4
original_fixed,5x5,medium,12,1155,E4,2,45.0,6
original_fixed,5x5,medium,12,1155,E5,2,13.0,5
original_fixed,5x5,medium,12,1155,F1,2,33.0,3
original_fixed,5x5,medium,12,1155,F2,7,94.0,10
original_fixed,5x5,medium,12,1155,F3,0,0.0,0
original_fixed,5x5,medium,12,1155,F4,2,25.0,8
original_fixed,5x5,medium,12,1155,F5,2,53.0,3
original_fixed,5x5,medium,12,1160,B1,3,64.0,6
original_fixed,5x5,medium,12,1160,B2,1,23.0,3
original_fixed,5x5,medium,12,1160,B3,2,24.0,4
original_fixed,5x5,medium,12,1160,B4,3,70.0,4
original_fixed,5x5,medium,12,1160,B5,4,81.0,8
original_fixed,5x5,medium,12,1160,C1,1,8.0,3
original_fixed,5x5,medium,12,1160,C2,1,10.0,2
original_fixed,5x5,medium,12,1160,C3,2,39.0,4
original_fixed,5x5,medium,12,1160,C4,0,0.0,5
original_fixed,5x5,medium,12,1160,C5,1,31.0,1
original_fixed,5x5,medium,12,1160,D1,0,0.0,3
original_fixed,5x5,medium,12,1160,D2,1,21.0,4
original_fixed,5x5,medium,12,1160,D3,2,45.0,6
original_fixed,5x5,medium,12,1160,D4,2,31.0,4
original_fixed,5x5,medium,12,1160,D5,3,75.0,4
original_fixed,5x5,medium,12,1160,E1,2,48.0,5
original_fixed,5x5,medium,12,1160,E2,4,45.0,5
original_fixed,5x5,medium,12,1160,E3,2,23.0,3
original_fixed,5x5,medium,12,1160,E4,2,55.0,7
original_fixed,5x5,medium,12,1160,E5,2,23.0,7
original_fixed,5x5,medium,12,1160,F1,2,43.0,2
original_fixed,5x5,medium,12,1160,F2,8,134.0,9
original_fixed,5x5,medium,12,1160,F3,0,0.0,2
original_fixed,5x5,medium,12,1160,F4,2,35.0,6
original_fixed,5x5,medium,12,1160,F5,2,63.0,3
original_fixed,5x5,medium,12,1165,B1,4,80.0,6
original_fixed,5x5,medium,12,1165,B2,1,28.0,4
original_fixed,5x5,medium,12,1165,B3,2,34.0,4
original_fixed,5x5,medium,12,1165,B4,3,85.0,5
original_fixed,5x5,medium,12,1165,B5,6,106.0,7
original_fixed,5x5,medium,12,1165,C1,1,13.0,2
original_fixed,5x5,medium,12,1165,C2,2,15.0,4
original_fixed,5x5,medium,12,1165,C3,2,49.0,4
original_fixed,5x5,medium,12,1165,C4,0,0.0,5
original_fixed,5x5,medium,12,1165,C5,1,36.0,3
original_fixed,5x5,medium,12,1165,D1,1,3.0,3
original_fixed,5x5,medium,12,1165,D2,1,26.0,3
original_fixed,5x5,medium,12,1165,D3,2,55.0,5
original_fixed,5x5,medium,12,1165,D4,2,41.0,6
original_fixed,5x5,medium,12,1165,D5,3,90.0,5
original_fixed,5x5,medium,12,1165,E1,3,61.0,5
original_fixed,5x5,medium,12,1165,E2,5,70.0,5
original_fixed,5x5,medium,12,1165,E3,2,33.0,2
original_fixed,5x5,medium,12,1165,E4,2,65.0,5
original_fixed,5x5,medium,12,1165,E5,4,38.0,8
original_fixed,5x5,medium,12,1165,F1,2,53.0,3
original_fixed,5x5,medium,12,1165,F2,9,174.0,9
original_fixed,5x5,medium,12,1165,F3,0,0.0,2
original_fixed,5x5,medium,12,1165,F4,3,49.0,8
original_fixed,5x5,medium,12,1165,F5,2,73.0,4
original_fixed,5x5,medium,12,1170,B1,4,100.0,7
original_fixed,5x5,medium,12,1170,B2,2,34.0,3
original_fixed,5x5,medium,12,1170,B3,2,44.0,3
original_fixed,5x5,medium,12,1170,B4,3,100.0,6
original_fixed,5x5,medium,12,1170,B5,6,136.0,7
original_fixed,5x5,medium,12,1170,C1,2,22.0,2
original_fixed,5x5,medium,12,1170,C2,1,20.0,4
original_fixed,5x5,medium,12,1170,C3,3,62.0,4
original_fixed,5x5,medium,12,1170,C4,1,5.0,4
original_fixed,5x5,medium,12,1170,C5,1,41.0,3
original_fixed,5x5,medium,12,1170,D1,1,8.0,2
original_fixed,5x5,medium,12,1170,D2,1,31.0,4
original_fixed,5x5,medium,12,1170,D3,3,67.0,6
original_fixed,5x5,medium,12,1170,D4,2,51.0,5
original_fixed,5x5,medium,12,1170,D5,3,105.0,5
original_fixed,5x5,medium,12,1170,E1,3,76.0,4
original_fixed,5x5,medium,12,1170,E2,5,95.0,5
original_fixed,5x5,medium,12,1170,E3,2,43.0,3
original_fixed,5x5,medium,12,1170,E4,2,75.0,6
original_fixed,5x5,medium,12,1170,E5,4,58.0,9
original_fixed,5x5,medium,12,1170,F1,2,63.0,4
original_fixed,5x5,medium,12,1170,F2,8,214.0,10
original_fixed,5x5,medium,12,1170,F3,0,0.0,1
original_fixed,5x5,medium,12,1170,F4,4,68.0,7
original_fixed,5x5,medium,12,1170,F5,3,84.0,5
original_fixed,5x5,medium,12,1175,B1,1,2.0,5
original_fixed,5x5,medium,12,1175,B2,0,0.0,2
original_fixed,5x5,medium,12,1175,B3,1,5.0,2
original_fixed,5x5,medium,12,1175,B4,0,0.0,5
original_fixed,5x5,medium,12,1175,B5,1,4.0,4
original_fixed,5x5,medium,12,1175,C1,0,0.0,0
original_fixed,5x5,medium,12,1175,C2,0,0.0,6
original_fixed,5x5,medium,12,1175,C3,0,0.0,2
original_fixed,5x5,medium,12,1175,C4,0,0.0,4
original_fixed,5x5,medium,12,1175,C5,0,0.0,1
original_fixed,5x5,medium,12,1175,D1,0,0.0,2
original_fixed,5x5,medium,12,1175,D2,0,0.0,5
original_fixed,5x5,medium,12,1175,D3,1,1.0,4
original_fixed,5x5,medium,12,1175,D4,0,0.0,6
original_fixed,5x5,medium,12,1175,D5,0,0.0,4
original_fixed,5x5,medium,12,1175,E1,0,0.0,3
original_fixed,5x5,medium,12,1175,E2,0,0.0,5
original_fixed,5x5,medium,12,1175,E3,0,0.0,3
original_fixed,5x5,medium,12,1175,E4,1,3.0,4
original_fixed,5x5,medium,12,1175,E5,2,5.0,9
original_fixed,5x5,medium,12,1175,F1,0,0.0,2
original_fixed,5x5,medium,12,1175,F2,0,0.0,6
original_fixed,5x5,medium,12,1175,F3,0,0.0,3
original_fixed,5x5,medium,12,1175,F4,1,1.0,6
original_fixed,5x5,medium,12,1175,F5,0,0.0,2
original_fixed,5x5,medium,12,1180,B1,1,7.0,4
original_fixed,5x5,medium,12,1180,B2,0,0.0,2
original_fixed,5x5,medium,12,1180,B3,1,10.0,4
original_fixed,5x5,medium,12,1180,B4,0,0.0,4
original_fixed,5x5,medium,12,1180,B5,1,9.0,2
original_fixed,5x5,medium,12,1180,C1,0,0.0,0
original_fixed,5x5,medium,12,1180,C2,2,6.0,8
original_fixed,5x5,medium,12,1180,C3,0,0.0,2
original_fixed,5x5,medium,12,1180,C4,0,0.0,3
original_fixed,5x5,medium,12,1180,C5,0,0.0,3
original_fixed,5x5,medium,12,1180,D1,0,0.0,1
original_fixed,5x5,medium,12,1180,D2,0,0.0,6
original_fixed,5x5,medium,12,1180,D3,2,9.0,5
original_fixed,5x5,medium,12,1180,D4,1,1.0,8
original_fixed,5x5,medium,12,1180,D5,0,0.0,2
original_fixed,5x5,medium,12,1180,E1,0,0.0,1
original_fixed,5x5,medium,12,1180,E2,0,0.0,6
original_fixed,5x5,medium,12,1180,E3,0,0.0,5
original_fixed,5x5,medium,12,1180,E4,2,11.0,6
original_fixed,5x5,medium,12,1180,E5,3,17.0,8
original_fixed,5x5,medium,12,1180,F1,0,0.0,2
original_fixed,5x5,medium,12,1180,F2,0,0.0,4
original_fixed,5x5,medium,12,1180,F3,0,0.0,5
original_fixed,5x5,medium,12,1180,F4,1,5.0,4
original_fixed,5x5,medium,12,1180,F5,0,0.0,2
original_fixed,5x5,medium,12,1185,B1,2,17.0,4
original_fixed,5x5,medium,12,1185,B2,0,0.0,2
original_fixed,5x5,medium,12,1185,B3,1,15.0,4
original_fixed,5x5,medium,12,1185,B4,1,5.0,3
original_fixed,5x5,medium,12,1185,B5,1,14.0,2
original_fixed,5x5,medium,12,1185,C1,0,0.0,0
original_fixed,5x5,medium,12,1185,C2,2,16.0,8
original_fixed,5x5,medium,12,1185,C3,0,0.0,2
original_fixed,5x5,medium,12,1185,C4,0,0.0,3
original_fixed,5x5,medium,12,1185,C5,1,1.0,4
original_fixed,5x5,medium,12,1185,D1,0,0.0,1
original_fixed,5x5,medium,12,1185,D2,0,0.0,6
original_fixed,5x5,medium,12,1185,D3,2,19.0,5
original_fixed,5x5,medium,12,1185,D4,2,10.0,8
original_fixed,5x5,medium,12,1185,D5,0,0.0,2
original_fixed,5x5,medium,12,1185,E1,0,0.0,2
original_fixed,5x5,medium,12,1185,E2,0,0.0,6
original_fixed,5x5,medium,12,1185,E3,1,3.0,5
original_fixed,5x5,medium,12,1185,E4,3,23.0,6
original_fixed,5x5,medium,12,1185,E5,4,34.0,8
original_fixed,5x5,medium,12,1185,F1,0,0.0,3
original_fixed,5x5,medium,12,1185,F2,0,0.0,1
original_fixed,5x5,medium,12,1185,F3,0,0.0,6
original_fixed,5x5,medium,12,1185,F4,3,18.0,5
original_fixed,5x5,medium,12,1185,F5,0,0.0,2
original_fixed,5x5,medium,12,1190,B1,2,27.0,4
original_fixed,5x5,medium,12,1190,B2,0,0.0,0
original_fixed,5x5,medium,12,1190,B3,1,20.0,4
original_fixed,5x5,medium,12,1190,B4,1,10.0,3
original_fixed,5x5,medium,12,1190,B5,1,19.0,2
original_fixed,5x5,medium,12,1190,C1,0,0.0,1
original_fixed,5x5,medium,12,1190,C2,2,26.0,6
original_fixed,5x5,medium,12,1190,C3,0,0.0,1
original_fixed,5x5,medium,12,1190,C4,0,0.0,3
original_fixed,5x5,medium,12,1190,C5,1,6.0,7
original_fixed,5x5,medium,12,1190,D1,0,0.0,1
original_fixed,5x5,medium,12,1190,D2,0,0.0,4
original_fixed,5x5,medium,12,1190,D3,4,32.0,6
original_fixed,5x5,medium,12,1190,D4,2,20.0,5
original_fixed,5x5,medium,12,1190,D5,0,0.0,3
original_fixed,5x5,medium,12,1190,E1,0,0.0,2
original_fixed,5x5,medium,12,1190,E2,1,1.0,8
original_fixed,5x5,medium,12,1190,E3,2,10.0,3
original_fixed,5x5,medium,12,1190,E4,4,40.0,8
original_fixed,5x5,medium,12,1190,E5,4,54.0,7
original_fixed,5x5,medium,12,1190,F1,1,3.0,3
original_fixed,5x5,medium,12,1190,F2,0,0.0,1
original_fixed,5x5,medium,12,1190,F3,0,0.0,6
original_fixed,5x5,medium,12,1190,F4,3,33.0,4
original_fixed,5x5,medium,12,1190,F5,0,0.0,2
original_fixed,5x5,medium,12,1195,B1,2,37.0,5
original_fixed,5x5,medium,12,1195,B2,0,0.0,0
original_fixed,5x5,medium,12,1195,B3,2,26.0,3
original_fixed,5x5,medium,12,1195,B4,1,15.0,4
original_fixed,5x5,medium,12,1195,B5,1,24.0,4
original_fixed,5x5,medium,12,1195,C1,0,0.0,4
original_fixed,5x5,medium,12,1195,C2,3,40.0,5
original_fixed,5x5,medium,12,1195,C3,1,1.0,3
original_fixed,5x5,medium,12,1195,C4,0,0.0,3
original_fixed,5x5,medium,12,1195,C5,1,11.0,6
original_fixed,5x5,medium,12,1195,D1,0,0.0,0
original_fixed,5x5,medium,12,1195,D2,1,4.0,3
original_fixed,5x5,medium,12,1195,D3,4,52.0,6
original_fixed,5x5,medium,12,1195,D4,3,34.0,5
original_fixed,5x5,medium,12,1195,D5,1,5.0,4
original_fixed,5x5,medium,12,1195,E1,1,5.0,2
original_fixed,5x5,medium,12,1195,E2,3,13.0,7
original_fixed,5x5,medium,12,1195,E3,2,20.0,4
original_fixed,5x5,medium,12,1195,E4,5,62.0,8
original_fixed,5x5,medium,12,1195,E5,6,81.0,6
original_fixed,5x5,medium,12,1195,F1,1,8.0,3
original_fixed,5x5,medium,12,1195,F2,0,0.0,2
original_fixed,5x5,medium,12,1195,F3,0,0.0,2
original_fixed,5x5,medium,12,1195,F4,3,48.0,5
original_fixed,5x5,medium,12,1195,F5,0,0.0,1
original_fixed,5x5,medium,12,1200,B1,2,47.0,5
original_fixed,5x5,medium,12,1200,B2,0,0.0,1
original_fixed,5x5,medium,12,1200,B3,1,30.0,2
original_fixed,5x5,medium,12,1200,B4,1,20.0,4
original_fixed,5x5,medium,12,1200,B5,1,29.0,4
original_fixed,5x5,medium,12,1200,C1,0,0.0,5
original_fixed,5x5,medium,12,1200,C2,3,55.0,5
original_fixed,5x5,medium,12,1200,C3,1,6.0,4
original_fixed,5x5,medium,12,1200,C4,0,0.0,3
original_fixed,5x5,medium,12,1200,C5,1,16.0,5
original_fixed,5x5,medium,12,1200,D1,0,0.0,0
original_fixed,5x5,medium,12,1200,D2,2,12.0,3
original_fixed,5x5,medium,12,1200,D3,4,72.0,7
original_fixed,5x5,medium,12,1200,D4,4,52.0,6
original_fixed,5x5,medium,12,1200,D5,1,10.0,5
original_fixed,5x5,medium,12,1200,E1,2,12.0,2
original_fixed,5x5,medium,12,1200,E2,5,37.0,7
original_fixed,5x5,medium,12,1200,E3,2,30.0,5
original_fixed,5x5,medium,12,1200,E4,5,87.0,8
original_fixed,5x5,medium,12,1200,E5,4,81.0,5
original_fixed,5x5,medium,12,1200,F1,1,13.0,2
original_fixed,5x5,medium,12,1200,F2,1,4.0,2
original_fixed,5x5,medium,12,1200,F3,0,0.0,2
original_fixed,5x5,medium,12,1200,F4,3,63.0,7
original_fixed,5x5,medium,12,1200,F5,0,0.0,1
original_fixed,5x5,medium,12,1205,B1,2,57.0,4
original_fixed,5x5,medium,12,1205,B2,0,0.0,2
original_fixed,5x5,medium,12,1205,B3,1,35.0,1
original_fixed,5x5,medium,12,1205,B4,2,26.0,5
original_fixed,5x5,medium,12,1205,B5,1,34.0,4
original_fixed,5x5,medium,12,1205,C1,0,0.0,5
original_fixed,5x5,medium,12,1205,C2,3,70.0,5
original_fixed,5x5,medium,12,1205,C3,1,11.0,4
original_fixed,5x5,medium,12,1205,C4,0,0.0,3
original_fixed,5x5,medium,12,1205,C5,2,26.0,6
original_fixed,5x5,medium,12,1205,D1,0,0.0,0
original_fixed,5x5,medium,12,1205,D2,3,27.0,4
original_fixed,5x5,medium,12,1205,D3,4,92.0,6
original_fixed,5x5,medium,12,1205,D4,5,74.0,6
original_fixed,5x5,medium,12,1205,D5,1,15.0,4
original_fixed,5x5,medium,12,1205,E1,2,22.0,2
original_fixed,5x5,medium,12,1205,E2,7,68.0,7
original_fixed,5x5,medium,12,1205,E3,2,40.0,7
original_fixed,5x5,medium,12,1205,E4,5,112.0,7
original_fixed,5x5,medium,12,1205,E5,4,101.0,5
original_fixed,5x5,medium,12,1205,F1,2,22.0,2
original_fixed,5x5,medium,12,1205,F2,1,9.0,4
original_fixed,5x5,medium,12,1205,F3,0,0.0,1
original_fixed,5x5,medium,12,1205,F4,3,78.0,9
original_fixed,5x5,medium,12,1205,F5,0,0.0,0
original_fixed,5x5,medium,12,1210,B1,2,67.0,2
original_fixed,5x5,medium,12,1210,B2,0,0.0,4
original_fixed,5x5,medium,12,1210,B3,1,40.0,3
original_fixed,5x5,medium,12,1210,B4,4,42.0,5
original_fixed,5x5,medium,12,1210,B5,2,42.0,4
original_fixed,5x5,medium,12,1210,C1,1,2.0,3
original_fixed,5x5,medium,12,1210,C2,4,87.0,5
original_fixed,5x5,medium,12,1210,C3,2,17.0,4
original_fixed,5x5,medium,12,1210,C4,2,4.0,3
original_fixed,5x5,medium,12,1210,C5,2,36.0,6
original_fixed,5x5,medium,12,1210,D1,0,0.0,1
original_fixed,5x5,medium,12,1210,D2,3,42.0,4
original_fixed,5x5,medium,12,1210,D3,4,112.0,7
original_fixed,5x5,medium,12,1210,D4,5,99.0,7
original_fixed,5x5,medium,12,1210,D5,1,20.0,4
original_fixed,5x5,medium,12,1210,E1,2,32.0,2
original_fixed,5x5,medium,12,1210,E2,7,103.0,7
original_fixed,5x5,medium,12,1210,E3,2,50.0,5
original_fixed,5x5,medium,12,1210,E4,5,137.0,6
original_fixed,5x5,medium,12,1210,E5,4,121.0,7
original_fixed,5x5,medium,12,1210,F1,2,32.0,3
original_fixed,5x5,medium,12,1210,F2,1,14.0,3
original_fixed,5x5,medium,12,1210,F3,0,0.0,0
original_fixed,5x5,medium,12,1210,F4,3,93.0,10
original_fixed,5x5,medium,12,1210,F5,0,0.0,0
original_fixed,5x5,medium,12,1215,B1,2,77.0,3
original_fixed,5x5,medium,12,1215,B2,0,0.0,3
original_fixed,5x5,medium,12,1215,B3,1,45.0,3
original_fixed,5x5,medium,12,1215,B4,4,62.0,6
original_fixed,5x5,medium,12,1215,B5,2,52.0,3
original_fixed,5x5,medium,12,1215,C1,1,7.0,3
original_fixed,5x5,medium,12,1215,C2,5,109.0,6
original_fixed,5x5,medium,12,1215,C3,2,27.0,4
original_fixed,5x5,medium,12,1215,C4,2,14.0,3
original_fixed,5x5,medium,12,1215,C5,2,46.0,6
original_fixed,5x5,medium,12,1215,D1,0,0.0,1
original_fixed,5x5,medium,12,1215,D2,3,57.0,4
original_fixed,5x5,medium,12,1215,D3,5,136.0,6
original_fixed,5x5,medium,12,1215,D4,5,124.0,8
original_fixed,5x5,medium,12,1215,D5,3,30.0,5
original_fixed,5x5,medium,12,1215,E1,2,42.0,2
original_fixed,5x5,medium,12,1215,E2,7,138.0,7
original_fixed,5x5,medium,12,1215,E3,3,61.0,6
original_fixed,5x5,medium,12,1215,E4,5,162.0,7
original_fixed,5x5,medium,12,1215,E5,5,143.0,8
original_fixed,5x5,medium,12,1215,F1,2,42.0,3
original_fixed,5x5,medium,12,1215,F2,1,19.0,4
original_fixed,5x5,medium,12,1215,F3,0,0.0,1
original_fixed,5x5,medium,12,1215,F4,3,108.0,8
original_fixed,5x5,medium,12,1215,F5,0,0.0,2
original_fixed,5x5,medium,12,1220,B1,0,0.0,1
original_fixed,5x5,medium,12,1220,B2,0,0.0,5
original_fixed,5x5,medium,12,1220,B3,0,0.0,3
original_fixed,5x5,medium,12,1220,B4,1,4.0,2
original_fixed,5x5,medium,12,1220,B5,0,0.0,3
original_fixed,5x5,medium,12,1220,C1,0,0.0,1
original_fixed,5x5,medium,12,1220,C2,0,0.0,5
original_fixed,5x5,medium,12,1220,C3,0,0.0,5
original_fixed,5x5,medium,12,1220,C4,0,0.0,2
original_fixed,5x5,medium,12,1220,C5,0,0.0,6
original_fixed,5x5,medium,12,1220,D1,0,0.0,2
original_fixed,5x5,medium,12,1220,D2,1,4.0,2
original_fixed,5x5,medium,12,1220,D3,0,0.0,6
original_fixed,5x5,medium,12,1220,D4,0,0.0,6
original_fixed,5x5,medium,12,1220,D5,0,0.0,5
original_fixed,5x5,medium,12,1220,E1,0,0.0,0
original_fixed,5x5,medium,12,1220,E2,0,0.0,5
original_fixed,5x5,medium,12,1220,E3,1,1.0,5
original_fixed,5x5,medium,12,1220,E4,0,0.0,4
original_fixed,5x5,medium,12,1220,E5,1,1.0,6
original_fixed,5x5,medium,12,1220,F1,0,0.0,2
original_fixed,5x5,medium,12,1220,F2,1,3.0,2
original_fixed,5x5,medium,12,1220,F3,0,0.0,2
original_fixed,5x5,medium,12,1220,F4,2,5.0,6
original_fixed,5x5,medium,12,1220,F5,0,0.0,2
original_fixed,5x5,medium,12,1225,B1,0,0.0,1
original_fixed,5x5,medium,12,1225,B2,2,7.0,5
original_fixed,5x5,medium,12,1225,B3,1,3.0,4
original_fixed,5x5,medium,12,1225,B4,1,9.0,2
original_fixed,5x5,medium,12,1225,B5,0,0.0,3
original_fixed,5x5,medium,12,1225,C1,0,0.0,3
original_fixed,5x5,medium,12,1225,C2,0,0.0,5
original_fixed,5x5,medium,12,1225,C3,0,0.0,6
original_fixed,5x5,medium,12,1225,C4,0,0.0,2
original_fixed,5x5,medium,12,1225,C5,0,0.0,4
original_fixed,5x5,medium,12,1225,D1,0,0.0,2
original_fixed,5x5,medium,12,1225,D2,1,9.0,4
original_fixed,5x5,medium,12,1225,D3,0,0.0,8
original_fixed,5x5,medium,12,1225,D4,0,0.0,6
original_fixed,5x5,medium,12,1225,D5,0,0.0,5
original_fixed,5x5,medium,12,1225,E1,0,0.0,0
original_fixed,5x5,medium,12,1225,E2,1,2.0,5
original_fixed,5x5,medium,12,1225,E3,1,3.0,5
original_fixed,5x5,medium,12,1225,E4,0,0.0,5
original_fixed,5x5,medium,12,1225,E5,2,9.0,7
original_fixed,5x5,medium,12,1225,F1,0,0.0,2
original_fixed,5x5,medium,12,1225,F2,1,8.0,3
original_fixed,5x5,medium,12,1225,F3,0,0.0,5
original_fixed,5x5,medium,12,1225,F4,3,19.0,5
original_fixed,5x5,medium,12,1225,F5,0,0.0,2
original_fixed,5x5,medium,12,1230,B1,0,0.0,1
original_fixed,5x5,medium,12,1230,B2,3,22.0,5
original_fixed,5x5,medium,12,1230,B3,2,13.0,4
original_fixed,5x5,medium,12,1230,B4,2,18.0,3
original_fixed,5x5,medium,12,1230,B5,0,0.0,3
original_fixed,5x5,medium,12,1230,C1,0,0.0,3
original_fixed,5x5,medium,12,1230,C2,0,0.0,4
original_fixed,5x5,medium,12,1230,C3,0,0.0,6
original_fixed,5x5,medium,12,1230,C4,1,3.0,2
original_fixed,5x5,medium,12,1230,C5,0,0.0,4
original_fixed,5x5,medium,12,1230,D1,0,0.0,2
original_fixed,5x5,medium,12,1230,D2,1,14.0,5
original_fixed,5x5,medium,12,1230,D3,2,7.0,8
original_fixed,5x5,medium,12,1230,D4,1,4.0,4
original_fixed,5x5,medium,12,1230,D5,0,0.0,4
original_fixed,5x5,medium,12,1230,E1,0,0.0,0
original_fixed,5x5,medium,12,1230,E2,0,0.0,3
original_fixed,5x5,medium,12,1230,E3,1,8.0,7
original_fixed,5x5,medium,12,1230,E4,0,0.0,7
original_fixed,5x5,medium,12,1230,E5,1,5.0,4
original_fixed,5x5,medium,12,1230,F1,1,2.0,2
original_fixed,5x5,medium,12,1230,F2,2,15.0,4
original_fixed,5x5,medium,12,1230,F3,0,0.0,5
original_fixed,5x5,medium,12,1230,F4,4,34.0,5
original_fixed,5x5,medium,12,1230,F5,0,0.0,3
original_fixed,5x5,medium,12,1235,B1,1,5.0,1
original_fixed,5x5,medium,12,1235,B2,4,39.0,4
original_fixed,5x5,medium,12,1235,B3,2,23.0,5
original_fixed,5x5,medium,12,1235,B4,2,28.0,3
original_fixed,5x5,medium,12,1235,B5,0,0.0,5
original_fixed,5x5,medium,12,1235,C1,0,0.0,3
original_fixed,5x5,medium,12,1235,C2,0,0.0,2
original_fixed,5x5,medium,12,1235,C3,0,0.0,4
original_fixed,5x5,medium,12,1235,C4,1,8.0,2
original_fixed,5x5,medium,12,1235,C5,1,4.0,2
original_fixed,5x5,medium,12,1235,D1,0,0.0,1
original_fixed,5x5,medium,12,1235,D2,1,19.0,5
original_fixed,5x5,medium,12,1235,D3,3,20.0,7
original_fixed,5x5,medium,12,1235,D4,1,9.0,3
original_fixed,5x5,medium,12,1235,D5,0,0.0,5
original_fixed,5x5,medium,12,1235,E1,0,0.0,0
original_fixed,5x5,medium,12,1235,E2,0,0.0,3
original_fixed,5x5,medium,12,1235,E3,1,13.0,7
original_fixed,5x5,medium,12,1235,E4,1,3.0,8
original_fixed,5x5,medium,12,1235,E5,1,10.0,5
original_fixed,5x5,medium,12,1235,F1,1,7.0,2
original_fixed,5x5,medium,12,1235,F2,2,25.0,5
original_fixed,5x5,medium,12,1235,F3,0,0.0,4
original_fixed,5x5,medium,12,1235,F4,3,49.0,5
original_fixed,5x5,medium,12,1235,F5,2,5.0,4
original_fixed,5x5,medium,12,1240,B1,1,10.0,2
original_fixed,5x5,medium,12,1240,B2,4,59.0,4
original_fixed,5x5,medium,12,1240,B3,5,41.0,7
original_fixed,5x5,medium,12,1240,B4,2,38.0,5
original_fixed,5x5,medium,12,1240,B5,1,3.0,4
original_fixed,5x5,medium,12,1240,C1,2,5.0,3
original_fixed,5x5,medium,12,1240,C2,0,0.0,3
original_fixed,5x5,medium,12,1240,C3,2,7.0,4
original_fixed,5x5,medium,12,1240,C4,1,13.0,2
original_fixed,5x5,medium,12,1240,C5,2,14.0,4
original_fixed,5x5,medium,12,1240,D1,0,0.0,0
original_fixed,5x5,medium,12,1240,D2,1,24.0,3
original_fixed,5x5,medium,12,1240,D3,4,38.0,8
original_fixed,5x5,medium,12,1240,D4,1,14.0,2
original_fixed,5x5,medium,12,1240,D5,0,0.0,2
original_fixed,5x5,medium,12,1240,E1,0,0.0,0
original_fixed,5x5,medium,12,1240,E2,0,0.0,4
original_fixed,5x5,medium,12,1240,E3,3,26.0,9
original_fixed,5x5,medium,12,1240,E4,2,9.0,6
original_fixed,5x5,medium,12,1240,E5,2,20.0,4
original_fixed,5x5,medium,12,1240,F1,1,12.0,1
original_fixed,5x5,medium,12,1240,F2,2,35.0,6
original_fixed,5x5,medium,12,1240,F3,1,2.0,3
original_fixed,5x5,medium,12,1240,F4,3,64.0,6
original_fixed,5x5,medium,12,1240,F5,2,15.0,5
original_fixed,5x5,medium,12,1245,B1,1,15.0,2
original_fixed,5x5,medium,12,1245,B2,4,79.0,5
original_fixed,5x5,medium,12,1245,B3,4,61.0,7
original_fixed,5x5,medium,12,1245,B4,3,51.0,6
original_fixed,5x5,medium,12,1245,B5,1,8.0,2
original_fixed,5x5,medium,12,1245,C1,3,18.0,3
original_fixed,5x5,medium,12,1245,C2,1,5.0,3
original_fixed,5x5,medium,12,1245,C3,3,19.0,4
original_fixed,5x5,medium,12,1245,C4,1,18.0,2
original_fixed,5x5,medium,12,1245,C5,2,24.0,4
original_fixed,5x5,medium,12,1245,D1,0,0.0,1
original_fixed,5x5,medium,12,1245,D2,1,29.0,2
original_fixed,5x5,medium,12,1245,D3,4,58.0,8
original_fixed,5x5,medium,12,1245,D4,1,19.0,3
original_fixed,5x5,medium,12,1245,D5,0,0.0,3
original_fixed,5x5,medium,12,1245,E1,0,0.0,1
original_fixed,5x5,medium,12,1245,E2,0,0.0,3
original_fixed,5x5,medium,12,1245,E3,5,47.0,9
original_fixed,5x5,medium,12,1245,E4,3,21.0,4
original_fixed,5x5,medium,12,1245,E5,2,30.0,4
original_fixed,5x5,medium,12,1245,F1,1,17.0,1
original_fixed,5x5,medium,12,1245,F2,2,45.0,5
original_fixed,5x5,medium,12,1245,F3,2,12.0,3
original_fixed,5x5,medium,12,1245,F4,3,79.0,8
original_fixed,5x5,medium,12,1245,F5,2,25.0,5
original_fixed,5x5,medium,12,1250,B1,1,20.0,3
original_fixed,5x5,medium,12,1250,B2,4,99.0,5
original_fixed,5x5,medium,12,1250,B3,4,81.0,6
original_fixed,5x5,medium,12,1250,B4,3,66.0,6
original_fixed,5x5,medium,12,1250,B5,1,13.0,2
original_fixed,5x5,medium,12,1250,C1,3,33.0,3
original_fixed,5x5,medium,12,1250,C2,1,10.0,3
original_fixed,5x5,medium,12,1250,C3,3,34.0,4
original_fixed,5x5,medium,12,1250,C4,1,23.0,2
original_fixed,5x5,medium,12,1250,C5,2,34.0,6
original_fixed,5x5,medium,12,1250,D1,0,0.0,2
original_fixed,5x5,medium,12,1250,D2,1,34.0,1
original_fixed,5x5,medium,12,1250,D3,5,83.0,7
original_fixed,5x5,medium,12,1250,D4,1,24.0,2
original_fixed,5x5,medium,12,1250,D5,0,0.0,1
original_fixed,5x5,medium,12,1250,E1,0,0.0,1
original_fixed,5x5,medium,12,1250,E2,0,0.0,3
original_fixed,5x5,medium,12,1250,E3,6,74.0,8
original_fixed,5x5,medium,12,1250,E4,3,36.0,4
original_fixed,5x5,medium,12,1250,E5,2,40.0,4
original_fixed,5x5,medium,12,1250,F1,1,22.0,2
original_fixed,5x5,medium,12,1250,F2,2,55.0,4
original_fixed,5x5,medium,12,1250,F3,2,22.0,3
original_fixed,5x5,medium,12,1250,F4,4,97.0,10
original_fixed,5x5,medium,12,1250,F5,3,40.0,5
original_fixed,5x5,medium,12,1255,B1,1,25.0,2
original_fixed,5x5,medium,12,1255,B2,4,119.0,7
original_fixed,5x5,medium,12,1255,B3,4,101.0,5
original_fixed,5x5,medium,12,1255,B4,3,81.0,7
original_fixed,5x5,medium,12,1255,B5,1,18.0,2
original_fixed,5x5,medium,12,1255,C1,3,48.0,3
original_fixed,5x5,medium,12,1255,C2,1,15.0,1
original_fixed,5x5,medium,12,1255,C3,4,52.0,4
original_fixed,5x5,medium,12,1255,C4,1,28.0,1
original_fixed,5x5,medium,12,1255,C5,2,44.0,6
original_fixed,5x5,medium,12,1255,D1,0,0.0,2
original_fixed,5x5,medium,12,1255,D2,1,39.0,1
original_fixed,5x5,medium,12,1255,D3,3,51.0,6
original_fixed,5x5,medium,12,1255,D4,1,29.0,2
original_fixed,5x5,medium,12,1255,D5,0,0.0,2
original_fixed,5x5,medium,12,1255,E1,0,0.0,1
original_fixed,5x5,medium,12,1255,E2,1,2.0,2
original_fixed,5x5,medium,12,1255,E3,7,107.0,11
original_fixed,5x5,medium,12,1255,E4,4,55.0,4
original_fixed,5x5,medium,12,1255,E5,3,55.0,5
original_fixed,5x5,medium,12,1255,F1,1,27.0,3
original_fixed,5x5,medium,12,1255,F2,2,65.0,4
original_fixed,5x5,medium,12,1255,F3,2,32.0,4
original_fixed,5x5,medium,12,1255,F4,4,117.0,9
original_fixed,5x5,medium,12,1255,F5,4,58.0,6
original_fixed,5x5,medium,12,1260,B1,1,30.0,2
original_fixed,5x5,medium,12,1260,B2,4,139.0,7
original_fixed,5x5,medium,12,1260,B3,5,124.0,5
original_fixed,5x5,medium,12,1260,B4,5,102.0,6
original_fixed,5x5,medium,12,1260,B5,1,23.0,2
original_fixed,5x5,medium,12,1260,C1,3,63.0,3
original_fixed,5x5,medium,12,1260,C2,1,20.0,1
original_fixed,5x5,medium,12,1260,C3,4,72.0,5
original_fixed,5x5,medium,12,1260,C4,1,33.0,2
original_fixed,5x5,medium,12,1260,C5,2,54.0,5
original_fixed,5x5,medium,12,1260,D1,1,3.0,2
original_fixed,5x5,medium,12,1260,D2,1,44.0,2
original_fixed,5x5,medium,12,1260,D3,3,41.0,4
original_fixed,5x5,medium,12,1260,D4,1,34.0,2
original_fixed,5x5,medium,12,1260,D5,1,2.0,2
original_fixed,5x5,medium,12,1260,E1,0,0.0,1
original_fixed,5x5,medium,12,1260,E2,2,11.0,3
original_fixed,5x5,medium,12,1260,E3,7,142.0,10
original_fixed,5x5,medium,12,1260,E4,4,75.0,4
original_fixed,5x5,medium,12,1260,E5,3,70.0,5
original_fixed,5x5,medium,12,1260,F1,1,32.0,4
original_fixed,5x5,medium,12,1260,F2,3,79.0,3
original_fixed,5x5,medium,12,1260,F3,2,42.0,7
original_fixed,5x5,medium,12,1260,F4,5,138.0,8
original_fixed,5x5,medium,12,1260,F5,4,78.0,7
original_fixed,5x5,medium,12,1265,B1,1,3.0,2
original_fixed,5x5,medium,12,1265,B2,1,4.0,4
original_fixed,5x5,medium,12,1265,B3,0,0.0,3
original_fixed,5x5,medium,12,1265,B4,0,0.0,3
original_fixed,5x5,medium,12,1265,B5,0,0.0,2
original_fixed,5x5,medium,12,1265,C1,0,0.0,1
original_fixed,5x5,medium,12,1265,C2,0,0.0,2
original_fixed,5x5,medium,12,1265,C3,0,0.0,2
original_fixed,5x5,medium,12,1265,C4,0,0.0,4
original_fixed,5x5,medium,12,1265,C5,1,4.0,2
original_fixed,5x5,medium,12,1265,D1,0,0.0,1
original_fixed,5x5,medium,12,1265,D2,0,0.0,4
original_fixed,5x5,medium,12,1265,D3,1,2.0,5
original_fixed,5x5,medium,12,1265,D4,0,0.0,2
original_fixed,5x5,medium,12,1265,D5,0,0.0,1
original_fixed,5x5,medium,12,1265,E1,0,0.0,1
original_fixed,5x5,medium,12,1265,E2,0,0.0,1
original_fixed,5x5,medium,12,1265,E3,0,0.0,7
original_fixed,5x5,medium,12,1265,E4,0,0.0,1
original_fixed,5x5,medium,12,1265,E5,1,2.0,5
original_fixed,5x5,medium,12,1265,F1,0,0.0,5
original_fixed,5x5,medium,12,1265,F2,0,0.0,2
original_fixed,5x5,medium,12,1265,F3,1,4.0,7
original_fixed,5x5,medium,12,1265,F4,4,7.0,8
original_fixed,5x5,medium,12,1265,F5,1,4.0,5
original_fixed,5x5,medium,12,1270,B1,1,8.0,3
original_fixed,5x5,medium,12,1270,B2,2,10.0,2
original_fixed,5x5,medium,12,1270,B3,0,0.0,3
original_fixed,5x5,medium,12,1270,B4,1,1.0,2
original_fixed,5x5,medium,12,1270,B5,0,0.0,2
original_fixed,5x5,medium,12,1270,C1,0,0.0,1
original_fixed,5x5,medium,12,1270,C2,0,0.0,5
original_fixed,5x5,medium,12,1270,C3,0,0.0,4
original_fixed,5x5,medium,12,1270,C4,0,0.0,7
original_fixed,5x5,medium,12,1270,C5,1,9.0,2
original_fixed,5x5,medium,12,1270,D1,0,0.0,1
original_fixed,5x5,medium,12,1270,D2,0,0.0,6
original_fixed,5x5,medium,12,1270,D3,1,7.0,5
original_fixed,5x5,medium,12,1270,D4,0,0.0,2
original_fixed,5x5,medium,12,1270,D5,0,0.0,1
original_fixed,5x5,medium,12,1270,E1,0,0.0,0
original_fixed,5x5,medium,12,1270,E2,0,0.0,3
original_fixed,5x5,medium,12,1270,E3,1,2.0,6
original_fixed,5x5,medium,12,1270,E4,0,0.0,6
original_fixed,5x5,medium,12,1270,E5,1,7.0,5
original_fixed,5x5,medium,12,1270,F1,1,4.0,6
original_fixed,5x5,medium,12,1270,F2,0,0.0,2
original_fixed,5x5,medium,12,1270,F3,2,12.0,8
original_fixed,5x5,medium,12,1270,F4,2,16.0,7
original_fixed,5x5,medium,12,1270,F5,2,11.0,5
original_fixed,5x5,medium,12,1275,B1,1,13.0,3
original_fixed,5x5,medium,12,1275,B2,2,20.0,3
original_fixed,5x5,medium,12,1275,B3,0,0.0,3
original_fixed,5x5,medium,12,1275,B4,1,6.0,3
original_fixed,5x5,medium,12,1275,B5,0,0.0,3
original_fixed,5x5,medium,12,1275,C1,0,0.0,1
original_fixed,5x5,medium,12,1275,C2,0,0.0,5
original_fixed,5x5,medium,12,1275,C3,0,0.0,4
original_fixed,5x5,medium,12,1275,C4,0,0.0,8
original_fixed,5x5,medium,12,1275,C5,2,17.0,2
original_fixed,5x5,medium,12,1275,D1,0,0.0,2
original_fixed,5x5,medium,12,1275,D2,1,3.0,6
original_fixed,5x5,medium,12,1275,D3,1,12.0,5
original_fixed,5x5,medium,12,1275,D4,0,0.0,1
original_fixed,5x5,medium,12,1275,D5,0,0.0,2
original_fixed,5x5,medium,12,1275,E1,0,0.0,0
original_fixed,5x5,medium,12,1275,E2,0,0.0,3
original_fixed,5x5,medium,12,1275,E3,2,9.0,6
original_fixed,5x5,medium,12,1275,E4,0,0.0,8
original_fixed,5x5,medium,12,1275,E5,1,12.0,5
original_fixed,5x5,medium,12,1275,F1,2,14.0,5
original_fixed,5x5,medium,12,1275,F2,0,0.0,4
original_fixed,5x5,medium,12,1275,F3,3,23.0,7
original_fixed,5x5,medium,12,1275,F4,2,26.0,5
original_fixed,5x5,medium,12,1275,F5,2,21.0,6
original_fixed,5x5,medium,12,1280,B1,1,18.0,2
original_fixed,5x5,medium,12,1280,B2,2,30.0,3
original_fixed,5x5,medium,12,1280,B3,0,0.0,2
original_fixed,5x5,medium,12,1280,B4,1,11.0,2
original_fixed,5x5,medium,12,1280,B5,1,2.0,3
original_fixed,5x5,medium,12,1280,C1,1,1.0,2
original_fixed,5x5,medium,12,1280,C2,0,0.0,2
original_fixed,5x5,medium,12,1280,C3,0,0.0,6
original_fixed,5x5,medium,12,1280,C4,1,1.0,7
original_fixed,5x5,medium,12,1280,C5,2,27.0,2
original_fixed,5x5,medium,12,1280,D1,0,0.0,3
original_fixed,5x5,medium,12,1280,D2,1,8.0,7
original_fixed,5x5,medium,12,1280,D3,1,17.0,3
original_fixed,5x5,medium,12,1280,D4,0,0.0,1
original_fixed,5x5,medium,12,1280,D5,0,0.0,2
original_fixed,5x5,medium,12,1280,E1,0,0.0,0
original_fixed,5x5,medium,12,1280,E2,1,5.0,3
original_fixed,5x5,medium,12,1280,E3,2,19.0,6
original_fixed,5x5,medium,12,1280,E4,0,0.0,7
original_fixed,5x5,medium,12,1280,E5,1,17.0,5
original_fixed,5x5,medium,12,1280,F1,2,24.0,4
original_fixed,5x5,medium,12,1280,F2,0,0.0,3
original_fixed,5x5,medium,12,1280,F3,3,38.0,8
original_fixed,5x5,medium,12,1280,F4,2,36.0,4
original_fixed,5x5,medium,12,1280,F5,3,34.0,8
original_fixed,5x5,medium,12,1285,B1,2,26.0,4
original_fixed,5x5,medium,12,1285,B2,2,40.0,5
original_fixed,5x5,medium,12,1285,B3,0,0.0,1
original_fixed,5x5,medium,12,1285,B4,1,16.0,4
original_fixed,5x5,medium,12,1285,B5,2,10.0,5
original_fixed,5x5,medium,12,1285,C1,1,6.0,4
original_fixed,5x5,medium,12,1285,C2,0,0.0,0
original_fixed,5x5,medium,12,1285,C3,2,6.0,7
original_fixed,5x5,medium,12,1285,C4,2,11.0,4
original_fixed,5x5,medium,12,1285,C5,2,37.0,2
original_fixed,5x5,medium,12,1285,D1,0,0.0,5
original_fixed,5x5,medium,12,1285,D2,2,17.0,4
original_fixed,5x5,medium,12,1285,D3,2,27.0,3
original_fixed,5x5,medium,12,1285,D4,1,1.0,2
original_fixed,5x5,medium,12,1285,D5,1,1.0,2
original_fixed,5x5,medium,12,1285,E1,0,0.0,1
original_fixed,5x5,medium,12,1285,E2,2,12.0,4
original_fixed,5x5,medium,12,1285,E3,3,31.0,5
original_fixed,5x5,medium,12,1285,E4,0,0.0,5
original_fixed,5x5,medium,12,1285,E5,1,22.0,6
original_fixed,5x5,medium,12,1285,F1,2,34.0,5
original_fixed,5x5,medium,12,1285,F2,1,4.0,3
original_fixed,5x5,medium,12,1285,F3,3,53.0,7
original_fixed,5x5,medium,12,1285,F4,3,48.0,4
original_fixed,5x5,medium,12,1285,F5,4,52.0,9
original_fixed,5x5,medium,12,1290,B1,2,36.0,5
original_fixed,5x5,medium,12,1290,B2,2,50.0,4
original_fixed,5x5,medium,12,1290,B3,0,0.0,1
original_fixed,5x5,medium,12,1290,B4,1,21.0,4
original_fixed,5x5,medium,12,1290,B5,2,20.0,5
original_fixed,5x5,medium,12,1290,C1,1,11.0,4
original_fixed,5x5,medium,12,1290,C2,0,0.0,0
original_fixed,5x5,medium,12,1290,C3,4,23.0,8
original_fixed,5x5,medium,12,1290,C4,2,21.0,3
original_fixed,5x5,medium,12,1290,C5,2,47.0,3
original_fixed,5x5,medium,12,1290,D1,0,0.0,4
original_fixed,5x5,medium,12,1290,D2,2,27.0,4
original_fixed,5x5,medium,12,1290,D3,3,38.0,4
original_fixed,5x5,medium,12,1290,D4,1,6.0,3
original_fixed,5x5,medium,12,1290,D5,1,6.0,1
original_fixed,5x5,medium,12,1290,E1,0,0.0,1
original_fixed,5x5,medium,12,1290,E2,2,22.0,4
original_fixed,5x5,medium,12,1290,E3,3,46.0,7
original_fixed,5x5,medium,12,1290,E4,1,4.0,5
original_fixed,5x5,medium,12,1290,E5,2,32.0,5
original_fixed,5x5,medium,12,1290,F1,3,48.0,5
original_fixed,5x5,medium,12,1290,F2,1,9.0,3
original_fixed,5x5,medium,12,1290,F3,4,69.0,8
original_fixed,5x5,medium,12,1290,F4,3,63.0,4
original_fixed,5x5,medium,12,1290,F5,4,72.0,7
original_fixed,5x5,medium,12,1295,B1,2,46.0,6
original_fixed,5x5,medium,12,1295,B2,2,60.0,3
original_fixed,5x5,medium,12,1295,B3,0,0.0,2
original_fixed,5x5,medium,12,1295,B4,2,30.0,4
original_fixed,5x5,medium,12,1295,B5,3,32.0,5
original_fixed,5x5,medium,12,1295,C1,1,16.0,3
original_fixed,5x5,medium,12,1295,C2,0,0.0,2
original_fixed,5x5,medium,12,1295,C3,4,43.0,6
original_fixed,5x5,medium,12,1295,C4,2,31.0,2
original_fixed,5x5,medium,12,1295,C5,2,57.0,5
original_fixed,5x5,medium,12,1295,D1,0,0.0,4
original_fixed,5x5,medium,12,1295,D2,2,37.0,4
original_fixed,5x5,medium,12,1295,D3,3,53.0,4
original_fixed,5x5,medium,12,1295,D4,1,11.0,6
original_fixed,5x5,medium,12,1295,D5,1,11.0,1
original_fixed,5x5,medium,12,1295,E1,0,0.0,0
original_fixed,5x5,medium,12,1295,E2,2,32.0,4
original_fixed,5x5,medium,12,1295,E3,5,68.0,7
original_fixed,5x5,medium,12,1295,E4,1,9.0,4
original_fixed,5x5,medium,12,1295,E5,2,42.0,7
original_fixed,5x5,medium,12,1295,F1,3,63.0,5
original_fixed,5x5,medium,12,1295,F2,1,14.0,4
original_fixed,5x5,medium,12,1295,F3,5,92.0,7
original_fixed,5x5,medium,12,1295,F4,3,78.0,4
original_fixed,5x5,medium,12,1295,F5,5,95.0,6
original_fixed,5x5,medium,12,1300,B1,2,56.0,8
original_fixed,5x5,medium,12,1300,B2,2,70.0,3
original_fixed,5x5,medium,12,1300,B3,0,0.0,1
original_fixed,5x5,medium,12,1300,B4,2,40.0,2
original_fixed,5x5,medium,12,1300,B5,3,47.0,4
original_fixed,5x5,medium,12,1300,C1,2,24.0,2
original_fixed,5x5,medium,12,1300,C2,0,0.0,2
original_fixed,5x5,medium,12,1300,C3,4,63.0,4
original_fixed,5x5,medium,12,1300,C4,2,41.0,5
original_fixed,5x5,medium,12,1300,C5,2,67.0,6
original_fixed,5x5,medium,12,1300,D1,1,2.0,4
original_fixed,5x5,medium,12,1300,D2,2,47.0,4
original_fixed,5x5,medium,12,1300,D3,3,68.0,4
original_fixed,5x5,medium,12,1300,D4,1,16.0,6
original_fixed,5x5,medium,12,1300,D5,1,16.0,1
original_fixed,5x5,medium,12,1300,E1,0,0.0,1
original_fixed,5x5,medium,12,1300,E2,3,45.0,4
original_fixed,5x5,medium,12,1300,E3,5,93.0,7
original_fixed,5x5,medium,12,1300,E4,1,14.0,3
original_fixed,5x5,medium,12,1300,E5,2,52.0,5
original_fixed,5x5,medium,12,1300,F1,3,78.0,7
original_fixed,5x5,medium,12,1300,F2,1,19.0,3
original_fixed,5x5,medium,12,1300,F3,5,117.0,6
original_fixed,5x5,medium,12,1300,F4,3,93.0,4
original_fixed,5x5,medium,12,1300,F5,5,120.0,7
original_fixed,5x5,medium,12,1305,B1,3,70.0,7
original_fixed,5x5,medium,12,1305,B2,2,80.0,3
original_fixed,5x5,medium,12,1305,B3,0,0.0,1
original_fixed,5x5,medium,12,1305,B4,2,50.0,2
original_fixed,5x5,medium,12,1305,B5,3,62.0,3
original_fixed,5x5,medium,12,1305,C1,2,34.0,3
original_fixed,5x5,medium,12,1305,C2,0,0.0,2
original_fixed,5x5,medium,12,1305,C3,4,83.0,4
original_fixed,5x5,medium,12,1305,C4,2,51.0,6
original_fixed,5x5,medium,12,1305,C5,2,77.0,5
original_fixed,5x5,medium,12,1305,D1,1,7.0,3
original_fixed,5x5,medium,12,1305,D2,2,57.0,6
original_fixed,5x5,medium,12,1305,D3,3,83.0,3
original_fixed,5x5,medium,12,1305,D4,2,26.0,6
original_fixed,5x5,medium,12,1305,D5,1,21.0,1
original_fixed,5x5,medium,12,1305,E1,0,0.0,3
original_fixed,5x5,medium,12,1305,E2,3,60.0,6
original_fixed,5x5,medium,12,1305,E3,5,118.0,6
original_fixed,5x5,medium,12,1305,E4,2,22.0,3
original_fixed,5x5,medium,12,1305,E5,3,65.0,5
original_fixed,5x5,medium,12,1305,F1,4,97.0,7
original_fixed,5x5,medium,12,1305,F2,1,24.0,2
original_fixed,5x5,medium,12,1305,F3,5,142.0,5
original_fixed,5x5,medium,12,1305,F4,3,108.0,7
original_fixed,5x5,medium,12,1305,F5,5,145.0,7
original_fixed,5x5,medium,12,1310,B1,0,0.0,5
original_fixed,5x5,medium,12,1310,B2,0,0.0,1
original_fixed,5x5,medium,12,1310,B3,0,0.0,3
original_fixed,5x5,medium,12,1310,B4,0,0.0,0
original_fixed,5x5,medium,12,1310,B5,0,0.0,2
original_fixed,5x5,medium,12,1310,C1,0,0.0,4
original_fixed,5x5,medium,12,1310,C2,1,1.0,3
original_fixed,5x5,medium,12,1310,C3,0,0.0,3
original_fixed,5x5,medium,12,1310,C4,0,0.0,4
original_fixed,5x5,medium,12,1310,C5,0,0.0,3
original_fixed,5x5,medium,12,1310,D1,1,5.0,3
original_fixed,5x5,medium,12,1310,D2,2,6.0,7
original_fixed,5x5,medium,12,1310,D3,0,0.0,2
original_fixed,5x5,medium,12,1310,D4,0,0.0,5
original_fixed,5x5,medium,12,1310,D5,0,0.0,3
original_fixed,5x5,medium,12,1310,E1,0,0.0,4
original_fixed,5x5,medium,12,1310,E2,0,0.0,4
original_fixed,5x5,medium,12,1310,E3,1,5.0,2
original_fixed,5x5,medium,12,1310,E4,1,4.0,4
original_fixed,5x5,medium,12,1310,E5,0,0.0,5
original_fixed,5x5,medium,12,1310,F1,1,3.0,4
original_fixed,5x5,medium,12,1310,F2,1,4.0,2
original_fixed,5x5,medium,12,1310,F3,0,0.0,5
original_fixed,5x5,medium,12,1310,F4,0,0.0,5
original_fixed,5x5,medium,12,1310,F5,0,0.0,6
original_fixed,5x5,medium,12,1315,B1,2,4.0,5
original_fixed,5x5,medium,12,1315,B2,0,0.0,2
original_fixed,5x5,medium,12,1315,B3,0,0.0,3
original_fixed,5x5,medium,12,1315,B4,0,0.0,1
original_fixed,5x5,medium,12,1315,B5,0,0.0,3
original_fixed,5x5,medium,12,1315,C1,0,0.0,6
original_fixed,5x5,medium,12,1315,C2,2,10.0,3
original_fixed,5x5,medium,12,1315,C3,0,0.0,4
original_fixed,5x5,medium,12,1315,C4,1,1.0,4
original_fixed,5x5,medium,12,1315,C5,0,0.0,2
original_fixed,5x5,medium,12,1315,D1,1,10.0,2
original_fixed,5x5,medium,12,1315,D2,2,16.0,7
original_fixed,5x5,medium,12,1315,D3,0,0.0,5
original_fixed,5x5,medium,12,1315,D4,0,0.0,6
original_fixed,5x5,medium,12,1315,D5,0,0.0,3
original_fixed,5x5,medium,12,1315,E1,1,2.0,7
original_fixed,5x5,medium,12,1315,E2,0,0.0,4
original_fixed,5x5,medium,12,1315,E3,1,10.0,1
original_fixed,5x5,medium,12,1315,E4,1,9.0,7
original_fixed,5x5,medium,12,1315,E5,1,3.0,7
original_fixed,5x5,medium,12,1315,F1,1,8.0,4
original_fixed,5x5,medium,12,1315,F2,1,9.0,4
original_fixed,5x5,medium,12,1315,F3,0,0.0,4
original_fixed,5x5,medium,12,1315,F4,1,1.0,4
original_fixed,5x5,medium,12,1315,F5,1,1.0,5
original_fixed,5x5,medium,12,1320,B1,3,19.0,5
original_fixed,5x5,medium,12,1320,B2,1,5.0,3
original_fixed,5x5,medium,12,1320,B3,0,0.0,3
original_fixed,5x5,medium,12,1320,B4,0,0.0,1
original_fixed,5x5,medium,12,1320,B5,0,0.0,3
original_fixed,5x5,medium,12,1320,C1,0,0.0,5
original_fixed,5x5,medium,12,1320,C2,2,20.0,3
original_fixed,5x5,medium,12,1320,C3,0,0.0,4
original_fixed,5x5,medium,12,1320,C4,3,13.0,4
original_fixed,5x5,medium,12,1320,C5,1,5.0,2
original_fixed,5x5,medium,12,1320,D1,1,15.0,2
original_fixed,5x5,medium,12,1320,D2,2,26.0,7
original_fixed,5x5,medium,12,1320,D3,0,0.0,6
original_fixed,5x5,medium,12,1320,D4,0,0.0,5
original_fixed,5x5,medium,12,1320,D5,0,0.0,4
original_fixed,5x5,medium,12,1320,E1,1,7.0,5
original_fixed,5x5,medium,12,1320,E2,0,0.0,3
original_fixed,5x5,medium,12,1320,E3,1,15.0,1
original_fixed,5x5,medium,12,1320,E4,1,14.0,7
original_fixed,5x5,medium,12,1320,E5,1,8.0,8
original_fixed,5x5,medium,12,1320,F1,3,22.0,6
original_fixed,5x5,medium,12,1320,F2,1,14.0,4
original_fixed,5x5,medium,12,1320,F3,0,0.0,3
original_fixed,5x5,medium,12,1320,F4,2,9.0,6
original_fixed,5x5,medium,12,1320,F5,1,6.0,4
original_fixed,5x5,medium,12,1325,B1,3,34.0,5
original_fixed,5x5,medium,12,1325,B2,1,10.0,3
original_fixed,5x5,medium,12,1325,B3,0,0.0,3
original_fixed,5x5,medium,12,1325,B4,0,0.0,1
original_fixed,5x5,medium,12,1325,B5,0,0.0,1
original_fixed,5x5,medium,12,1325,C1,1,4.0,3
original_fixed,5x5,medium,12,1325,C2,3,31.0,3
original_fixed,5x5,medium,12,1325,C3,0,0.0,3
original_fixed,5x5,medium,12,1325,C4,3,28.0,5
original_fixed,5x5,medium,12,1325,C5,1,10.0,2
original_fixed,5x5,medium,12,1325,D1,1,20.0,2
original_fixed,5x5,medium,12,1325,D2,2,36.0,6
original_fixed,5x5,medium,12,1325,D3,0,0.0,5
original_fixed,5x5,medium,12,1325,D4,0,0.0,3
original_fixed,5x5,medium,12,1325,D5,0,0.0,4
original_fixed,5x5,medium,12,1325,E1,1,12.0,4
original_fixed,5x5,medium,12,1325,E2,1,4.0,2
original_fixed,5x5,medium,12,1325,E3,1,20.0,2
original_fixed,5x5,medium,12,1325,E4,1,19.0,7
original_fixed,5x5,medium,12,1325,E5,2,16.0,8
original_fixed,5x5,medium,12,1325,F1,4,40.0,8
original_fixed,5x5,medium,12,1325,F2,1,19.0,4
original_fixed,5x5,medium,12,1325,F3,0,0.0,2
original_fixed,5x5,medium,12,1325,F4,3,23.0,6
original_fixed,5x5,medium,12,1325,F5,1,11.0,3
original_fixed,5x5,medium,12,1330,B1,3,49.0,4
original_fixed,5x5,medium,12,1330,B2,2,19.0,4
original_fixed,5x5,medium,12,1330,B3,3,9.0,3
original_fixed,5x5,medium,12,1330,B4,0,0.0,1
original_fixed,5x5,medium,12,1330,B5,0,0.0,2
original_fixed,5x5,medium,12,1330,C1,2,13.0,2
original_fixed,5x5,medium,12,1330,C2,3,46.0,7
original_fixed,5x5,medium,12,1330,C3,0,0.0,2
original_fixed,5x5,medium,12,1330,C4,4,47.0,5
original_fixed,5x5,medium,12,1330,C5,1,15.0,2
original_fixed,5x5,medium,12,1330,D1,1,25.0,5
original_fixed,5x5,medium,12,1330,D2,3,50.0,4
original_fixed,5x5,medium,12,1330,D3,0,0.0,3
original_fixed,5x5,medium,12,1330,D4,0,0.0,4
original_fixed,5x5,medium,12,1330,D5,1,4.0,6
original_fixed,5x5,medium,12,1330,E1,1,17.0,2
original_fixed,5x5,medium,12,1330,E2,2,10.0,2
original_fixed,5x5,medium,12,1330,E3,1,25.0,2
original_fixed,5x5,medium,12,1330,E4,1,24.0,6
original_fixed,5x5,medium,12,1330,E5,2,26.0,6
original_fixed,5x5,medium,12,1330,F1,4,60.0,9
original_fixed,5x5,medium,12,1330,F2,1,24.0,4
original_fixed,5x5,medium,12,1330,F3,1,2.0,3
original_fixed,5x5,medium,12,1330,F4,3,38.0,7
original_fixed,5x5,medium,12,1330,F5,1,16.0,2
original_fixed,5x5,medium,12,1335,B1,3,64.0,4
original_fixed,5x5,medium,12,1335,B2,2,29.0,5
original_fixed,5x5,medium,12,1335,B3,3,24.0,4
original_fixed,5x5,medium,12,1335,B4,1,5.0,2
original_fixed,5x5,medium,12,1335,B5,1,5.0,2
original_fixed,5x5,medium,12,1335,C1,2,23.0,2
original_fixed,5x5,medium,12,1335,C2,3,61.0,8
original_fixed,5x5,medium,12,1335,C3,0,0.0,1
original_fixed,5x5,medium,12,1335,C4,4,67.0,6
original_fixed,5x5,medium,12,1335,C5,1,20.0,3
original_fixed,5x5,medium,12,1335,D1,1,30.0,5
original_fixed,5x5,medium,12,1335,D2,3,65.0,4
original_fixed,5x5,medium,12,1335,D3,2,8.0,4
original_fixed,5x5,medium,12,1335,D4,0,0.0,4
original_fixed,5x5,medium,12,1335,D5,1,9.0,6
original_fixed,5x5,medium,12,1335,E1,1,22.0,2
original_fixed,5x5,medium,12,1335,E2,2,20.0,2
original_fixed,5x5,medium,12,1335,E3,1,30.0,2
original_fixed,5x5,medium,12,1335,E4,2,34.0,7
original_fixed,5x5,medium,12,1335,E5,3,37.0,6
original_fixed,5x5,medium,12,1335,F1,5,82.0,8
original_fixed,5x5,medium,12,1335,F2,2,33.0,4
original_fixed,5x5,medium,12,1335,F3,1,7.0,3
original_fixed,5x5,medium,12,1335,F4,4,54.0,9
original_fixed,5x5,medium,12,1335,F5,1,21.0,1
original_fixed,5x5,medium,12,1340,B1,3,79.0,3
original_fixed,5x5,medium,12,1340,B2,3,42.0,6
original_fixed,5x5,medium,12,1340,B3,3,39.0,4
original_fixed,5x5,medium,12,1340,B4,1,10.0,2
original_fixed,5x5,medium,12,1340,B5,1,10.0,4
original_fixed,5x5,medium,12,1340,C1,2,33.0,2
original_fixed,5x5,medium,12,1340,C2,3,76.0,8
original_fixed,5x5,medium,12,1340,C3,0,0.0,0
original_fixed,5x5,medium,12,1340,C4,4,87.0,5
original_fixed,5x5,medium,12,1340,C5,1,25.0,4
original_fixed,5x5,medium,12,1340,D1,1,35.0,3
original_fixed,5x5,medium,12,1340,D2,3,80.0,4
original_fixed,5x5,medium,12,1340,D3,2,18.0,5
original_fixed,5x5,medium,12,1340,D4,0,0.0,4
original_fixed,5x5,medium,12,1340,D5,1,14.0,5
original_fixed,5x5,medium,12,1340,E1,1,27.0,2
original_fixed,5x5,medium,12,1340,E2,2,30.0,2
original_fixed,5x5,medium,12,1340,E3,1,35.0,2
original_fixed,5x5,medium,12,1340,E4,2,44.0,9
original_fixed,5x5,medium,12,1340,E5,4,56.0,5
original_fixed,5x5,medium,12,1340,F1,6,110.0,10
original_fixed,5x5,medium,12,1340,F2,2,43.0,4
original_fixed,5x5,medium,12,1340,F3,1,12.0,4
original_fixed,5x5,medium,12,1340,F4,4,74.0,8
original_fixed,5x5,medium,12,1340,F5,1,26.0,1
original_fixed,5x5,medium,12,1345,B1,3,94.0,3
original_fixed,5x5,medium,12,1345,B2,4,59.0,7
original_fixed,5x5,medium,12,1345,B3,3,54.0,4
original_fixed,5x5,medium,12,1345,B4,1,15.0,3
original_fixed,5x5,medium,12,1345,B5,1,15.0,4
original_fixed,5x5,medium,12,1345,C1,2,43.0,3
original_fixed,5x5,medium,12,1345,C2,6,96.0,6
original_fixed,5x5,medium,12,1345,C3,0,0.0,0
original_fixed,5x5,medium,12,1345,C4,4,107.0,7
original_fixed,5x5,medium,12,1345,C5,1,30.0,4
original_fixed,5x5,medium,12,1345,D1,1,40.0,1
original_fixed,5x5,medium,12,1345,D2,3,95.0,4
original_fixed,5x5,medium,12,1345,D3,3,31.0,5
original_fixed,5x5,medium,12,1345,D4,0,0.0,1
original_fixed,5x5,medium,12,1345,D5,1,19.0,3
original_fixed,5x5,medium,12,1345,E1,1,32.0,3
original_fixed,5x5,medium,12,1345,E2,2,40.0,2
original_fixed,5x5,medium,12,1345,E3,2,45.0,3
original_fixed,5x5,medium,12,1345,E4,3,57.0,8
original_fixed,5x5,medium,12,1345,E5,4,76.0,6
original_fixed,5x5,medium,12,1345,F1,7,144.0,10
original_fixed,5x5,medium,12,1345,F2,2,53.0,3
original_fixed,5x5,medium,12,1345,F3,1,17.0,6
original_fixed,5x5,medium,12,1345,F4,4,94.0,9
original_fixed,5x5,medium,12,1345,F5,1,31.0,1
original_fixed,5x5,medium,12,1350,B1,3,109.0,4
original_fixed,5x5,medium,12,1350,B2,4,79.0,7
original_fixed,5x5,medium,12,1350,B3,3,69.0,4
original_fixed,5x5,medium,12,1350,B4,1,20.0,3
original_fixed,5x5,medium,12,1350,B5,2,22.0,4
original_fixed,5x5,medium,12,1350,C1,2,53.0,6
original_fixed,5x5,medium,12,1350,C2,6,126.0,6
original_fixed,5x5,medium,12,1350,C3,0,0.0,0
original_fixed,5x5,medium,12,1350,C4,5,129.0,7
original_fixed,5x5,medium,12,1350,C5,2,36.0,7
original_fixed,5x5,medium,12,1350,D1,1,45.0,1
original_fixed,5x5,medium,12,1350,D2,3,110.0,4
original_fixed,5x5,medium,12,1350,D3,3,46.0,5
original_fixed,5x5,medium,12,1350,D4,1,1.0,3
original_fixed,5x5,medium,12,1350,D5,1,24.0,2
original_fixed,5x5,medium,12,1350,E1,1,37.0,3
original_fixed,5x5,medium,12,1350,E2,2,50.0,2
original_fixed,5x5,medium,12,1350,E3,2,55.0,4
original_fixed,5x5,medium,12,1350,E4,4,73.0,8
original_fixed,5x5,medium,12,1350,E5,4,96.0,5
original_fixed,5x5,medium,12,1350,F1,7,179.0,10
original_fixed,5x5,medium,12,1350,F2,2,63.0,2
original_fixed,5x5,medium,12,1350,F3,2,25.0,5
original_fixed,5x5,medium,12,1350,F4,4,114.0,8
original_fixed,5x5,medium,12,1350,F5,1,36.0,1
original_fixed,5x5,medium,12,1355,B1,0,0.0,3
original_fixed,5x5,medium,12,1355,B2,1,4.0,6
original_fixed,5x5,medium,12,1355,B3,0,0.0,2
original_fixed,5x5,medium,12,1355,B4,0,0.0,4
original_fixed,5x5,medium,12,1355,B5,1,1.0,2
original_fixed,5x5,medium,12,1355,C1,0,0.0,6
original_fixed,5x5,medium,12,1355,C2,0,0.0,4
original_fixed,5x5,medium,12,1355,C3,0,0.0,1
original_fixed,5x5,medium,12,1355,C4,0,0.0,5
original_fixed,5x5,medium,12,1355,C5,3,11.0,7
original_fixed,5x5,medium,12,1355,D1,0,0.0,1
original_fixed,5x5,medium,12,1355,D2,0,0.0,4
original_fixed,5x5,medium,12,1355,D3,1,1.0,5
original_fixed,5x5,medium,12,1355,D4,0,0.0,3
original_fixed,5x5,medium,12,1355,D5,1,1.0,1
original_fixed,5x5,medium,12,1355,E1,1,1.0,5
original_fixed,5x5,medium,12,1355,E2,0,0.0,2
original_fixed,5x5,medium,12,1355,E3,0,0.0,4
original_fixed,5x5,medium,12,1355,E4,0,0.0,6
original_fixed,5x5,medium,12,1355,E5,0,0.0,3
original_fixed,5x5,medium,12,1355,F1,0,0.0,6
original_fixed,5x5,medium,12,1355,F2,0,0.0,2
original_fixed,5x5,medium,12,1355,F3,1,1.0,4
original_fixed,5x5,medium,12,1355,F4,2,6.0,5
original_fixed,5x5,medium,12,1355,F5,0,0.0,1
original_fixed,5x5,medium,12,1360,B1,0,0.0,4
original_fixed,5x5,medium,12,1360,B2,2,11.0,4
original_fixed,5x5,medium,12,1360,B3,0,0.0,3
original_fixed,5x5,medium,12,1360,B4,1,2.0,6
original_fixed,5x5,medium,12,1360,B5,1,6.0,2
original_fixed,5x5,medium,12,1360,C1,0,0.0,7
original_fixed,5x5,medium,12,1360,C2,0,0.0,3
original_fixed,5x5,medium,12,1360,C3,0,0.0,3
original_fixed,5x5,medium,12,1360,C4,1,1.0,3
original_fixed,5x5,medium,12,1360,C5,3,26.0,9
original_fixed,5x5,medium,12,1360,D1,0,0.0,3
original_fixed,5x5,medium,12,1360,D2,0,0.0,2
original_fixed,5x5,medium,12,1360,D3,1,6.0,7
original_fixed,5x5,medium,12,1360,D4,0,0.0,4
original_fixed,5x5,medium,12,1360,D5,1,6.0,2
original_fixed,5x5,medium,12,1360,E1,2,9.0,6
original_fixed,5x5,medium,12,1360,E2,0,0.0,2
original_fixed,5x5,medium,12,1360,E3,1,3.0,6
original_fixed,5x5,medium,12,1360,E4,2,4.0,6
original_fixed,5x5,medium,12,1360,E5,1,2.0,5
original_fixed,5x5,medium,12,1360,F1,1,5.0,2
original_fixed,5x5,medium,12,1360,F2,0,0.0,5
original_fixed,5x5,medium,12,1360,F3,1,6.0,3
original_fixed,5x5,medium,12,1360,F4,3,18.0,7
original_fixed,5x5,medium,12,1360,F5,0,0.0,3
original_fixed,5x5,medium,12,1365,B1,0,0.0,4
original_fixed,5x5,medium,12,1365,B2,2,21.0,6
original_fixed,5x5,medium,12,1365,B3,0,0.0,3
original_fixed,5x5,medium,12,1365,B4,1,7.0,5
original_fixed,5x5,medium,12,1365,B5,1,11.0,2
original_fixed,5x5,medium,12,1365,C1,1,2.0,7
original_fixed,5x5,medium,12,1365,C2,0,0.0,3
original_fixed,5x5,medium,12,1365,C3,0,0.0,3
original_fixed,5x5,medium,12,1365,C4,2,10.0,5
original_fixed,5x5,medium,12,1365,C5,4,43.0,8
original_fixed,5x5,medium,12,1365,D1,0,0.0,3
original_fixed,5x5,medium,12,1365,D2,0,0.0,3
original_fixed,5x5,medium,12,1365,D3,1,11.0,8
original_fixed,5x5,medium,12,1365,D4,0,0.0,3
original_fixed,5x5,medium,12,1365,D5,1,11.0,2
original_fixed,5x5,medium,12,1365,E1,2,19.0,7
original_fixed,5x5,medium,12,1365,E2,0,0.0,2
original_fixed,5x5,medium,12,1365,E3,1,8.0,6
original_fixed,5x5,medium,12,1365,E4,2,14.0,5
original_fixed,5x5,medium,12,1365,E5,1,7.0,6
original_fixed,5x5,medium,12,1365,F1,1,10.0,1
original_fixed,5x5,medium,12,1365,F2,0,0.0,7
original_fixed,5x5,medium,12,1365,F3,2,16.0,3
original_fixed,5x5,medium,12,1365,F4,3,33.0,7
original_fixed,5x5,medium,12,1365,F5,0,0.0,4
original_fixed,5x5,medium,12,1370,B1,2,5.0,6
original_fixed,5x5,medium,12,1370,B2,3,34.0,5
original_fixed,5x5,medium,12,1370,B3,0,0.0,3
original_fixed,5x5,medium,12,1370,B4,1,12.0,3
original_fixed,5x5,medium,12,1370,B5,1,16.0,2
original_fixed,5x5,medium,12,1370,C1,2,11.0,6
original_fixed,5x5,medium,12,1370,C2,1,1.0,3
original_fixed,5x5,medium,12,1370,C3,0,0.0,3
original_fixed,5x5,medium,12,1370,C4,2,20.0,6
original_fixed,5x5,medium,12,1370,C5,4,63.0,7
original_fixed,5x5,medium,12,1370,D1,0,0.0,4
original_fixed,5x5,medium,12,1370,D2,0,0.0,4
original_fixed,5x5,medium,12,1370,D3,1,16.0,8
original_fixed,5x5,medium,12,1370,D4,0,0.0,2
original_fixed,5x5,medium,12,1370,D5,1,16.0,2
original_fixed,5x5,medium,12,1370,E1,2,29.0,5
original_fixed,5x5,medium,12,1370,E2,0,0.0,1
original_fixed,5x5,medium,12,1370,E3,1,13.0,6
original_fixed,5x5,medium,12,1370,E4,2,24.0,4
original_fixed,5x5,medium,12,1370,E5,1,12.0,5
original_fixed,5x5,medium,12,1370,F1,1,15.0,1
original_fixed,5x5,medium,12,1370,F2,0,0.0,7
original_fixed,5x5,medium,12,1370,F3,2,26.0,2
original_fixed,5x5,medium,12,1370,F4,3,48.0,6
original_fixed,5x5,medium,12,1370,F5,0,0.0,3
original_fixed,5x5,medium,12,1375,B1,2,15.0,4
original_fixed,5x5,medium,12,1375,B2,3,49.0,6
original_fixed,5x5,medium,12,1375,B3,0,0.0,1
original_fixed,5x5,medium,12,1375,B4,1,17.0,2
original_fixed,5x5,medium,12,1375,B5,1,21.0,1
original_fixed,5x5,medium,12,1375,C1,4,28.0,5
original_fixed,5x5,medium,12,1375,C2,1,6.0,3
original_fixed,5x5,medium,12,1375,C3,2,6.0,4
original_fixed,5x5,medium,12,1375,C4,2,30.0,7
original_fixed,5x5,medium,12,1375,C5,4,83.0,5
original_fixed,5x5,medium,12,1375,D1,2,7.0,4
original_fixed,5x5,medium,12,1375,D2,1,5.0,4
original_fixed,5x5,medium,12,1375,D3,2,26.0,7
original_fixed,5x5,medium,12,1375,D4,0,0.0,6
original_fixed,5x5,medium,12,1375,D5,2,22.0,3
original_fixed,5x5,medium,12,1375,E1,3,43.0,5
original_fixed,5x5,medium,12,1375,E2,1,5.0,2
original_fixed,5x5,medium,12,1375,E3,2,23.0,5
original_fixed,5x5,medium,12,1375,E4,3,36.0,4
original_fixed,5x5,medium,12,1375,E5,1,17.0,4
original_fixed,5x5,medium,12,1375,F1,1,20.0,2
original_fixed,5x5,medium,12,1375,F2,0,0.0,4
original_fixed,5x5,medium,12,1375,F3,2,36.0,5
original_fixed,5x5,medium,12,1375,F4,3,63.0,5
original_fixed,5x5,medium,12,1375,F5,0,0.0,3
original_fixed,5x5,medium,12,1380,B1,2,25.0,5
original_fixed,5x5,medium,12,1380,B2,3,64.0,5
original_fixed,5x5,medium,12,1380,B3,0,0.0,3
original_fixed,5x5,medium,12,1380,B4,1,22.0,3
original_fixed,5x5,medium,12,1380,B5,1,26.0,3
original_fixed,5x5,medium,12,1380,C1,4,48.0,4
original_fixed,5x5,medium,12,1380,C2,2,14.0,3
original_fixed,5x5,medium,12,1380,C3,2,16.0,4
original_fixed,5x5,medium,12,1380,C4,2,40.0,6
original_fixed,5x5,medium,12,1380,C5,4,103.0,5
original_fixed,5x5,medium,12,1380,D1,2,17.0,5
original_fixed,5x5,medium,12,1380,D2,2,12.0,4
original_fixed,5x5,medium,12,1380,D3,2,36.0,5
original_fixed,5x5,medium,12,1380,D4,1,4.0,8
original_fixed,5x5,medium,12,1380,D5,2,32.0,4
original_fixed,5x5,medium,12,1380,E1,3,58.0,6
original_fixed,5x5,medium,12,1380,E2,1,10.0,3
original_fixed,5x5,medium,12,1380,E3,2,33.0,3
original_fixed,5x5,medium,12,1380,E4,3,51.0,6
original_fixed,5x5,medium,12,1380,E5,3,27.0,4
original_fixed,5x5,medium,12,1380,F1,1,25.0,2
original_fixed,5x5,medium,12,1380,F2,0,0.0,3
original_fixed,5x5,medium,12,1380,F3,2,46.0,7
original_fixed,5x5,medium,12,1380,F4,3,78.0,3
original_fixed,5x5,medium,12,1380,F5,0,0.0,3
original_fixed,5x5,medium,12,1385,B1,3,39.0,4
original_fixed,5x5,medium,12,1385,B2,3,79.0,5
original_fixed,5x5,medium,12,1385,B3,0,0.0,3
original_fixed,5x5,medium,12,1385,B4,1,27.0,3
original_fixed,5x5,medium,12,1385,B5,1,31.0,3
original_fixed,5x5,medium,12,1385,C1,4,68.0,5
original_fixed,5x5,medium,12,1385,C2,2,24.0,3
original_fixed,5x5,medium,12,1385,C3,2,26.0,4
original_fixed,5x5,medium,12,1385,C4,3,54.0,5
original_fixed,5x5,medium,12,1385,C5,4,123.0,5
original_fixed,5x5,medium,12,1385,D1,2,27.0,3
original_fixed,5x5,medium,12,1385,D2,2,22.0,2
original_fixed,5x5,medium,12,1385,D3,2,46.0,5
original_fixed,5x5,medium,12,1385,D4,2,14.0,10
original_fixed,5x5,medium,12,1385,D5,2,42.0,4
original_fixed,5x5,medium,12,1385,E1,3,73.0,6
original_fixed,5x5,medium,12,1385,E2,1,15.0,4
original_fixed,5x5,medium,12,1385,E3,2,43.0,3
original_fixed,5x5,medium,12,1385,E4,3,66.0,5
original_fixed,5x5,medium,12,1385,E5,2,37.0,5
original_fixed,5x5,medium,12,1385,F1,1,30.0,3
original_fixed,5x5,medium,12,1385,F2,1,4.0,3
original_fixed,5x5,medium,12,1385,F3,2,56.0,7
original_fixed,5x5,medium,12,1385,F4,3,93.0,4
original_fixed,5x5,medium,12,1385,F5,1,5.0,3
original_fixed,5x5,medium,12,1390,B1,3,54.0,4
original_fixed,5x5,medium,12,1390,B2,3,94.0,4
original_fixed,5x5,medium,12,1390,B3,1,1.0,2
original_fixed,5x5,medium,12,1390,B4,1,32.0,2
original_fixed,5x5,medium,12,1390,B5,1,36.0,3
original_fixed,5x5,medium,12,1390,C1,4,88.0,7
original_fixed,5x5,medium,12,1390,C2,2,34.0,2
original_fixed,5x5,medium,12,1390,C3,2,36.0,3
original_fixed,5x5,medium,12,1390,C4,4,70.0,7
original_fixed,5x5,medium,12,1390,C5,4,143.0,5
original_fixed,5x5,medium,12,1390,D1,2,37.0,3
original_fixed,5x5,medium,12,1390,D2,2,32.0,3
original_fixed,5x5,medium,12,1390,D3,2,56.0,4
original_fixed,5x5,medium,12,1390,D4,2,24.0,8
original_fixed,5x5,medium,12,1390,D5,3,55.0,7
original_fixed,5x5,medium,12,1390,E1,4,92.0,6
original_fixed,5x5,medium,12,1390,E2,1,20.0,6
original_fixed,5x5,medium,12,1390,E3,2,53.0,4
original_fixed,5x5,medium,12,1390,E4,3,81.0,5
original_fixed,5x5,medium,12,1390,E5,2,47.0,6
original_fixed,5x5,medium,12,1390,F1,1,35.0,3
original_fixed,5x5,medium,12,1390,F2,2,12.0,2
original_fixed,5x5,medium,12,1390,F3,2,66.0,4
original_fixed,5x5,medium,12,1390,F4,3,108.0,6
original_fixed,5x5,medium,12,1390,F5,1,10.0,2
original_fixed,5x5,medium,12,1395,B1,3,69.0,4
original_fixed,5x5,medium,12,1395,B2,3,109.0,5
original_fixed,5x5,medium,12,1395,B3,1,6.0,2
original_fixed,5x5,medium,12,1395,B4,1,37.0,1
original_fixed,5x5,medium,12,1395,B5,2,43.0,3
original_fixed,5x5,medium,12,1395,C1,4,108.0,7
original_fixed,5x5,medium,12,1395,C2,2,44.0,2
original_fixed,5x5,medium,12,1395,C3,2,46.0,4
original_fixed,5x5,medium,12,1395,C4,5,94.0,9
original_fixed,5x5,medium,12,1395,C5,4,163.0,5
original_fixed,5x5,medium,12,1395,D1,2,47.0,3
original_fixed,5x5,medium,12,1395,D2,2,42.0,3
original_fixed,5x5,medium,12,1395,D3,3,67.0,5
original_fixed,5x5,medium,12,1395,D4,3,37.0,7
original_fixed,5x5,medium,12,1395,D5,3,70.0,7
original_fixed,5x5,medium,12,1395,E1,4,112.0,6
original_fixed,5x5,medium,12,1395,E2,1,25.0,6
original_fixed,5x5,medium,12,1395,E3,2,63.0,5
original_fixed,5x5,medium,12,1395,E4,4,97.0,5
original_fixed,5x5,medium,12,1395,E5,2,57.0,7
original_fixed,5x5,medium,12,1395,F1,2,42.0,3
original_fixed,5x5,medium,12,1395,F2,2,22.0,2
original_fixed,5x5,medium,12,1395,F3,2,76.0,3
original_fixed,5x5,medium,12,1395,F4,3,123.0,7
original_fixed,5x5,medium,12,1395,F5,1,15.0,2
original_fixed,5x5,medium,12,1400,B1,0,0.0,4
original_fixed,5x5,medium,12,1400,B2,0,0.0,4
original_fixed,5x5,medium,12,1400,B3,0,0.0,2
original_fixed,5x5,medium,12,1400,B4,0,0.0,1
original_fixed,5x5,medium,12,1400,B5,0,0.0,2
original_fixed,5x5,medium,12,1400,C1,0,0.0,5
original_fixed,5x5,medium,12,1400,C2,0,0.0,1
original_fixed,5x5,medium,12,1400,C3,0,0.0,3
original_fixed,5x5,medium,12,1400,C4,0,0.0,7
original_fixed,5x5,medium,12,1400,C5,1,4.0,5
original_fixed,5x5,medium,12,1400,D1,0,0.0,1
original_fixed,5x5,medium,12,1400,D2,0,0.0,3
original_fixed,5x5,medium,12,1400,D3,1,5.0,4
original_fixed,5x5,medium,12,1400,D4,3,9.0,7
original_fixed,5x5,medium,12,1400,D5,0,0.0,4
original_fixed,5x5,medium,12,1400,E1,1,2.0,4
original_fixed,5x5,medium,12,1400,E2,1,2.0,6
original_fixed,5x5,medium,12,1400,E3,0,0.0,4
original_fixed,5x5,medium,12,1400,E4,0,0.0,4
original_fixed,5x5,medium,12,1400,E5,0,0.0,7
original_fixed,5x5,medium,12,1400,F1,0,0.0,2
original_fixed,5x5,medium,12,1400,F2,0,0.0,0
original_fixed,5x5,medium,12,1400,F3,1,3.0,1
original_fixed,5x5,medium,12,1400,F4,0,0.0,7
original_fixed,5x5,medium,12,1400,F5,1,5.0,2
original_fixed,5x5,medium,12,1405,B1,0,0.0,5
original_fixed,5x5,medium,12,1405,B2,0,0.0,5
original_fixed,5x5,medium,12,1405,B3,0,0.0,3
original_fixed,5x5,medium,12,1405,B4,0,0.0,2
original_fixed,5x5,medium,12,1405,B5,0,0.0,2
original_fixed,5x5,medium,12,1405,C1,0,0.0,6
original_fixed,5x5,medium,12,1405,C2,0,0.0,2
original_fixed,5x5,medium,12,1405,C3,0,0.0,3
original_fixed,5x5,medium,12,1405,C4,0,0.0,6
original_fixed,5x5,medium,12,1405,C5,1,9.0,5
original_fixed,5x5,medium,12,1405,D1,0,0.0,1
original_fixed,5x5,medium,12,1405,D2,1,4.0,3
original_fixed,5x5,medium,12,1405,D3,1,10.0,3
original_fixed,5x5,medium,12,1405,D4,2,18.0,11
original_fixed,5x5,medium,12,1405,D5,1,1.0,3
original_fixed,5x5,medium,12,1405,E1,1,7.0,4
original_fixed,5x5,medium,12,1405,E2,2,12.0,5
original_fixed,5x5,medium,12,1405,E3,0,0.0,3
original_fixed,5x5,medium,12,1405,E4,0,0.0,3
original_fixed,5x5,medium,12,1405,E5,3,10.0,9
original_fixed,5x5,medium,12,1405,F1,1,5.0,4
original_fixed,5x5,medium,12,1405,F2,0,0.0,2
original_fixed,5x5,medium,12,1405,F3,1,8.0,2
original_fixed,5x5,medium,12,1405,F4,2,6.0,6
original_fixed,5x5,medium,12,1405,F5,1,10.0,2
original_fixed,5x5,medium,12,1410,B1,0,0.0,5
original_fixed,5x5,medium,12,1410,B2,1,4.0,4
original_fixed,5x5,medium,12,1410,B3,1,1.0,4
original_fixed,5x5,medium,12,1410,B4,0,0.0,2
original_fixed,5x5,medium,12,1410,B5,0,0.0,3
original_fixed,5x5,medium,12,1410,C1,1,3.0,6
original_fixed,5x5,medium,12,1410,C2,0,0.0,2
original_fixed,5x5,medium,12,1410,C3,0,0.0,3
original_fixed,5x5,medium,12,1410,C4,1,2.0,5
original_fixed,5x5,medium,12,1410,C5,1,14.0,5
original_fixed,5x5,medium,12,1410,D1,0,0.0,1
original_fixed,5x5,medium,12,1410,D2,1,9.0,4
original_fixed,5x5,medium,12,1410,D3,1,15.0,4
original_fixed,5x5,medium,12,1410,D4,2,28.0,13
original_fixed,5x5,medium,12,1410,D5,2,9.0,3
original_fixed,5x5,medium,12,1410,E1,1,12.0,5
original_fixed,5x5,medium,12,1410,E2,2,22.0,5
original_fixed,5x5,medium,12,1410,E3,0,0.0,2
original_fixed,5x5,medium,12,1410,E4,0,0.0,5
original_fixed,5x5,medium,12,1410,E5,4,30.0,8
original_fixed,5x5,medium,12,1410,F1,1,10.0,5
original_fixed,5x5,medium,12,1410,F2,0,0.0,2
original_fixed,5x5,medium,12,1410,F3,1,13.0,2
original_fixed,5x5,medium,12,1410,F4,4,22.0,6
original_fixed,5x5,medium,12,1410,F5,1,15.0,3
original_fixed,5x5,medium,12,1415,B1,0,0.0,6
original_fixed,5x5,medium,12,1415,B2,1,9.0,4
original_fixed,5x5,medium,12,1415,B3,1,6.0,5
original_fixed,5x5,medium,12,1415,B4,0,0.0,4
original_fixed,5x5,medium,12,1415,B5,0,0.0,1
original_fixed,5x5,medium,12,1415,C1,1,8.0,5
original_fixed,5x5,medium,12,1415,C2,0,0.0,1
original_fixed,5x5,medium,12,1415,C3,0,0.0,2
original_fixed,5x5,medium,12,1415,C4,1,7.0,3
original_fixed,5x5,medium,12,1415,C5,1,19.0,4
original_fixed,5x5,medium,12,1415,D1,0,0.0,0
original_fixed,5x5,medium,12,1415,D2,1,14.0,3
original_fixed,5x5,medium,12,1415,D3,1,20.0,5
original_fixed,5x5,medium,12,1415,D4,2,38.0,12
original_fixed,5x5,medium,12,1415,D5,2,19.0,4
original_fixed,5x5,medium,12,1415,E1,2,18.0,4
original_fixed,5x5,medium,12,1415,E2,4,36.0,6
original_fixed,5x5,medium,12,1415,E3,0,0.0,1
original_fixed,5x5,medium,12,1415,E4,1,1.0,6
original_fixed,5x5,medium,12,1415,E5,4,50.0,7
original_fixed,5x5,medium,12,1415,F1,1,15.0,4
original_fixed,5x5,medium,12,1415,F2,0,0.0,2
original_fixed,5x5,medium,12,1415,F3,1,18.0,2
original_fixed,5x5,medium,12,1415,F4,5,44.0,6
original_fixed,5x5,medium,12,1415,F5,1,20.0,3
original_fixed,5x5,medium,12,1420,B1,1,3.0,5
original_fixed,5x5,medium,12,1420,B2,2,17.0,3
original_fixed,5x5,medium,12,1420,B3,1,11.0,7
original_fixed,5x5,medium,12,1420,B4,1,3.0,3
original_fixed,5x5,medium,12,1420,B5,0,0.0,2
original_fixed,5x5,medium,12,1420,C1,2,14.0,4
original_fixed,5x5,medium,12,1420,C2,0,0.0,3
original_fixed,5x5,medium,12,1420,C3,0,0.0,2
original_fixed,5x5,medium,12,1420,C4,3,16.0,3
original_fixed,5x5,medium,12,1420,C5,2,25.0,3
original_fixed,5x5,medium,12,1420,D1,0,0.0,3
original_fixed,5x5,medium,12,1420,D2,1,19.0,4
original_fixed,5x5,medium,12,1420,D3,2,30.0,4
original_fixed,5x5,medium,12,1420,D4,3,53.0,10
original_fixed,5x5,medium,12,1420,D5,3,31.0,4
original_fixed,5x5,medium,12,1420,E1,2,28.0,3
original_fixed,5x5,medium,12,1420,E2,4,56.0,6
original_fixed,5x5,medium,12,1420,E3,0,0.0,1
original_fixed,5x5,medium,12,1420,E4,1,6.0,10
original_fixed,5x5,medium,12,1420,E5,3,50.0,5
original_fixed,5x5,medium,12,1420,F1,1,20.0,3
original_fixed,5x5,medium,12,1420,F2,1,2.0,3
original_fixed,5x5,medium,12,1420,F3,1,23.0,2
original_fixed,5x5,medium,12,1420,F4,5,69.0,5
original_fixed,5x5,medium,12,1420,F5,1,25.0,5
original_fixed,5x5,medium,12,1425,B1,1,8.0,6
original_fixed,5x5,medium,12,1425,B2,2,27.0,3
original_fixed,5x5,medium,12,1425,B3,2,18.0,7
original_fixed,5x5,medium,12,1425,B4,1,8.0,6
original_fixed,5x5,medium,12,1425,B5,0,0.0,1
original_fixed,5x5,medium,12,1425,C1,3,26.0,5
original_fixed,5x5,medium,12,1425,C2,1,4.0,3
original_fixed,5x5,medium,12,1425,C3,0,0.0,3
original_fixed,5x5,medium,12,1425,C4,3,31.0,4
original_fixed,5x5,medium,12,1425,C5,2,35.0,3
original_fixed,5x5,medium,12,1425,D1,0,0.0,3
original_fixed,5x5,medium,12,1425,D2,1,24.0,4
original_fixed,5x5,medium,12,1425,D3,2,40.0,4
original_fixed,5x5,medium,12,1425,D4,5,75.0,7
original_fixed,5x5,medium,12,1425,D5,3,46.0,6
original_fixed,5x5,medium,12,1425,E1,2,38.0,4
original_fixed,5x5,medium,12,1425,E2,4,76.0,6
original_fixed,5x5,medium,12,1425,E3,0,0.0,0
original_fixed,5x5,medium,12,1425,E4,1,11.0,10
original_fixed,5x5,medium,12,1425,E5,4,70.0,4
original_fixed,5x5,medium,12,1425,F1,1,25.0,3
original_fixed,5x5,medium,12,1425,F2,1,7.0,3
original_fixed,5x5,medium,12,1425,F3,1,28.0,3
original_fixed,5x5,medium,12,1425,F4,5,94.0,7
original_fixed,5x5,medium,12,1425,F5,1,30.0,5
original_fixed,5x5,medium,12,1430,B1,2,18.0,6
original_fixed,5x5,medium,12,1430,B2,2,37.0,4
original_fixed,5x5,medium,12,1430,B3,2,28.0,5
original_fixed,5x5,medium,12,1430,B4,1,13.0,5
original_fixed,5x5,medium,12,1430,B5,0,0.0,2
original_fixed,5x5,medium,12,1430,C1,3,41.0,5
original_fixed,5x5,medium,12,1430,C2,1,9.0,2
original_fixed,5x5,medium,12,1430,C3,0,0.0,6
original_fixed,5x5,medium,12,1430,C4,3,46.0,5
original_fixed,5x5,medium,12,1430,C5,2,45.0,2
original_fixed,5x5,medium,12,1430,D1,0,0.0,3
original_fixed,5x5,medium,12,1430,D2,2,31.0,3
original_fixed,5x5,medium,12,1430,D3,2,50.0,4
original_fixed,5x5,medium,12,1430,D4,5,100.0,8
original_fixed,5x5,medium,12,1430,D5,3,61.0,8
original_fixed,5x5,medium,12,1430,E1,3,52.0,4
original_fixed,5x5,medium,12,1430,E2,4,96.0,6
original_fixed,5x5,medium,12,1430,E3,0,0.0,0
original_fixed,5x5,medium,12,1430,E4,2,19.0,9
original_fixed,5x5,medium,12,1430,E5,4,90.0,5
original_fixed,5x5,medium,12,1430,F1,2,34.0,2
original_fixed,5x5,medium,12,1430,F2,1,12.0,3
original_fixed,5x5,medium,12,1430,F3,1,33.0,3
original_fixed,5x5,medium,12,1430,F4,5,119.0,8
original_fixed,5x5,medium,12,1430,F5,1,35.0,4
original_fixed,5x5,medium,12,1435,B1,3,33.0,6
original_fixed,5x5,medium,12,1435,B2,3,52.0,5
original_fixed,5x5,medium,12,1435,B3,2,38.0,4
original_fixed,5x5,medium,12,1435,B4,2,19.0,4
original_fixed,5x5,medium,12,1435,B5,0,0.0,1
original_fixed,5x5,medium,12,1435,C1,3,56.0,5
original_fixed,5x5,medium,12,1435,C2,2,16.0,2
original_fixed,5x5,medium,12,1435,C3,2,6.0,6
original_fixed,5x5,medium,12,1435,C4,3,61.0,7
original_fixed,5x5,medium,12,1435,C5,2,55.0,2
original_fixed,5x5,medium,12,1435,D1,0,0.0,1
original_fixed,5x5,medium,12,1435,D2,2,41.0,4
original_fixed,5x5,medium,12,1435,D3,2,60.0,4
original_fixed,5x5,medium,12,1435,D4,5,125.0,7
original_fixed,5x5,medium,12,1435,D5,4,77.0,8
original_fixed,5x5,medium,12,1435,E1,3,67.0,5
original_fixed,5x5,medium,12,1435,E2,4,116.0,6
original_fixed,5x5,medium,12,1435,E3,0,0.0,0
original_fixed,5x5,medium,12,1435,E4,3,32.0,7
original_fixed,5x5,medium,12,1435,E5,4,110.0,7
original_fixed,5x5,medium,12,1435,F1,2,44.0,2
original_fixed,5x5,medium,12,1435,F2,1,17.0,3
original_fixed,5x5,medium,12,1435,F3,2,42.0,3
original_fixed,5x5,medium,12,1435,F4,5,144.0,9
original_fixed,5x5,medium,12,1435,F5,1,40.0,4
original_fixed,5x5,medium,12,1440,B1,3,48.0,7
original_fixed,5x5,medium,12,1440,B2,3,67.0,6
original_fixed,5x5,medium,12,1440,B3,3,50.0,3
original_fixed,5x5,medium,12,1440,B4,3,31.0,3
original_fixed,5x5,medium,12,1440,B5,0,0.0,1
original_fixed,5x5,medium,12,1440,C1,4,75.0,5
original_fixed,5x5,medium,12,1440,C2,2,26.0,2
original_fixed,5x5,medium,12,1440,C3,2,16.0,7
original_fixed,5x5,medium,12,1440,C4,3,76.0,8
original_fixed,5x5,medium,12,1440,C5,2,65.0,2
original_fixed,5x5,medium,12,1440,D1,0,0.0,1
original_fixed,5x5,medium,12,1440,D2,3,55.0,4
original_fixed,5x5,medium,12,1440,D3,2,70.0,4
original_fixed,5x5,medium,12,1440,D4,5,150.0,7
original_fixed,5x5,medium,12,1440,D5,4,97.0,8
original_fixed,5x5,medium,12,1440,E1,4,86.0,6
original_fixed,5x5,medium,12,1440,E2,5,141.0,6
original_fixed,5x5,medium,12,1440,E3,0,0.0,0
original_fixed,5x5,medium,12,1440,E4,4,49.0,7
original_fixed,5x5,medium,12,1440,E5,4,130.0,7
original_fixed,5x5,medium,12,1440,F1,2,54.0,2
original_fixed,5x5,medium,12,1440,F2,1,22.0,3
original_fixed,5x5,medium,12,1440,F3,3,55.0,4
original_fixed,5x5,medium,12,1440,F4,5,169.0,10
original_fixed,5x5,medium,12,1440,F5,2,50.0,4
original_fixed,5x5,medium,12,1445,B1,0,0.0,4
original_fixed,5x5,medium,12,1445,B2,0,0.0,4
original_fixed,5x5,medium,12,1445,B3,0,0.0,2
original_fixed,5x5,medium,12,1445,B4,0,0.0,3
original_fixed,5x5,medium,12,1445,B5,0,0.0,1
original_fixed,5x5,medium,12,1445,C1,0,0.0,3
original_fixed,5x5,medium,12,1445,C2,0,0.0,2
original_fixed,5x5,medium,12,1445,C3,2,4.0,6
original_fixed,5x5,medium,12,1445,C4,1,5.0,7
original_fixed,5x5,medium,12,1445,C5,0,0.0,1
original_fixed,5x5,medium,12,1445,D1,0,0.0,3
original_fixed,5x5,medium,12,1445,D2,0,0.0,4
original_fixed,5x5,medium,12,1445,D3,0,0.0,1
original_fixed,5x5,medium,12,1445,D4,0,0.0,5
original_fixed,5x5,medium,12,1445,D5,2,3.0,6
original_fixed,5x5,medium,12,1445,E1,0,0.0,4
original_fixed,5x5,medium,12,1445,E2,0,0.0,5
original_fixed,5x5,medium,12,1445,E3,0,0.0,2
original_fixed,5x5,medium,12,1445,E4,1,3.0,5
original_fixed,5x5,medium,12,1445,E5,1,4.0,6
original_fixed,5x5,medium,12,1445,F1,0,0.0,0
original_fixed,5x5,medium,12,1445,F2,1,2.0,4
original_fixed,5x5,medium,12,1445,F3,0,0.0,2
original_fixed,5x5,medium,12,1445,F4,2,5.0,8
original_fixed,5x5,medium,12,1445,F5,0,0.0,4
original_fixed,5x5,medium,12,1450,B1,1,3.0,5
original_fixed,5x5,medium,12,1450,B2,1,5.0,2
original_fixed,5x5,medium,12,1450,B3,0,0.0,3
original_fixed,5x5,medium,12,1450,B4,0,0.0,3
original_fixed,5x5,medium,12,1450,B5,0,0.0,1
original_fixed,5x5,medium,12,1450,C1,0,0.0,2
original_fixed,5x5,medium,12,1450,C2,0,0.0,5
original_fixed,5x5,medium,12,1450,C3,3,19.0,10
original_fixed,5x5,medium,12,1450,C4,3,16.0,8
original_fixed,5x5,medium,12,1450,C5,0,0.0,2
original_fixed,5x5,medium,12,1450,D1,0,0.0,4
original_fixed,5x5,medium,12,1450,D2,1,4.0,4
original_fixed,5x5,medium,12,1450,D3,0,0.0,2
original_fixed,5x5,medium,12,1450,D4,2,7.0,4
original_fixed,5x5,medium,12,1450,D5,1,7.0,3
original_fixed,5x5,medium,12,1450,E1,0,0.0,4
original_fixed,5x5,medium,12,1450,E2,1,4.0,5
original_fixed,5x5,medium,12,1450,E3,0,0.0,6
original_fixed,5x5,medium,12,1450,E4,2,13.0,7
original_fixed,5x5,medium,12,1450,E5,1,9.0,4
original_fixed,5x5,medium,12,1450,F1,0,0.0,0
original_fixed,5x5,medium,12,1450,F2,1,7.0,5
original_fixed,5x5,medium,12,1450,F3,0,0.0,3
original_fixed,5x5,medium,12,1450,F4,3,16.0,7
original_fixed,5x5,medium,12,1450,F5,0,0.0,6
original_fixed,5x5,medium,12,1455,B1,1,8.0,7
original_fixed,5x5,medium,12,1455,B2,1,10.0,1
original_fixed,5x5,medium,12,1455,B3,0,0.0,4
original_fixed,5x5,medium,12,1455,B4,0,0.0,3
original_fixed,5x5,medium,12,1455,B5,0,0.0,1
original_fixed,5x5,medium,12,1455,C1,1,5.0,2
original_fixed,5x5,medium,12,1455,C2,0,0.0,5
original_fixed,5x5,medium,12,1455,C3,4,35.0,10
original_fixed,5x5,medium,12,1455,C4,5,37.0,8
original_fixed,5x5,medium,12,1455,C5,0,0.0,2
original_fixed,5x5,medium,12,1455,D1,1,5.0,6
original_fixed,5x5,medium,12,1455,D2,1,9.0,4
original_fixed,5x5,medium,12,1455,D3,0,0.0,3
original_fixed,5x5,medium,12,1455,D4,2,17.0,5
original_fixed,5x5,medium,12,1455,D5,1,12.0,3
original_fixed,5x5,medium,12,1455,E1,1,2.0,3
original_fixed,5x5,medium,12,1455,E2,1,9.0,5
original_fixed,5x5,medium,12,1455,E3,0,0.0,6
original_fixed,5x5,medium,12,1455,E4,2,23.0,8
original_fixed,5x5,medium,12,1455,E5,1,14.0,3
original_fixed,5x5,medium,12,1455,F1,0,0.0,1
original_fixed,5x5,medium,12,1455,F2,2,15.0,5
original_fixed,5x5,medium,12,1455,F3,0,0.0,3
original_fixed,5x5,medium,12,1455,F4,3,31.0,6
original_fixed,5x5,medium,12,1455,F5,0,0.0,6
original_fixed,5x5,medium,12,1460,B1,1,13.0,6
original_fixed,5x5,medium,12,1460,B2,1,15.0,1
original_fixed,5x5,medium,12,1460,B3,0,0.0,3
original_fixed,5x5,medium,12,1460,B4,1,1.0,3
original_fixed,5x5,medium,12,1460,B5,0,0.0,1
original_fixed,5x5,medium,12,1460,C1,1,10.0,3
original_fixed,5x5,medium,12,1460,C2,0,0.0,4
original_fixed,5x5,medium,12,1460,C3,4,55.0,9
original_fixed,5x5,medium,12,1460,C4,6,64.0,7
original_fixed,5x5,medium,12,1460,C5,0,0.0,2
original_fixed,5x5,medium,12,1460,D1,1,10.0,6
original_fixed,5x5,medium,12,1460,D2,1,14.0,4
original_fixed,5x5,medium,12,1460,D3,0,0.0,3
original_fixed,5x5,medium,12,1460,D4,2,27.0,5
original_fixed,5x5,medium,12,1460,D5,1,17.0,5
original_fixed,5x5,medium,12,1460,E1,1,7.0,2
original_fixed,5x5,medium,12,1460,E2,1,14.0,5
original_fixed,5x5,medium,12,1460,E3,0,0.0,5
original_fixed,5x5,medium,12,1460,E4,1,18.0,7
original_fixed,5x5,medium,12,1460,E5,2,21.0,4
original_fixed,5x5,medium,12,1460,F1,0,0.0,2
original_fixed,5x5,medium,12,1460,F2,2,25.0,3
original_fixed,5x5,medium,12,1460,F3,0,0.0,5
original_fixed,5x5,medium,12,1460,F4,3,46.0,3
original_fixed,5x5,medium,12,1460,F5,1,1.0,7
original_fixed,5x5,medium,12,1465,B1,2,19.0,7
original_fixed,5x5,medium,12,1465,B2,1,20.0,3
original_fixed,5x5,medium,12,1465,B3,0,0.0,3
original_fixed,5x5,medium,12,1465,B4,1,6.0,3
original_fixed,5x5,medium,12,1465,B5,0,0.0,1
original_fixed,5x5,medium,12,1465,C1,2,19.0,4
original_fixed,5x5,medium,12,1465,C2,0,0.0,4
original_fixed,5x5,medium,12,1465,C3,6,80.0,7
original_fixed,5x5,medium,12,1465,C4,7,97.0,10
original_fixed,5x5,medium,12,1465,C5,0,0.0,1
original_fixed,5x5,medium,12,1465,D1,2,19.0,6
original_fixed,5x5,medium,12,1465,D2,2,22.0,4
original_fixed,5x5,medium,12,1465,D3,2,5.0,4
original_fixed,5x5,medium,12,1465,D4,2,37.0,6
original_fixed,5x5,medium,12,1465,D5,1,22.0,5
original_fixed,5x5,medium,12,1465,E1,1,12.0,3
original_fixed,5x5,medium,12,1465,E2,3,28.0,4
original_fixed,5x5,medium,12,1465,E3,0,0.0,5
original_fixed,5x5,medium,12,1465,E4,2,24.0,5
original_fixed,5x5,medium,12,1465,E5,2,31.0,5
original_fixed,5x5,medium,12,1465,F1,0,0.0,4
original_fixed,5x5,medium,12,1465,F2,2,35.0,4
original_fixed,5x5,medium,12,1465,F3,2,5.0,6
original_fixed,5x5,medium,12,1465,F4,4,61.0,5
original_fixed,5x5,medium,12,1465,F5,1,6.0,5
original_fixed,5x5,medium,12,1470,B1,2,29.0,4
original_fixed,5x5,medium,12,1470,B2,1,25.0,5
original_fixed,5x5,medium,12,1470,B3,0,0.0,2
original_fixed,5x5,medium,12,1470,B4,1,11.0,3
original_fixed,5x5,medium,12,1470,B5,0,0.0,1
original_fixed,5x5,medium,12,1470,C1,2,29.0,4
original_fixed,5x5,medium,12,1470,C2,1,4.0,3
original_fixed,5x5,medium,12,1470,C3,6,110.0,8
original_fixed,5x5,medium,12,1470,C4,7,132.0,10
original_fixed,5x5,medium,12,1470,C5,1,5.0,2
original_fixed,5x5,medium,12,1470,D1,2,29.0,5
original_fixed,5x5,medium,12,1470,D2,2,32.0,6
original_fixed,5x5,medium,12,1470,D3,2,15.0,5
original_fixed,5x5,medium,12,1470,D4,2,47.0,5
original_fixed,5x5,medium,12,1470,D5,1,27.0,4
original_fixed,5x5,medium,12,1470,E1,2,22.0,3
original_fixed,5x5,medium,12,1470,E2,3,43.0,6
original_fixed,5x5,medium,12,1470,E3,0,0.0,5
original_fixed,5x5,medium,12,1470,E4,3,35.0,4
original_fixed,5x5,medium,12,1470,E5,3,44.0,6
original_fixed,5x5,medium,12,1470,F1,0,0.0,3
original_fixed,5x5,medium,12,1470,F2,2,45.0,4
original_fixed,5x5,medium,12,1470,F3,2,15.0,6
original_fixed,5x5,medium,12,1470,F4,3,76.0,6
original_fixed,5x5,medium,12,1470,F5,1,11.0,3
original_fixed,5x5,medium,12,1475,B1,2,39.0,5
original_fixed,5x5,medium,12,1475,B2,1,30.0,6
original_fixed,5x5,medium,12,1475,B3,1,4.0,2
original_fixed,5x5,medium,12,1475,B4,2,21.0,3
original_fixed,5x5,medium,12,1475,B5,0,0.0,2
original_fixed,5x5,medium,12,1475,C1,2,39.0,3
original_fixed,5x5,medium,12,1475,C2,1,9.0,2
original_fixed,5x5,medium,12,1475,C3,6,140.0,8
original_fixed,5x5,medium,12,1475,C4,7,167.0,10
original_fixed,5x5,medium,12,1475,C5,1,10.0,2
original_fixed,5x5,medium,12,1475,D1,3,42.0,6
original_fixed,5x5,medium,12,1475,D2,2,42.0,8
original_fixed,5x5,medium,12,1475,D3,2,25.0,4
original_fixed,5x5,medium,12,1475,D4,3,58.0,6
original_fixed,5x5,medium,12,1475,D5,2,33.0,4
original_fixed,5x5,medium,12,1475,E1,2,32.0,5
original_fixed,5x5,medium,12,1475,E2,3,58.0,7
original_fixed,5x5,medium,12,1475,E3,0,0.0,5
original_fixed,5x5,medium,12,1475,E4,3,50.0,4
original_fixed,5x5,medium,12,1475,E5,3,59.0,5
original_fixed,5x5,medium,12,1475,F1,0,0.0,2
original_fixed,5x5,medium,12,1475,F2,2,55.0,5
original_fixed,5x5,medium,12,1475,F3,2,25.0,3
original_fixed,5x5,medium,12,1475,F4,3,91.0,7
original_fixed,5x5,medium,12,1475,F5,1,16.0,3
original_fixed,5x5,medium,12,1480,B1,2,49.0,6
original_fixed,5x5,medium,12,1480,B2,1,35.0,5
original_fixed,5x5,medium,12,1480,B3,2,10.0,2
original_fixed,5x5,medium,12,1480,B4,2,31.0,3
original_fixed,5x5,medium,12,1480,B5,0,0.0,1
original_fixed,5x5,medium,12,1480,C1,3,51.0,3
original_fixed,5x5,medium,12,1480,C2,1,14.0,2
original_fixed,5x5,medium,12,1480,C3,7,173.0,8
original_fixed,5x5,medium,12,1480,C4,7,202.0,9
original_fixed,5x5,medium,12,1480,C5,1,15.0,2
original_fixed,5x5,medium,12,1480,D1,3,57.0,6
original_fixed,5x5,medium,12,1480,D2,2,52.0,8
original_fixed,5x5,medium,12,1480,D3,2,35.0,5
original_fixed,5x5,medium,12,1480,D4,4,75.0,6
original_fixed,5x5,medium,12,1480,D5,3,48.0,4
original_fixed,5x5,medium,12,1480,E1,2,42.0,5
original_fixed,5x5,medium,12,1480,E2,3,73.0,7
original_fixed,5x5,medium,12,1480,E3,0,0.0,3
original_fixed,5x5,medium,12,1480,E4,3,65.0,3
original_fixed,5x5,medium,12,1480,E5,3,74.0,7
original_fixed,5x5,medium,12,1480,F1,1,2.0,2
original_fixed,5x5,medium,12,1480,F2,2,65.0,6
original_fixed,5x5,medium,12,1480,F3,3,37.0,3
original_fixed,5x5,medium,12,1480,F4,3,106.0,7
original_fixed,5x5,medium,12,1480,F5,2,24.0,2
original_fixed,5x5,medium,12,1485,B1,3,61.0,6
original_fixed,5x5,medium,12,1485,B2,1,40.0,4
original_fixed,5x5,medium,12,1485,B3,2,20.0,3
original_fixed,5x5,medium,12,1485,B4,2,41.0,3
original_fixed,5x5,medium,12,1485,B5,0,0.0,1
original_fixed,5x5,medium,12,1485,C1,3,66.0,3
original_fixed,5x5,medium,12,1485,C2,1,19.0,2
original_fixed,5x5,medium,12,1485,C3,7,208.0,7
original_fixed,5x5,medium,12,1485,C4,7,237.0,8
original_fixed,5x5,medium,12,1485,C5,1,20.0,4
original_fixed,5x5,medium,12,1485,D1,4,73.0,5
original_fixed,5x5,medium,12,1485,D2,3,64.0,8
original_fixed,5x5,medium,12,1485,D3,2,45.0,4
original_fixed,5x5,medium,12,1485,D4,5,98.0,6
original_fixed,5x5,medium,12,1485,D5,3,63.0,4
original_fixed,5x5,medium,12,1485,E1,2,52.0,8
original_fixed,5x5,medium,12,1485,E2,3,88.0,9
original_fixed,5x5,medium,12,1485,E3,0,0.0,2
original_fixed,5x5,medium,12,1485,E4,3,80.0,3
original_fixed,5x5,medium,12,1485,E5,4,92.0,7
original_fixed,5x5,medium,12,1485,F1,1,7.0,2
original_fixed,5x5,medium,12,1485,F2,3,77.0,6
original_fixed,5x5,medium,12,1485,F3,3,52.0,4
original_fixed,5x5,medium,12,1485,F4,6,126.0,7
original_fixed,5x5,medium,12,1485,F5,2,34.0,2
original_fixed,5x5,medium,12,1490,B1,1,3.0,5
original_fixed,5x5,medium,12,1490,B2,0,0.0,4
original_fixed,5x5,medium,12,1490,B3,0,0.0,3
original_fixed,5x5,medium,12,1490,B4,1,2.0,2
original_fixed,5x5,medium,12,1490,B5,1,2.0,2
original_fixed,5x5,medium,12,1490,C1,0,0.0,2
original_fixed,5x5,medium,12,1490,C2,0,0.0,2
original_fixed,5x5,medium,12,1490,C3,0,0.0,3
original_fixed,5x5,medium,12,1490,C4,0,0.0,6
original_fixed,5x5,medium,12,1490,C5,0,0.0,4
original_fixed,5x5,medium,12,1490,D1,1,6.0,3
original_fixed,5x5,medium,12,1490,D2,1,4.0,6
original_fixed,5x5,medium,12,1490,D3,0,0.0,4
original_fixed,5x5,medium,12,1490,D4,1,1.0,3
original_fixed,5x5,medium,12,1490,D5,0,0.0,2
original_fixed,5x5,medium,12,1490,E1,1,3.0,8
original_fixed,5x5,medium,12,1490,E2,1,1.0,8
original_fixed,5x5,medium,12,1490,E3,1,3.0,3
original_fixed,5x5,medium,12,1490,E4,0,0.0,3
original_fixed,5x5,medium,12,1490,E5,0,0.0,6
original_fixed,5x5,medium,12,1490,F1,0,0.0,2
original_fixed,5x5,medium,12,1490,F2,0,0.0,5
original_fixed,5x5,medium,12,1490,F3,0,0.0,2
original_fixed,5x5,medium,12,1490,F4,1,3.0,5
original_fixed,5x5,medium,12,1490,F5,0,0.0,1
original_fixed,5x5,medium,12,1495,B1,1,8.0,5
original_fixed,5x5,medium,12,1495,B2,1,2.0,4
original_fixed,5x5,medium,12,1495,B3,0,0.0,3
original_fixed,5x5,medium,12,1495,B4,1,7.0,2
original_fixed,5x5,medium,12,1495,B5,1,7.0,3
original_fixed,5x5,medium,12,1495,C1,0,0.0,4
original_fixed,5x5,medium,12,1495,C2,0,0.0,3
original_fixed,5x5,medium,12,1495,C3,0,0.0,1
original_fixed,5x5,medium,12,1495,C4,1,2.0,7
original_fixed,5x5,medium,12,1495,C5,1,4.0,5
original_fixed,5x5,medium,12,1495,D1,1,11.0,4
original_fixed,5x5,medium,12,1495,D2,1,9.0,5
original_fixed,5x5,medium,12,1495,D3,1,4.0,7
original_fixed,5x5,medium,12,1495,D4,1,6.0,3
original_fixed,5x5,medium,12,1495,D5,0,0.0,4
original_fixed,5x5,medium,12,1495,E1,1,8.0,9
original_fixed,5x5,medium,12,1495,E2,3,13.0,10
original_fixed,5x5,medium,12,1495,E3,1,8.0,5
original_fixed,5x5,medium,12,1495,E4,0,0.0,4
original_fixed,5x5,medium,12,1495,E5,0,0.0,6
original_fixed,5x5,medium,12,1495,F1,1,5.0,3
original_fixed,5x5,medium,12,1495,F2,2,9.0,4
original_fixed,5x5,medium,12,1495,F3,0,0.0,3
original_fixed,5x5,medium,12,1495,F4,1,8.0,5
original_fixed,5x5,medium,12,1495,F5,0,0.0,2
original_fixed,5x5,medium,12,1500,B1,3,21.0,5
original_fixed,5x5,medium,12,1500,B2,1,7.0,4
original_fixed,5x5,medium,12,1500,B3,1,4.0,5
original_fixed,5x5,medium,12,1500,B4,1,12.0,4
original_fixed,5x5,medium,12,1500,B5,1,12.0,4
original_fixed,5x5,medium,12,1500,C1,0,0.0,5
original_fixed,5x5,medium,12,1500,C2,1,5.0,4
original_fixed,5x5,medium,12,1500,C3,0,0.0,1
original_fixed,5x5,medium,12,1500,C4,1,2.0,6
original_fixed,5x5,medium,12,1500,C5,2,10.0,5
original_fixed,5x5,medium,12,1500,D1,1,16.0,4
original_fixed,5x5,medium,12,1500,D2,2,16.0,5
original_fixed,5x5,medium,12,1500,D3,2,12.0,7
original_fixed,5x5,medium,12,1500,D4,1,11.0,3
original_fixed,5x5,medium,12,1500,D5,0,0.0,5
original_fixed,5x5,medium,12,1500,E1,1,13.0,8
original_fixed,5x5,medium,12,1500,E2,5,31.0,11
original_fixed,5x5,medium,12,1500,E3,1,13.0,5
original_fixed,5x5,medium,12,1500,E4,0,0.0,4
original_fixed,5x5,medium,12,1500,E5,1,3.0,5
original_fixed,5x5,medium,12,1500,F1,1,10.0,3
original_fixed,5x5,medium,12,1500,F2,2,19.0,4
original_fixed,5x5,medium,12,1500,F3,0,0.0,2
original_fixed,5x5,medium,12,1500,F4,1,13.0,3
original_fixed,5x5,medium,12,1500,F5,0,0.0,2
original_fixed,5x5,medium,12,1505,B1,4,37.0,5
original_fixed,5x5,medium,12,1505,B2,1,12.0,5
original_fixed,5x5,medium,12,1505,B3,2,10.0,4
original_fixed,5x5,medium,12,1505,B4,1,17.0,4
original_fixed,5x5,medium,12,1505,B5,1,17.0,3
original_fixed,5x5,medium,12,1505,C1,0,0.0,3
original_fixed,5x5,medium,12,1505,C2,1,10.0,4
original_fixed,5x5,medium,12,1505,C3,0,0.0,3
original_fixed,5x5,medium,12,1505,C4,1,7.0,6
original_fixed,5x5,medium,12,1505,C5,3,25.0,5
original_fixed,5x5,medium,12,1505,D1,1,21.0,5
original_fixed,5x5,medium,12,1505,D2,2,26.0,3
original_fixed,5x5,medium,12,1505,D3,2,22.0,5
original_fixed,5x5,medium,12,1505,D4,1,16.0,3
original_fixed,5x5,medium,12,1505,D5,0,0.0,5
original_fixed,5x5,medium,12,1505,E1,3,26.0,5
original_fixed,5x5,medium,12,1505,E2,7,62.0,11
original_fixed,5x5,medium,12,1505,E3,1,18.0,5
original_fixed,5x5,medium,12,1505,E4,0,0.0,3
original_fixed,5x5,medium,12,1505,E5,1,8.0,4
original_fixed,5x5,medium,12,1505,F1,1,15.0,2
original_fixed,5x5,medium,12,1505,F2,3,30.0,3
original_fixed,5x5,medium,12,1505,F3,0,0.0,3
original_fixed,5x5,medium,12,1505,F4,1,18.0,5
original_fixed,5x5,medium,12,1505,F5,0,0.0,2
original_fixed,5x5,medium,12,1510,B1,4,57.0,5
original_fixed,5x5,medium,12,1510,B2,3,27.0,5
original_fixed,5x5,medium,12,1510,B3,2,20.0,4
original_fixed,5x5,medium,12,1510,B4,1,22.0,6
original_fixed,5x5,medium,12,1510,B5,1,22.0,4
original_fixed,5x5,medium,12,1510,C1,0,0.0,1
original_fixed,5x5,medium,12,1510,C2,2,16.0,4
original_fixed,5x5,medium,12,1510,C3,0,0.0,4
original_fixed,5x5,medium,12,1510,C4,2,16.0,5
original_fixed,5x5,medium,12,1510,C5,3,40.0,3
original_fixed,5x5,medium,12,1510,D1,1,26.0,5
original_fixed,5x5,medium,12,1510,D2,2,36.0,3
original_fixed,5x5,medium,12,1510,D3,2,32.0,5
original_fixed,5x5,medium,12,1510,D4,1,21.0,3
original_fixed,5x5,medium,12,1510,D5,0,0.0,3
original_fixed,5x5,medium,12,1510,E1,3,41.0,5
original_fixed,5x5,medium,12,1510,E2,8,98.0,11
original_fixed,5x5,medium,12,1510,E3,2,27.0,7
original_fixed,5x5,medium,12,1510,E4,0,0.0,2
original_fixed,5x5,medium,12,1510,E5,3,19.0,5
original_fixed,5x5,medium,12,1510,F1,2,22.0,4
original_fixed,5x5,medium,12,1510,F2,3,45.0,4
original_fixed,5x5,medium,12,1510,F3,1,4.0,2
original_fixed,5x5,medium,12,1510,F4,1,23.0,6
original_fixed,5x5,medium,12,1510,F5,0,0.0,1
original_fixed,5x5,medium,12,1515,B1,4,77.0,6
original_fixed,5x5,medium,12,1515,B2,3,42.0,4
original_fixed,5x5,medium,12,1515,B3,3,31.0,3
original_fixed,5x5,medium,12,1515,B4,1,27.0,7
original_fixed,5x5,medium,12,1515,B5,1,27.0,2
original_fixed,5x5,medium,12,1515,C1,0,0.0,2
original_fixed,5x5,medium,12,1515,C2,3,30.0,5
original_fixed,5x5,medium,12,1515,C3,1,2.0,6
original_fixed,5x5,medium,12,1515,C4,2,26.0,4
original_fixed,5x5,medium,12,1515,C5,3,55.0,5
original_fixed,5x5,medium,12,1515,D1,1,31.0,4
original_fixed,5x5,medium,12,1515,D2,3,50.0,3
original_fixed,5x5,medium,12,1515,D3,3,47.0,5
original_fixed,5x5,medium,12,1515,D4,1,26.0,3
original_fixed,5x5,medium,12,1515,D5,1,4.0,2
original_fixed,5x5,medium,12,1515,E1,3,56.0,4
original_fixed,5x5,medium,12,1515,E2,8,138.0,10
original_fixed,5x5,medium,12,1515,E3,2,37.0,7
original_fixed,5x5,medium,12,1515,E4,0,0.0,3
original_fixed,5x5,medium,12,1515,E5,4,36.0,5
original_fixed,5x5,medium,12,1515,F1,2,32.0,4
original_fixed,5x5,medium,12,1515,F2,3,60.0,5
original_fixed,5x5,medium,12,1515,F3,1,9.0,2
original_fixed,5x5,medium,12,1515,F4,2,33.0,5
original_fixed,5x5,medium,12,1515,F5,0,0.0,1
original_fixed,5x5,medium,12,1520,B1,5,98.0,6
original_fixed,5x5,medium,12,1520,B2,3,57.0,4
original_fixed,5x5,medium,12,1520,B3,3,46.0,5
original_fixed,5x5,medium,12,1520,B4,1,32.0,5
original_fixed,5x5,medium,12,1520,B5,1,32.0,2
original_fixed,5x5,medium,12,1520,C1,1,5.0,2
original_fixed,5x5,medium,12,1520,C2,3,45.0,4
original_fixed,5x5,medium,12,1520,C3,2,10.0,6
original_fixed,5x5,medium,12,1520,C4,2,36.0,3
original_fixed,5x5,medium,12,1520,C5,3,70.0,6
original_fixed,5x5,medium,12,1520,D1,1,36.0,3
original_fixed,5x5,medium,12,1520,D2,3,65.0,3
original_fixed,5x5,medium,12,1520,D3,3,62.0,5
original_fixed,5x5,medium,12,1520,D4,1,31.0,4
original_fixed,5x5,medium,12,1520,D5,1,9.0,1
original_fixed,5x5,medium,12,1520,E1,3,71.0,4
original_fixed,5x5,medium,12,1520,E2,9,180.0,10
original_fixed,5x5,medium,12,1520,E3,2,47.0,5
original_fixed,5x5,medium,12,1520,E4,1,1.0,3
original_fixed,5x5,medium,12,1520,E5,4,56.0,5
original_fixed,5x5,medium,12,1520,F1,2,42.0,4
original_fixed,5x5,medium,12,1520,F2,3,75.0,5
original_fixed,5x5,medium,12,1520,F3,2,17.0,4
original_fixed,5x5,medium,12,1520,F4,2,43.0,3
original_fixed,5x5,medium,12,1520,F5,0,0.0,2
original_fixed,5x5,medium,12,1525,B1,5,123.0,6
original_fixed,5x5,medium,12,1525,B2,3,72.0,4
original_fixed,5x5,medium,12,1525,B3,3,61.0,5
original_fixed,5x5,medium,12,1525,B4,1,37.0,5
original_fixed,5x5,medium,12,1525,B5,1,37.0,1
original_fixed,5x5,medium,12,1525,C1,1,10.0,2
original_fixed,5x5,medium,12,1525,C2,3,60.0,4
original_fixed,5x5,medium,12,1525,C3,2,20.0,8
original_fixed,5x5,medium,12,1525,C4,2,46.0,4
original_fixed,5x5,medium,12,1525,C5,3,85.0,7
original_fixed,5x5,medium,12,1525,D1,1,41.0,1
original_fixed,5x5,medium,12,1525,D2,3,80.0,3
original_fixed,5x5,medium,12,1525,D3,3,77.0,4
original_fixed,5x5,medium,12,1525,D4,1,36.0,3
original_fixed,5x5,medium,12,1525,D5,1,14.0,1
original_fixed,5x5,medium,12,1525,E1,3,86.0,6
original_fixed,5x5,medium,12,1525,E2,9,225.0,9
original_fixed,5x5,medium,12,1525,E3,2,57.0,6
original_fixed,5x5,medium,12,1525,E4,1,6.0,3
original_fixed,5x5,medium,12,1525,E5,4,76.0,5
original_fixed,5x5,medium,12,1525,F1,2,52.0,3
original_fixed,5x5,medium,12,1525,F2,3,90.0,5
original_fixed,5x5,medium,12,1525,F3,2,27.0,5
original_fixed,5x5,medium,12,1525,F4,2,53.0,2
original_fixed,5x5,medium,12,1525,F5,0,0.0,2
original_fixed,5x5,medium,12,1530,B1,6,150.0,7
original_fixed,5x5,medium,12,1530,B2,3,87.0,5
original_fixed,5x5,medium,12,1530,B3,3,76.0,6
original_fixed,5x5,medium,12,1530,B4,2,43.0,6
original_fixed,5x5,medium,12,1530,B5,1,42.0,3
original_fixed,5x5,medium,12,1530,C1,1,15.0,1
original_fixed,5x5,medium,12,1530,C2,4,79.0,4
original_fixed,5x5,medium,12,1530,C3,3,35.0,7
original_fixed,5x5,medium,12,1530,C4,2,56.0,5
original_fixed,5x5,medium,12,1530,C5,3,100.0,6
original_fixed,5x5,medium,12,1530,D1,1,46.0,1
original_fixed,5x5,medium,12,1530,D2,3,95.0,3
original_fixed,5x5,medium,12,1530,D3,3,92.0,6
original_fixed,5x5,medium,12,1530,D4,1,41.0,2
original_fixed,5x5,medium,12,1530,D5,1,19.0,1
original_fixed,5x5,medium,12,1530,E1,3,101.0,6
original_fixed,5x5,medium,12,1530,E2,9,270.0,9
original_fixed,5x5,medium,12,1530,E3,4,77.0,6
original_fixed,5x5,medium,12,1530,E4,2,13.0,3
original_fixed,5x5,medium,12,1530,E5,4,96.0,5
original_fixed,5x5,medium,12,1530,F1,2,62.0,4
original_fixed,5x5,medium,12,1530,F2,3,105.0,4
original_fixed,5x5,medium,12,1530,F3,2,37.0,4
original_fixed,5x5,medium,12,1530,F4,2,63.0,2
original_fixed,5x5,medium,12,1530,F5,0,0.0,2
original_fixed,5x5,medium,12,1535,B1,0,0.0,5
original_fixed,5x5,medium,12,1535,B2,0,0.0,3
original_fixed,5x5,medium,12,1535,B3,0,0.0,6
original_fixed,5x5,medium,12,1535,B4,0,0.0,5
original_fixed,5x5,medium,12,1535,B5,0,0.0,2
original_fixed,5x5,medium,12,1535,C1,0,0.0,1
original_fixed,5x5,medium,12,1535,C2,0,0.0,2
original_fixed,5x5,medium,12,1535,C3,0,0.0,7
original_fixed,5x5,medium,12,1535,C4,0,0.0,3
original_fixed,5x5,medium,12,1535,C5,0,0.0,5
original_fixed,5x5,medium,12,1535,D1,0,0.0,1
original_fixed,5x5,medium,12,1535,D2,0,0.0,0
original_fixed,5x5,medium,12,1535,D3,1,1.0,7
original_fixed,5x5,medium,12,1535,D4,0,0.0,2
original_fixed,5x5,medium,12,1535,D5,0,0.0,1
original_fixed,5x5,medium,12,1535,E1,0,0.0,5
original_fixed,5x5,medium,12,1535,E2,1,31.0,7
original_fixed,5x5,medium,12,1535,E3,0,0.0,4
original_fixed,5x5,medium,12,1535,E4,0,0.0,3
original_fixed,5x5,medium,12,1535,E5,1,1.0,4
original_fixed,5x5,medium,12,1535,F1,0,0.0,2
original_fixed,5x5,medium,12,1535,F2,0,0.0,2
original_fixed,5x5,medium,12,1535,F3,1,2.0,5
original_fixed,5x5,medium,12,1535,F4,0,0.0,0
original_fixed,5x5,medium,12,1535,F5,0,0.0,1
original_fixed,5x5,medium,12,1540,B1,0,0.0,5
original_fixed,5x5,medium,12,1540,B2,1,4.0,3
original_fixed,5x5,medium,12,1540,B3,0,0.0,6
original_fixed,5x5,medium,12,1540,B4,1,2.0,6
original_fixed,5x5,medium,12,1540,B5,0,0.0,2
original_fixed,5x5,medium,12,1540,C1,0,0.0,4
original_fixed,5x5,medium,12,1540,C2,0,0.0,3
original_fixed,5x5,medium,12,1540,C3,0,0.0,6
original_fixed,5x5,medium,12,1540,C4,0,0.0,4
original_fixed,5x5,medium,12,1540,C5,1,4.0,4
original_fixed,5x5,medium,12,1540,D1,0,0.0,2
original_fixed,5x5,medium,12,1540,D2,0,0.0,3
original_fixed,5x5,medium,12,1540,D3,1,6.0,8
original_fixed,5x5,medium,12,1540,D4,0,0.0,4
original_fixed,5x5,medium,12,1540,D5,0,0.0,1
original_fixed,5x5,medium,12,1540,E1,0,0.0,4
original_fixed,5x5,medium,12,1540,E2,0,0.0,7
original_fixed,5x5,medium,12,1540,E3,0,0.0,5
original_fixed,5x5,medium,12,1540,E4,1,2.0,4
original_fixed,5x5,medium,12,1540,E5,1,6.0,7
original_fixed,5x5,medium,12,1540,F1,0,0.0,5
original_fixed,5x5,medium,12,1540,F2,0,0.0,2
original_fixed,5x5,medium,12,1540,F3,1,7.0,4
original_fixed,5x5,medium,12,1540,F4,0,0.0,0
original_fixed,5x5,medium,12,1540,F5,0,0.0,1
original_fixed,5x5,medium,12,1545,B1,0,0.0,3
original_fixed,5x5,medium,12,1545,B2,2,13.0,5
original_fixed,5x5,medium,12,1545,B3,0,0.0,4
original_fixed,5x5,medium,12,1545,B4,3,13.0,7
original_fixed,5x5,medium,12,1545,B5,0,0.0,2
original_fixed,5x5,medium,12,1545,C1,0,0.0,4
original_fixed,5x5,medium,12,1545,C2,0,0.0,3
original_fixed,5x5,medium,12,1545,C3,1,3.0,5
original_fixed,5x5,medium,12,1545,C4,1,4.0,3
original_fixed,5x5,medium,12,1545,C5,2,10.0,5
original_fixed,5x5,medium,12,1545,D1,0,0.0,3
original_fixed,5x5,medium,12,1545,D2,0,0.0,4
original_fixed,5x5,medium,12,1545,D3,1,11.0,10
original_fixed,5x5,medium,12,1545,D4,0,0.0,4
original_fixed,5x5,medium,12,1545,D5,0,0.0,2
original_fixed,5x5,medium,12,1545,E1,2,8.0,5
original_fixed,5x5,medium,12,1545,E2,0,0.0,5
original_fixed,5x5,medium,12,1545,E3,0,0.0,3
original_fixed,5x5,medium,12,1545,E4,1,7.0,6
original_fixed,5x5,medium,12,1545,E5,2,15.0,8
original_fixed,5x5,medium,12,1545,F1,1,5.0,5
original_fixed,5x5,medium,12,1545,F2,0,0.0,3
original_fixed,5x5,medium,12,1545,F3,1,12.0,4
original_fixed,5x5,medium,12,1545,F4,0,0.0,0
original_fixed,5x5,medium,12,1545,F5,0,0.0,1
original_fixed,5x5,medium,12,1550,B1,1,5.0,2
original_fixed,5x5,medium,12,1550,B2,2,23.0,5
original_fixed,5x5,medium,12,1550,B3,0,0.0,3
original_fixed,5x5,medium,12,1550,B4,4,32.0,6
original_fixed,5x5,medium,12,1550,B5,1,3.0,4
original_fixed,5x5,medium,12,1550,C1,0,0.0,4
original_fixed,5x5,medium,12,1550,C2,0,0.0,1
original_fixed,5x5,medium,12,1550,C3,1,8.0,6
original_fixed,5x5,medium,12,1550,C4,1,9.0,3
original_fixed,5x5,medium,12,1550,C5,2,20.0,4
original_fixed,5x5,medium,12,1550,D1,0,0.0,2
original_fixed,5x5,medium,12,1550,D2,0,0.0,5
original_fixed,5x5,medium,12,1550,D3,3,20.0,9
original_fixed,5x5,medium,12,1550,D4,1,1.0,3
original_fixed,5x5,medium,12,1550,D5,0,0.0,2
original_fixed,5x5,medium,12,1550,E1,2,18.0,5
original_fixed,5x5,medium,12,1550,E2,0,0.0,3
original_fixed,5x5,medium,12,1550,E3,0,0.0,3
original_fixed,5x5,medium,12,1550,E4,1,12.0,6
original_fixed,5x5,medium,12,1550,E5,4,30.0,10
original_fixed,5x5,medium,12,1550,F1,1,10.0,7
original_fixed,5x5,medium,12,1550,F2,0,0.0,3
original_fixed,5x5,medium,12,1550,F3,2,18.0,4
original_fixed,5x5,medium,12,1550,F4,0,0.0,0
original_fixed,5x5,medium,12,1550,F5,0,0.0,0
original_fixed,5x5,medium,12,1555,B1,1,10.0,1
original_fixed,5x5,medium,12,1555,B2,2,33.0,4
original_fixed,5x5,medium,12,1555,B3,1,3.0,4
original_fixed,5x5,medium,12,1555,B4,4,52.0,7
original_fixed,5x5,medium,12,1555,B5,1,8.0,5
original_fixed,5x5,medium,12,1555,C1,1,2.0,4
original_fixed,5x5,medium,12,1555,C2,0,0.0,0
original_fixed,5x5,medium,12,1555,C3,2,18.0,5
original_fixed,5x5,medium,12,1555,C4,1,14.0,4
original_fixed,5x5,medium,12,1555,C5,2,30.0,3
original_fixed,5x5,medium,12,1555,D1,1,3.0,4
original_fixed,5x5,medium,12,1555,D2,2,3.0,8
original_fixed,5x5,medium,12,1555,D3,4,37.0,7
original_fixed,5x5,medium,12,1555,D4,1,6.0,3
original_fixed,5x5,medium,12,1555,D5,0,0.0,3
original_fixed,5x5,medium,12,1555,E1,2,28.0,6
original_fixed,5x5,medium,12,1555,E2,2,8.0,3
original_fixed,5x5,medium,12,1555,E3,0,0.0,5
original_fixed,5x5,medium,12,1555,E4,1,17.0,4
original_fixed,5x5,medium,12,1555,E5,6,57.0,10
original_fixed,5x5,medium,12,1555,F1,1,15.0,5
original_fixed,5x5,medium,12,1555,F2,0,0.0,3
original_fixed,5x5,medium,12,1555,F3,2,28.0,3
original_fixed,5x5,medium,12,1555,F4,0,0.0,1
original_fixed,5x5,medium,12,1555,F5,0,0.0,0
original_fixed,5x5,medium,12,1560,B1,1,15.0,2
original_fixed,5x5,medium,12,1560,B2,2,43.0,2
original_fixed,5x5,medium,12,1560,B3,1,8.0,4
original_fixed,5x5,medium,12,1560,B4,4,72.0,7
original_fixed,5x5,medium,12,1560,B5,1,13.0,4
original_fixed,5x5,medium,12,1560,C1,2,12.0,6
original_fixed,5x5,medium,12,1560,C2,0,0.0,0
original_fixed,5x5,medium,12,1560,C3,3,33.0,6
original_fixed,5x5,medium,12,1560,C4,2,24.0,4
original_fixed,5x5,medium,12,1560,C5,2,40.0,2
original_fixed,5x5,medium,12,1560,D1,2,10.0,5
original_fixed,5x5,medium,12,1560,D2,2,13.0,9
original_fixed,5x5,medium,12,1560,D3,5,58.0,7
original_fixed,5x5,medium,12,1560,D4,1,11.0,3
original_fixed,5x5,medium,12,1560,D5,1,5.0,5
original_fixed,5x5,medium,12,1560,E1,2,38.0,5
original_fixed,5x5,medium,12,1560,E2,2,18.0,3
original_fixed,5x5,medium,12,1560,E3,1,4.0,6
original_fixed,5x5,medium,12,1560,E4,1,22.0,4
original_fixed,5x5,medium,12,1560,E5,6,87.0,11
original_fixed,5x5,medium,12,1560,F1,2,24.0,5
original_fixed,5x5,medium,12,1560,F2,0,0.0,3
original_fixed,5x5,medium,12,1560,F3,2,38.0,3
original_fixed,5x5,medium,12,1560,F4,0,0.0,2
original_fixed,5x5,medium,12,1560,F5,0,0.0,0
original_fixed,5x5,medium,12,1565,B1,1,20.0,3
original_fixed,5x5,medium,12,1565,B2,2,53.0,2
original_fixed,5x5,medium,12,1565,B3,2,16.0,4
original_fixed,5x5,medium,12,1565,B4,5,96.0,6
original_fixed,5x5,medium,12,1565,B5,1,18.0,3
original_fixed,5x5,medium,12,1565,C1,2,22.0,6
original_fixed,5x5,medium,12,1565,C2,0,0.0,1
original_fixed,5x5,medium,12,1565,C3,3,48.0,5
original_fixed,5x5,medium,12,1565,C4,2,34.0,5
original_fixed,5x5,medium,12,1565,C5,2,50.0,3
original_fixed,5x5,medium,12,1565,D1,2,20.0,7
original_fixed,5x5,medium,12,1565,D2,3,27.0,8
original_fixed,5x5,medium,12,1565,D3,6,88.0,6
original_fixed,5x5,medium,12,1565,D4,1,16.0,3
original_fixed,5x5,medium,12,1565,D5,2,14.0,6
original_fixed,5x5,medium,12,1565,E1,2,48.0,6
original_fixed,5x5,medium,12,1565,E2,2,28.0,3
original_fixed,5x5,medium,12,1565,E3,1,9.0,5
original_fixed,5x5,medium,12,1565,E4,1,27.0,5
original_fixed,5x5,medium,12,1565,E5,4,31.0,10
original_fixed,5x5,medium,12,1565,F1,2,34.0,5
original_fixed,5x5,medium,12,1565,F2,1,5.0,1
original_fixed,5x5,medium,12,1565,F3,2,48.0,4
original_fixed,5x5,medium,12,1565,F4,0,0.0,2
original_fixed,5x5,medium,12,1565,F5,0,0.0,0
original_fixed,5x5,medium,12,1570,B1,1,25.0,3
original_fixed,5x5,medium,12,1570,B2,2,63.0,2
original_fixed,5x5,medium,12,1570,B3,2,26.0,5
original_fixed,5x5,medium,12,1570,B4,5,121.0,5
original_fixed,5x5,medium,12,1570,B5,2,28.0,4
original_fixed,5x5,medium,12,1570,C1,3,37.0,5
original_fixed,5x5,medium,12,1570,C2,0,0.0,1
original_fixed,5x5,medium,12,1570,C3,3,63.0,4
original_fixed,5x5,medium,12,1570,C4,2,44.0,5
original_fixed,5x5,medium,12,1570,C5,2,60.0,4
original_fixed,5x5,medium,12,1570,D1,4,35.0,8
original_fixed,5x5,medium,12,1570,D2,3,42.0,5
original_fixed,5x5,medium,12,1570,D3,6,118.0,8
original_fixed,5x5,medium,12,1570,D4,1,21.0,1
original_fixed,5x5,medium,12,1570,D5,2,24.0,6
original_fixed,5x5,medium,12,1570,E1,2,58.0,5
original_fixed,5x5,medium,12,1570,E2,2,38.0,6
original_fixed,5x5,medium,12,1570,E3,1,14.0,4
original_fixed,5x5,medium,12,1570,E4,1,32.0,4
original_fixed,5x5,medium,12,1570,E5,3,45.0,11
original_fixed,5x5,medium,12,1570,F1,4,50.0,7
original_fixed,5x5,medium,12,1570,F2,1,10.0,2
original_fixed,5x5,medium,12,1570,F3,3,60.0,4
original_fixed,5x5,medium,12,1570,F4,0,0.0,3
original_fixed,5x5,medium,12,1570,F5,0,0.0,0
original_fixed,5x5,medium,12,1575,B1,1,30.0,2
original_fixed,5x5,medium,12,1575,B2,2,73.0,2
original_fixed,5x5,medium,12,1575,B3,3,40.0,4
original_fixed,5x5,medium,12,1575,B4,5,146.0,6
original_fixed,5x5,medium,12,1575,B5,2,38.0,5
original_fixed,5x5,medium,12,1575,C1,4,55.0,5
original_fixed,5x5,medium,12,1575,C2,0,0.0,2
original_fixed,5x5,medium,12,1575,C3,5,81.0,5
original_fixed,5x5,medium,12,1575,C4,2,54.0,5
original_fixed,5x5,medium,12,1575,C5,2,70.0,7
original_fixed,5x5,medium,12,1575,D1,5,56.0,8
original_fixed,5x5,medium,12,1575,D2,3,57.0,4
original_fixed,5x5,medium,12,1575,D3,6,148.0,8
original_fixed,5x5,medium,12,1575,D4,1,26.0,1
original_fixed,5x5,medium,12,1575,D5,2,34.0,8
original_fixed,5x5,medium,12,1575,E1,3,72.0,5
original_fixed,5x5,medium,12,1575,E2,3,53.0,7
original_fixed,5x5,medium,12,1575,E3,2,21.0,3
original_fixed,5x5,medium,12,1575,E4,1,37.0,4
original_fixed,5x5,medium,12,1575,E5,4,62.0,10
original_fixed,5x5,medium,12,1575,F1,4,70.0,7
original_fixed,5x5,medium,12,1575,F2,1,15.0,2
original_fixed,5x5,medium,12,1575,F3,3,75.0,4
original_fixed,5x5,medium,12,1575,F4,1,1.0,2
original_fixed,5x5,medium,12,1575,F5,0,0.0,0
original_fixed,5x5,medium,12,1580,B1,1,1.0,1
original_fixed,5x5,medium,12,1580,B2,0,0.0,0
original_fixed,5x5,medium,12,1580,B3,0,0.0,3
original_fixed,5x5,medium,12,1580,B4,0,0.0,5
original_fixed,5x5,medium,12,1580,B5,0,0.0,6
original_fixed,5x5,medium,12,1580,C1,0,0.0,3
original_fixed,5x5,medium,12,1580,C2,0,0.0,3
original_fixed,5x5,medium,12,1580,C3,0,0.0,3
original_fixed,5x5,medium,12,1580,C4,0,0.0,5
original_fixed,5x5,medium,12,1580,C5,0,0.0,5
original_fixed,5x5,medium,12,1580,D1,1,6.0,7
original_fixed,5x5,medium,12,1580,D2,1,2.0,3
original_fixed,5x5,medium,12,1580,D3,0,0.0,7
original_fixed,5x5,medium,12,1580,D4,0,0.0,2
original_fixed,5x5,medium,12,1580,D5,1,4.0,8
original_fixed,5x5,medium,12,1580,E1,0,0.0,5
original_fixed,5x5,medium,12,1580,E2,0,0.0,6
original_fixed,5x5,medium,12,1580,E3,0,0.0,4
original_fixed,5x5,medium,12,1580,E4,2,3.0,3
original_fixed,5x5,medium,12,1580,E5,4,12.0,9
original_fixed,5x5,medium,12,1580,F1,0,0.0,4
original_fixed,5x5,medium,12,1580,F2,0,0.0,1
original_fixed,5x5,medium,12,1580,F3,0,0.0,2
original_fixed,5x5,medium,12,1580,F4,0,0.0,1
original_fixed,5x5,medium,12,1580,F5,0,0.0,2
original_fixed,5x5,medium,12,1585,B1,1,6.0,1
original_fixed,5x5,medium,12,1585,B2,0,0.0,0
original_fixed,5x5,medium,12,1585,B3,0,0.0,4
original_fixed,5x5,medium,12,1585,B4,0,0.0,5
original_fixed,5x5,medium,12,1585,B5,0,0.0,5
original_fixed,5x5,medium,12,1585,C1,0,0.0,2
original_fixed,5x5,medium,12,1585,C2,0,0.0,4
original_fixed,5x5,medium,12,1585,C3,0,0.0,4
original_fixed,5x5,medium,12,1585,C4,1,4.0,7
original_fixed,5x5,medium,12,1585,C5,2,7.0,5
original_fixed,5x5,medium,12,1585,D1,2,12.0,7
original_fixed,5x5,medium,12,1585,D2,1,7.0,3
original_fixed,5x5,medium,12,1585,D3,1,3.0,7
original_fixed,5x5,medium,12,1585,D4,0,0.0,3
original_fixed,5x5,medium,12,1585,D5,2,12.0,8
original_fixed,5x5,medium,12,1585,E1,0,0.0,7
original_fixed,5x5,medium,12,1585,E2,0,0.0,5
original_fixed,5x5,medium,12,1585,E3,0,0.0,5
original_fixed,5x5,medium,12,1585,E4,3,16.0,3
original_fixed,5x5,medium,12,1585,E5,7,41.0,9
original_fixed,5x5,medium,12,1585,F1,1,3.0,4
original_fixed,5x5,medium,12,1585,F2,1,2.0,1
original_fixed,5x5,medium,12,1585,F3,1,4.0,1
original_fixed,5x5,medium,12,1585,F4,0,0.0,1
original_fixed,5x5,medium,12,1585,F5,0,0.0,2
original_fixed,5x5,medium,12,1590,B1,1,11.0,1
original_fixed,5x5,medium,12,1590,B2,0,0.0,0
original_fixed,5x5,medium,12,1590,B3,0,0.0,3
original_fixed,5x5,medium,12,1590,B4,0,0.0,7
original_fixed,5x5,medium,12,1590,B5,1,3.0,4
original_fixed,5x5,medium,12,1590,C1,0,0.0,3
original_fixed,5x5,medium,12,1590,C2,0,0.0,3
original_fixed,5x5,medium,12,1590,C3,0,0.0,6
original_fixed,5x5,medium,12,1590,C4,1,9.0,8
original_fixed,5x5,medium,12,1590,C5,3,22.0,5
original_fixed,5x5,medium,12,1590,D1,1,16.0,8
original_fixed,5x5,medium,12,1590,D2,1,12.0,4
original_fixed,5x5,medium,12,1590,D3,2,10.0,6
original_fixed,5x5,medium,12,1590,D4,0,0.0,3
original_fixed,5x5,medium,12,1590,D5,3,23.0,6
original_fixed,5x5,medium,12,1590,E1,1,3.0,8
original_fixed,5x5,medium,12,1590,E2,2,9.0,4
original_fixed,5x5,medium,12,1590,E3,1,3.0,5
original_fixed,5x5,medium,12,1590,E4,3,31.0,6
original_fixed,5x5,medium,12,1590,E5,7,76.0,9
original_fixed,5x5,medium,12,1590,F1,1,8.0,3
original_fixed,5x5,medium,12,1590,F2,1,7.0,3
original_fixed,5x5,medium,12,1590,F3,1,9.0,1
original_fixed,5x5,medium,12,1590,F4,0,0.0,1
original_fixed,5x5,medium,12,1590,F5,0,0.0,2
original_fixed,5x5,medium,12,1595,B1,1,16.0,1
original_fixed,5x5,medium,12,1595,B2,0,0.0,1
original_fixed,5x5,medium,12,1595,B3,1,1.0,3
original_fixed,5x5,medium,12,1595,B4,1,2.0,7
original_fixed,5x5,medium,12,1595,B5,1,8.0,4
original_fixed,5x5,medium,12,1595,C1,0,0.0,4
original_fixed,5x5,medium,12,1595,C2,0,0.0,2
original_fixed,5x5,medium,12,1595,C3,0,0.0,4
original_fixed,5x5,medium,12,1595,C4,1,14.0,7
original_fixed,5x5,medium,12,1595,C5,3,37.0,6
original_fixed,5x5,medium,12,1595,D1,1,21.0,7
original_fixed,5x5,medium,12,1595,D2,2,18.0,4
original_fixed,5x5,medium,12,1595,D3,2,20.0,7
original_fixed,5x5,medium,12,1595,D4,0,0.0,1
original_fixed,5x5,medium,12,1595,D5,4,40.0,5
original_fixed,5x5,medium,12,1595,E1,2,9.0,8
original_fixed,5x5,medium,12,1595,E2,2,19.0,4
original_fixed,5x5,medium,12,1595,E3,1,8.0,2
original_fixed,5x5,medium,12,1595,E4,3,46.0,8
original_fixed,5x5,medium,12,1595,E5,7,111.0,9
original_fixed,5x5,medium,12,1595,F1,1,13.0,2
original_fixed,5x5,medium,12,1595,F2,1,12.0,3
original_fixed,5x5,medium,12,1595,F3,1,14.0,1
original_fixed,5x5,medium,12,1595,F4,0,0.0,0
original_fixed,5x5,medium,12,1595,F5,0,0.0,2
original_fixed,5x5,medium,12,1600,B1,1,21.0,1
original_fixed,5x5,medium,12,1600,B2,0,0.0,3
original_fixed,5x5,medium,12,1600,B3,2,7.0,3
original_fixed,5x5,medium,12,1600,B4,3,14.0,6
original_fixed,5x5,medium,12,1600,B5,3,22.0,4
original_fixed,5x5,medium,12,1600,C1,0,0.0,4
original_fixed,5x5,medium,12,1600,C2,1,3.0,2
original_fixed,5x5,medium,12,1600,C3,0,0.0,4
original_fixed,5x5,medium,12,1600,C4,3,24.0,3
original_fixed,5x5,medium,12,1600,C5,3,52.0,9
original_fixed,5x5,medium,12,1600,D1,1,26.0,6
original_fixed,5x5,medium,12,1600,D2,2,28.0,4
original_fixed,5x5,medium,12,1600,D3,4,34.0,8
original_fixed,5x5,medium,12,1600,D4,0,0.0,3
original_fixed,5x5,medium,12,1600,D5,4,60.0,5
original_fixed,5x5,medium,12,1600,E1,2,19.0,7
original_fixed,5x5,medium,12,1600,E2,3,33.0,3
original_fixed,5x5,medium,12,1600,E3,1,13.0,2
original_fixed,5x5,medium,12,1600,E4,3,61.0,9
original_fixed,5x5,medium,12,1600,E5,7,146.0,8
original_fixed,5x5,medium,12,1600,F1,1,18.0,2
original_fixed,5x5,medium,12,1600,F2,1,17.0,5
original_fixed,5x5,medium,12,1600,F3,1,19.0,1
original_fixed,5x5,medium,12,1600,F4,0,0.0,1
original_fixed,5x5,medium,12,1600,F5,1,2.0,3
original_fixed,5x5,medium,12,1605,B1,1,26.0,2
original_fixed,5x5,medium,12,1605,B2,0,0.0,3
original_fixed,5x5,medium,12,1605,B3,2,17.0,5
original_fixed,5x5,medium,12,1605,B4,5,35.0,5
original_fixed,5x5,medium,12,1605,B5,3,37.0,5
original_fixed,5x5,medium,12,1605,C1,0,0.0,3
original_fixed,5x5,medium,12,1605,C2,1,8.0,2
original_fixed,5x5,medium,12,1605,C3,0,0.0,2
original_fixed,5x5,medium,12,1605,C4,3,39.0,3
original_fixed,5x5,medium,12,1605,C5,3,67.0,8
original_fixed,5x5,medium,12,1605,D1,1,31.0,5
original_fixed,5x5,medium,12,1605,D2,3,43.0,4
original_fixed,5x5,medium,12,1605,D3,4,54.0,7
original_fixed,5x5,medium,12,1605,D4,0,0.0,5
original_fixed,5x5,medium,12,1605,D5,4,80.0,5
original_fixed,5x5,medium,12,1605,E1,2,29.0,9
original_fixed,5x5,medium,12,1605,E2,3,48.0,3
original_fixed,5x5,medium,12,1605,E3,1,18.0,4
original_fixed,5x5,medium,12,1605,E4,3,76.0,9
original_fixed,5x5,medium,12,1605,E5,7,181.0,8
original_fixed,5x5,medium,12,1605,F1,1,23.0,3
original_fixed,5x5,medium,12,1605,F2,1,22.0,4
original_fixed,5x5,medium,12,1605,F3,1,24.0,1
original_fixed,5x5,medium,12,1605,F4,0,0.0,2
original_fixed,5x5,medium,12,1605,F5,1,7.0,3
original_fixed,5x5,medium,12,1610,B1,1,31.0,3
original_fixed,5x5,medium,12,1610,B2,0,0.0,2
original_fixed,5x5,medium,12,1610,B3,2,27.0,6
original_fixed,5x5,medium,12,1610,B4,5,60.0,5
original_fixed,5x5,medium,12,1610,B5,3,52.0,6
original_fixed,5x5,medium,12,1610,C1,1,1.0,2
original_fixed,5x5,medium,12,1610,C2,1,13.0,2
original_fixed,5x5,medium,12,1610,C3,0,0.0,0
original_fixed,5x5,medium,12,1610,C4,3,54.0,4
original_fixed,5x5,medium,12,1610,C5,4,85.0,6
original_fixed,5x5,medium,12,1610,D1,1,36.0,5
original_fixed,5x5,medium,12,1610,D2,4,62.0,4
original_fixed,5x5,medium,12,1610,D3,4,74.0,5
original_fixed,5x5,medium,12,1610,D4,0,0.0,6
original_fixed,5x5,medium,12,1610,D5,4,100.0,6
original_fixed,5x5,medium,12,1610,E1,3,42.0,9
original_fixed,5x5,medium,12,1610,E2,3,63.0,3
original_fixed,5x5,medium,12,1610,E3,1,23.0,4
original_fixed,5x5,medium,12,1610,E4,4,96.0,8
original_fixed,5x5,medium,12,1610,E5,7,216.0,8
original_fixed,5x5,medium,12,1610,F1,1,28.0,3
original_fixed,5x5,medium,12,1610,F2,2,32.0,4
original_fixed,5x5,medium,12,1610,F3,1,29.0,1
original_fixed,5x5,medium,12,1610,F4,0,0.0,2
original_fixed,5x5,medium,12,1610,F5,1,12.0,3
original_fixed,5x5,medium,12,1615,B1,1,36.0,5
original_fixed,5x5,medium,12,1615,B2,0,0.0,1
original_fixed,5x5,medium,12,1615,B3,2,37.0,7
original_fixed,5x5,medium,12,1615,B4,5,85.0,6
original_fixed,5x5,medium,12,1615,B5,3,67.0,6
original_fixed,5x5,medium,12,1615,C1,1,6.0,3
original_fixed,5x5,medium,12,1615,C2,2,20.0,2
original_fixed,5x5,medium,12,1615,C3,0,0.0,0
original_fixed,5x5,medium,12,1615,C4,3,69.0,5
original_fixed,5x5,medium,12,1615,C5,4,105.0,4
original_fixed,5x5,medium,12,1615,D1,1,41.0,4
original_fixed,5x5,medium,12,1615,D2,4,82.0,5
original_fixed,5x5,medium,12,1615,D3,4,94.0,4
original_fixed,5x5,medium,12,1615,D4,0,0.0,5
original_fixed,5x5,medium,12,1615,D5,4,120.0,6
original_fixed,5x5,medium,12,1615,E1,3,57.0,9
original_fixed,5x5,medium,12,1615,E2,3,78.0,3
original_fixed,5x5,medium,12,1615,E3,1,28.0,4
original_fixed,5x5,medium,12,1615,E4,5,118.0,8
original_fixed,5x5,medium,12,1615,E5,7,251.0,9
original_fixed,5x5,medium,12,1615,F1,1,33.0,2
original_fixed,5x5,medium,12,1615,F2,2,42.0,4
original_fixed,5x5,medium,12,1615,F3,1,34.0,1
original_fixed,5x5,medium,12,1615,F4,0,0.0,4
original_fixed,5x5,medium,12,1615,F5,1,17.0,3
original_fixed,5x5,medium,12,1620,B1,1,41.0,4
original_fixed,5x5,medium,12,1620,B2,1,5.0,1
original_fixed,5x5,medium,12,1620,B3,3,49.0,7
original_fixed,5x5,medium,12,1620,B4,5,110.0,6
original_fixed,5x5,medium,12,1620,B5,3,82.0,6
original_fixed,5x5,medium,12,1620,C1,1,11.0,5
original_fixed,5x5,medium,12,1620,C2,2,30.0,2
original_fixed,5x5,medium,12,1620,C3,0,0.0,0
original_fixed,5x5,medium,12,1620,C4,3,84.0,6
original_fixed,5x5,medium,12,1620,C5,4,125.0,4
original_fixed,5x5,medium,12,1620,D1,1,46.0,2
original_fixed,5x5,medium,12,1620,D2,4,102.0,5
original_fixed,5x5,medium,12,1620,D3,4,114.0,6
original_fixed,5x5,medium,12,1620,D4,3,8.0,4
original_fixed,5x5,medium,12,1620,D5,5,144.0,6
original_fixed,5x5,medium,12,1620,E1,4,73.0,9
original_fixed,5x5,medium,12,1620,E2,3,93.0,4
original_fixed,5x5,medium,12,1620,E3,3,34.0,4
original_fixed,5x5,medium,12,1620,E4,7,149.0,10
original_fixed,5x5,medium,12,1620,E5,8,290.0,9
original_fixed,5x5,medium,12,1620,F1,1,38.0,2
original_fixed,5x5,medium,12,1620,F2,4,60.0,4
original_fixed,5x5,medium,12,1620,F3,1,39.0,2
original_fixed,5x5,medium,12,1620,F4,0,0.0,3
original_fixed,5x5,medium,12,1620,F5,1,22.0,4
original_fixed,5x5,medium,12,1625,B1,0,0.0,3
original_fixed,5x5,medium,12,1625,B2,0,0.0,1
original_fixed,5x5,medium,12,1625,B3,2,3.0,5
original_fixed,5x5,medium,12,1625,B4,0,0.0,5
original_fixed,5x5,medium,12,1625,B5,1,2.0,2
original_fixed,5x5,medium,12,1625,C1,0,0.0,6
original_fixed,5x5,medium,12,1625,C2,0,0.0,0
original_fixed,5x5,medium,12,1625,C3,0,0.0,2
original_fixed,5x5,medium,12,1625,C4,0,0.0,5
original_fixed,5x5,medium,12,1625,C5,0,0.0,2
original_fixed,5x5,medium,12,1625,D1,1,1.0,2
original_fixed,5x5,medium,12,1625,D2,0,0.0,2
original_fixed,5x5,medium,12,1625,D3,0,0.0,4
original_fixed,5x5,medium,12,1625,D4,0,0.0,5
original_fixed,5x5,medium,12,1625,D5,1,1.0,7
original_fixed,5x5,medium,12,1625,E1,4,15.0,8
original_fixed,5x5,medium,12,1625,E2,0,0.0,4
original_fixed,5x5,medium,12,1625,E3,1,6.0,5
original_fixed,5x5,medium,12,1625,E4,1,1.0,8
original_fixed,5x5,medium,12,1625,E5,2,10.0,8
original_fixed,5x5,medium,12,1625,F1,0,0.0,0
original_fixed,5x5,medium,12,1625,F2,0,0.0,2
original_fixed,5x5,medium,12,1625,F3,0,0.0,3
original_fixed,5x5,medium,12,1625,F4,0,0.0,3
original_fixed,5x5,medium,12,1625,F5,1,4.0,3
original_fixed,5x5,medium,12,1630,B1,1,2.0,3
original_fixed,5x5,medium,12,1630,B2,0,0.0,1
original_fixed,5x5,medium,12,1630,B3,3,18.0,4
original_fixed,5x5,medium,12,1630,B4,0,0.0,4
original_fixed,5x5,medium,12,1630,B5,2,9.0,3
original_fixed,5x5,medium,12,1630,C1,0,0.0,6
original_fixed,5x5,medium,12,1630,C2,0,0.0,0
original_fixed,5x5,medium,12,1630,C3,0,0.0,3
original_fixed,5x5,medium,12,1630,C4,0,0.0,3
original_fixed,5x5,medium,12,1630,C5,0,0.0,3
original_fixed,5x5,medium,12,1630,D1,1,6.0,3
original_fixed,5x5,medium,12,1630,D2,0,0.0,3
original_fixed,5x5,medium,12,1630,D3,0,0.0,4
original_fixed,5x5,medium,12,1630,D4,3,11.0,9
original_fixed,5x5,medium,12,1630,D5,1,6.0,7
original_fixed,5x5,medium,12,1630,E1,4,35.0,8
original_fixed,5x5,medium,12,1630,E2,0,0.0,7
original_fixed,5x5,medium,12,1630,E3,2,15.0,5
original_fixed,5x5,medium,12,1630,E4,2,10.0,7
original_fixed,5x5,medium,12,1630,E5,2,4.0,7
original_fixed,5x5,medium,12,1630,F1,0,0.0,0
original_fixed,5x5,medium,12,1630,F2,0,0.0,1
original_fixed,5x5,medium,12,1630,F3,0,0.0,5
original_fixed,5x5,medium,12,1630,F4,2,6.0,3
original_fixed,5x5,medium,12,1630,F5,2,14.0,4
original_fixed,5x5,medium,12,1635,B1,1,7.0,2
original_fixed,5x5,medium,12,1635,B2,0,0.0,2
original_fixed,5x5,medium,12,1635,B3,2,22.0,4
original_fixed,5x5,medium,12,1635,B4,0,0.0,4
original_fixed,5x5,medium,12,1635,B5,2,19.0,5
original_fixed,5x5,medium,12,1635,C1,1,1.0,6
original_fixed,5x5,medium,12,1635,C2,0,0.0,1
original_fixed,5x5,medium,12,1635,C3,0,0.0,4
original_fixed,5x5,medium,12,1635,C4,0,0.0,3
original_fixed,5x5,medium,12,1635,C5,0,0.0,3
original_fixed,5x5,medium,12,1635,D1,1,11.0,4
original_fixed,5x5,medium,12,1635,D2,0,0.0,3
original_fixed,5x5,medium,12,1635,D3,0,0.0,3
original_fixed,5x5,medium,12,1635,D4,3,26.0,9
original_fixed,5x5,medium,12,1635,D5,1,11.0,7
original_fixed,5x5,medium,12,1635,E1,4,55.0,8
original_fixed,5x5,medium,12,1635,E2,0,0.0,7
original_fixed,5x5,medium,12,1635,E3,2,25.0,7
original_fixed,5x5,medium,12,1635,E4,1,9.0,6
original_fixed,5x5,medium,12,1635,E5,1,7.0,6
original_fixed,5x5,medium,12,1635,F1,0,0.0,2
original_fixed,5x5,medium,12,1635,F2,0,0.0,1
original_fixed,5x5,medium,12,1635,F3,0,0.0,5
original_fixed,5x5,medium,12,1635,F4,3,20.0,3
original_fixed,5x5,medium,12,1635,F5,2,24.0,3
original_fixed,5x5,medium,12,1640,B1,1,12.0,2
original_fixed,5x5,medium,12,1640,B2,0,0.0,2
original_fixed,5x5,medium,12,1640,B3,2,32.0,6
original_fixed,5x5,medium,12,1640,B4,0,0.0,4
original_fixed,5x5,medium,12,1640,B5,2,29.0,5
original_fixed,5x5,medium,12,1640,C1,4,14.0,7
original_fixed,5x5,medium,12,1640,C2,0,0.0,1
original_fixed,5x5,medium,12,1640,C3,0,0.0,2
original_fixed,5x5,medium,12,1640,C4,1,4.0,4
original_fixed,5x5,medium,12,1640,C5,0,0.0,2
original_fixed,5x5,medium,12,1640,D1,1,16.0,4
original_fixed,5x5,medium,12,1640,D2,0,0.0,2
original_fixed,5x5,medium,12,1640,D3,1,4.0,3
original_fixed,5x5,medium,12,1640,D4,3,41.0,7
original_fixed,5x5,medium,12,1640,D5,2,17.0,6
original_fixed,5x5,medium,12,1640,E1,4,75.0,8
original_fixed,5x5,medium,12,1640,E2,0,0.0,7
original_fixed,5x5,medium,12,1640,E3,2,35.0,6
original_fixed,5x5,medium,12,1640,E4,1,5.0,4
original_fixed,5x5,medium,12,1640,E5,1,12.0,4
original_fixed,5x5,medium,12,1640,F1,0,0.0,3
original_fixed,5x5,medium,12,1640,F2,1,1.0,1
original_fixed,5x5,medium,12,1640,F3,1,1.0,4
original_fixed,5x5,medium,12,1640,F4,3,35.0,4
original_fixed,5x5,medium,12,1640,F5,2,34.0,3
original_fixed,5x5,medium,12,1645,B1,1,17.0,2
original_fixed,5x5,medium,12,1645,B2,0,0.0,3
original_fixed,5x5,medium,12,1645,B3,2,42.0,7
original_fixed,5x5,medium,12,1645,B4,1,4.0,1
original_fixed,5x5,medium,12,1645,B5,2,39.0,6
original_fixed,5x5,medium,12,1645,C1,5,35.0,7
original_fixed,5x5,medium,12,1645,C2,0,0.0,2
original_fixed,5x5,medium,12,1645,C3,1,1.0,3
original_fixed,5x5,medium,12,1645,C4,2,11.0,4
original_fixed,5x5,medium,12,1645,C5,0,0.0,2
original_fixed,5x5,medium,12,1645,D1,1,21.0,4
original_fixed,5x5,medium,12,1645,D2,0,0.0,3
original_fixed,5x5,medium,12,1645,D3,1,9.0,6
original_fixed,5x5,medium,12,1645,D4,4,58.0,7
original_fixed,5x5,medium,12,1645,D5,3,30.0,7
original_fixed,5x5,medium,12,1645,E1,5,99.0,6
original_fixed,5x5,medium,12,1645,E2,0,0.0,6
original_fixed,5x5,medium,12,1645,E3,3,49.0,5
original_fixed,5x5,medium,12,1645,E4,1,10.0,2
original_fixed,5x5,medium,12,1645,E5,3,25.0,5
original_fixed,5x5,medium,12,1645,F1,0,0.0,3
original_fixed,5x5,medium,12,1645,F2,1,6.0,1
original_fixed,5x5,medium,12,1645,F3,3,11.0,4
original_fixed,5x5,medium,12,1645,F4,3,50.0,4
original_fixed,5x5,medium,12,1645,F5,3,46.0,3
original_fixed,5x5,medium,12,1650,B1,1,22.0,3
original_fixed,5x5,medium,12,1650,B2,0,0.0,3
original_fixed,5x5,medium,12,1650,B3,2,52.0,6
original_fixed,5x5,medium,12,1650,B4,1,9.0,2
original_fixed,5x5,medium,12,1650,B5,2,49.0,4
original_fixed,5x5,medium,12,1650,C1,5,60.0,8
original_fixed,5x5,medium,12,1650,C2,0,0.0,1
original_fixed,5x5,medium,12,1650,C3,1,6.0,5
original_fixed,5x5,medium,12,1650,C4,3,26.0,5
original_fixed,5x5,medium,12,1650,C5,0,0.0,2
original_fixed,5x5,medium,12,1650,D1,1,26.0,3
original_fixed,5x5,medium,12,1650,D2,1,5.0,2
original_fixed,5x5,medium,12,1650,D3,2,19.0,6
original_fixed,5x5,medium,12,1650,D4,4,74.0,6
original_fixed,5x5,medium,12,1650,D5,5,55.0,8
original_fixed,5x5,medium,12,1650,E1,5,124.0,6
original_fixed,5x5,medium,12,1650,E2,2,7.0,7
original_fixed,5x5,medium,12,1650,E3,3,64.0,4
original_fixed,5x5,medium,12,1650,E4,1,15.0,2
original_fixed,5x5,medium,12,1650,E5,3,40.0,5
original_fixed,5x5,medium,12,1650,F1,0,0.0,2
original_fixed,5x5,medium,12,1650,F2,1,11.0,1
original_fixed,5x5,medium,12,1650,F3,3,26.0,3
original_fixed,5x5,medium,12,1650,F4,3,65.0,4
original_fixed,5x5,medium,12,1650,F5,3,61.0,3
original_fixed,5x5,medium,12,1655,B1,1,27.0,3
original_fixed,5x5,medium,12,1655,B2,1,1.0,3
original_fixed,5x5,medium,12,1655,B3,2,62.0,6
original_fixed,5x5,medium,12,1655,B4,1,14.0,3
original_fixed,5x5,medium,12,1655,B5,3,60.0,4
original_fixed,5x5,medium,12,1655,C1,6,88.0,7
original_fixed,5x5,medium,12,1655,C2,0,0.0,1
original_fixed,5x5,medium,12,1655,C3,2,15.0,5
original_fixed,5x5,medium,12,1655,C4,3,41.0,4
original_fixed,5x5,medium,12,1655,C5,0,0.0,3
original_fixed,5x5,medium,12,1655,D1,1,31.0,2
original_fixed,5x5,medium,12,1655,D2,1,10.0,2
original_fixed,5x5,medium,12,1655,D3,2,29.0,5
original_fixed,5x5,medium,12,1655,D4,4,94.0,5
original_fixed,5x5,medium,12,1655,D5,5,80.0,9
original_fixed,5x5,medium,12,1655,E1,5,149.0,6
original_fixed,5x5,medium,12,1655,E2,4,26.0,8
original_fixed,5x5,medium,12,1655,E3,3,79.0,6
original_fixed,5x5,medium,12,1655,E4,1,20.0,2
original_fixed,5x5,medium,12,1655,E5,4,60.0,5
original_fixed,5x5,medium,12,1655,F1,1,5.0,2
original_fixed,5x5,medium,12,1655,F2,1,16.0,1
original_fixed,5x5,medium,12,1655,F3,2,30.0,2
original_fixed,5x5,medium,12,1655,F4,3,80.0,5
original_fixed,5x5,medium,12,1655,F5,3,76.0,4
original_fixed,5x5,medium,12,1660,B1,2,36.0,4
original_fixed,5x5,medium,12,1660,B2,1,6.0,3
original_fixed,5x5,medium,12,1660,B3,2,72.0,2
original_fixed,5x5,medium,12,1660,B4,1,19.0,5
original_fixed,5x5,medium,12,1660,B5,3,75.0,5
original_fixed,5x5,medium,12,1660,C1,6,118.0,8
original_fixed,5x5,medium,12,1660,C2,1,3.0,1
original_fixed,5x5,medium,12,1660,C3,2,25.0,5
original_fixed,5x5,medium,12,1660,C4,3,56.0,4
original_fixed,5x5,medium,12,1660,C5,0,0.0,1
original_fixed,5x5,medium,12,1660,D1,2,39.0,3
original_fixed,5x5,medium,12,1660,D2,1,15.0,5
original_fixed,5x5,medium,12,1660,D3,3,44.0,3
original_fixed,5x5,medium,12,1660,D4,4,114.0,6
original_fixed,5x5,medium,12,1660,D5,7,110.0,9
original_fixed,5x5,medium,12,1660,E1,5,174.0,5
original_fixed,5x5,medium,12,1660,E2,5,51.0,8
original_fixed,5x5,medium,12,1660,E3,3,94.0,6
original_fixed,5x5,medium,12,1660,E4,1,25.0,2
original_fixed,5x5,medium,12,1660,E5,4,80.0,4
original_fixed,5x5,medium,12,1660,F1,1,10.0,1
original_fixed,5x5,medium,12,1660,F2,1,21.0,1
original_fixed,5x5,medium,12,1660,F3,2,40.0,2
original_fixed,5x5,medium,12,1660,F4,4,99.0,6
original_fixed,5x5,medium,12,1660,F5,3,91.0,4
original_fixed,5x5,medium,12,1665,B1,2,46.0,4
original_fixed,5x5,medium,12,1665,B2,1,11.0,2
original_fixed,5x5,medium,12,1665,B3,2,82.0,3
original_fixed,5x5,medium,12,1665,B4,1,24.0,5
original_fixed,5x5,medium,12,1665,B5,3,90.0,6
original_fixed,5x5,medium,12,1665,C1,7,150.0,8
original_fixed,5x5,medium,12,1665,C2,1,8.0,1
original_fixed,5x5,medium,12,1665,C3,4,41.0,5
original_fixed,5x5,medium,12,1665,C4,4,72.0,5
original_fixed,5x5,medium,12,1665,C5,0,0.0,1
original_fixed,5x5,medium,12,1665,D1,2,49.0,4
original_fixed,5x5,medium,12,1665,D2,2,22.0,7
original_fixed,5x5,medium,12,1665,D3,3,59.0,3
original_fixed,5x5,medium,12,1665,D4,5,139.0,6
original_fixed,5x5,medium,12,1665,D5,7,145.0,9
original_fixed,5x5,medium,12,1665,E1,5,199.0,5
original_fixed,5x5,medium,12,1665,E2,4,57.0,7
original_fixed,5x5,medium,12,1665,E3,3,109.0,6
original_fixed,5x5,medium,12,1665,E4,2,34.0,3
original_fixed,5x5,medium,12,1665,E5,4,100.0,4
original_fixed,5x5,medium,12,1665,F1,1,15.0,1
original_fixed,5x5,medium,12,1665,F2,1,26.0,2
original_fixed,5x5,medium,12,1665,F3,2,50.0,2
original_fixed,5x5,medium,12,1665,F4,4,119.0,6
original_fixed,5x5,medium,12,1665,F5,3,106.0,5
original_fixed,5x5,medium,12,1670,B1,0,0.0,3
original_fixed,5x5,medium,12,1670,B2,0,0.0,2
original_fixed,5x5,medium,12,1670,B3,0,0.0,1
original_fixed,5x5,medium,12,1670,B4,0,0.0,4
original_fixed,5x5,medium,12,1670,B5,0,0.0,6
original_fixed,5x5,medium,12,1670,C1,1,7.0,8
original_fixed,5x5,medium,12,1670,C2,0,0.0,2
original_fixed,5x5,medium,12,1670,C3,0,0.0,4
original_fixed,5x5,medium,12,1670,C4,0,0.0,3
original_fixed,5x5,medium,12,1670,C5,1,1.0,2
original_fixed,5x5,medium,12,1670,D1,0,0.0,4
original_fixed,5x5,medium,12,1670,D2,0,0.0,8
original_fixed,5x5,medium,12,1670,D3,0,0.0,2
original_fixed,5x5,medium,12,1670,D4,0,0.0,4
original_fixed,5x5,medium,12,1670,D5,2,4.0,7
original_fixed,5x5,medium,12,1670,E1,0,0.0,4
original_fixed,5x5,medium,12,1670,E2,2,3.0,7
original_fixed,5x5,medium,12,1670,E3,0,0.0,3
original_fixed,5x5,medium,12,1670,E4,0,0.0,4
original_fixed,5x5,medium,12,1670,E5,0,0.0,2
original_fixed,5x5,medium,12,1670,F1,0,0.0,1
original_fixed,5x5,medium,12,1670,F2,0,0.0,2
original_fixed,5x5,medium,12,1670,F3,0,0.0,0
original_fixed,5x5,medium,12,1670,F4,0,0.0,4
original_fixed,5x5,medium,12,1670,F5,0,0.0,2
original_fixed,5x5,medium,12,1675,B1,1,3.0,5
original_fixed,5x5,medium,12,1675,B2,0,0.0,2
original_fixed,5x5,medium,12,1675,B3,0,0.0,2
original_fixed,5x5,medium,12,1675,B4,0,0.0,6
original_fixed,5x5,medium,12,1675,B5,0,0.0,5
original_fixed,5x5,medium,12,1675,C1,0,0.0,6
original_fixed,5x5,medium,12,1675,C2,0,0.0,4
original_fixed,5x5,medium,12,1675,C3,0,0.0,3
original_fixed,5x5,medium,12,1675,C4,0,0.0,5
original_fixed,5x5,medium,12,1675,C5,1,6.0,3
original_fixed,5x5,medium,12,1675,D1,0,0.0,3
original_fixed,5x5,medium,12,1675,D2,1,1.0,8
original_fixed,5x5,medium,12,1675,D3,0,0.0,6
original_fixed,5x5,medium,12,1675,D4,1,4.0,5
original_fixed,5x5,medium,12,1675,D5,5,21.0,9
original_fixed,5x5,medium,12,1675,E1,0,0.0,3
original_fixed,5x5,medium,12,1675,E2,5,24.0,6
original_fixed,5x5,medium,12,1675,E3,0,0.0,2
original_fixed,5x5,medium,12,1675,E4,0,0.0,8
original_fixed,5x5,medium,12,1675,E5,0,0.0,2
original_fixed,5x5,medium,12,1675,F1,0,0.0,3
original_fixed,5x5,medium,12,1675,F2,0,0.0,3
original_fixed,5x5,medium,12,1675,F3,0,0.0,0
original_fixed,5x5,medium,12,1675,F4,1,4.0,3
original_fixed,5x5,medium,12,1675,F5,0,0.0,4
original_fixed,5x5,medium,12,1680,B1,1,8.0,6
original_fixed,5x5,medium,12,1680,B2,1,1.0,3
original_fixed,5x5,medium,12,1680,B3,0,0.0,3
original_fixed,5x5,medium,12,1680,B4,2,6.0,6
original_fixed,5x5,medium,12,1680,B5,3,10.0,5
original_fixed,5x5,medium,12,1680,C1,0,0.0,5
original_fixed,5x5,medium,12,1680,C2,0,0.0,7
original_fixed,5x5,medium,12,1680,C3,0,0.0,2
original_fixed,5x5,medium,12,1680,C4,1,1.0,5
original_fixed,5x5,medium,12,1680,C5,1,11.0,3
original_fixed,5x5,medium,12,1680,D1,0,0.0,4
original_fixed,5x5,medium,12,1680,D2,2,9.0,6
original_fixed,5x5,medium,12,1680,D3,0,0.0,6
original_fixed,5x5,medium,12,1680,D4,1,9.0,5
original_fixed,5x5,medium,12,1680,D5,6,50.0,9
original_fixed,5x5,medium,12,1680,E1,0,0.0,2
original_fixed,5x5,medium,12,1680,E2,5,49.0,8
original_fixed,5x5,medium,12,1680,E3,0,0.0,1
original_fixed,5x5,medium,12,1680,E4,1,1.0,9
original_fixed,5x5,medium,12,1680,E5,0,0.0,3
original_fixed,5x5,medium,12,1680,F1,0,0.0,3
original_fixed,5x5,medium,12,1680,F2,1,3.0,3
original_fixed,5x5,medium,12,1680,F3,0,0.0,0
original_fixed,5x5,medium,12,1680,F4,1,9.0,2
original_fixed,5x5,medium,12,1680,F5,0,0.0,5
original_fixed,5x5,medium,12,1685,B1,2,18.0,8
original_fixed,5x5,medium,12,1685,B2,1,6.0,4
original_fixed,5x5,medium,12,1685,B3,1,4.0,3
original_fixed,5x5,medium,12,1685,B4,2,16.0,4
original_fixed,5x5,medium,12,1685,B5,3,25.0,8
original_fixed,5x5,medium,12,1685,C1,0,0.0,2
original_fixed,5x5,medium,12,1685,C2,0,0.0,7
original_fixed,5x5,medium,12,1685,C3,0,0.0,2
original_fixed,5x5,medium,12,1685,C4,1,6.0,3
original_fixed,5x5,medium,12,1685,C5,1,16.0,2
original_fixed,5x5,medium,12,1685,D1,1,5.0,5
original_fixed,5x5,medium,12,1685,D2,4,23.0,7
original_fixed,5x5,medium,12,1685,D3,0,0.0,6
original_fixed,5x5,medium,12,1685,D4,1,14.0,6
original_fixed,5x5,medium,12,1685,D5,6,80.0,8
original_fixed,5x5,medium,12,1685,E1,0,0.0,0
original_fixed,5x5,medium,12,1685,E2,5,74.0,7
original_fixed,5x5,medium,12,1685,E3,0,0.0,1
original_fixed,5x5,medium,12,1685,E4,1,6.0,7
original_fixed,5x5,medium,12,1685,E5,0,0.0,2
original_fixed,5x5,medium,12,1685,F1,0,0.0,4
original_fixed,5x5,medium,12,1685,F2,1,8.0,2
original_fixed,5x5,medium,12,1685,F3,0,0.0,0
original_fixed,5x5,medium,12,1685,F4,1,14.0,2
original_fixed,5x5,medium,12,1685,F5,0,0.0,5
original_fixed,5x5,medium,12,1690,B1,3,29.0,8
original_fixed,5x5,medium,12,1690,B2,2,15.0,5
original_fixed,5x5,medium,12,1690,B3,1,9.0,5
original_fixed,5x5,medium,12,1690,B4,3,28.0,4
original_fixed,5x5,medium,12,1690,B5,5,48.0,8
original_fixed,5x5,medium,12,1690,C1,1,3.0,4
original_fixed,5x5,medium,12,1690,C2,0,0.0,6
original_fixed,5x5,medium,12,1690,C3,1,4.0,2
original_fixed,5x5,medium,12,1690,C4,1,11.0,2
original_fixed,5x5,medium,12,1690,C5,1,21.0,3
original_fixed,5x5,medium,12,1690,D1,2,14.0,5
original_fixed,5x5,medium,12,1690,D2,4,43.0,6
original_fixed,5x5,medium,12,1690,D3,3,11.0,5
original_fixed,5x5,medium,12,1690,D4,2,21.0,5
original_fixed,5x5,medium,12,1690,D5,6,110.0,7
original_fixed,5x5,medium,12,1690,E1,0,0.0,0
original_fixed,5x5,medium,12,1690,E2,5,99.0,7
original_fixed,5x5,medium,12,1690,E3,0,0.0,0
original_fixed,5x5,medium,12,1690,E4,2,15.0,6
original_fixed,5x5,medium,12,1690,E5,0,0.0,3
original_fixed,5x5,medium,12,1690,F1,0,0.0,2
original_fixed,5x5,medium,12,1690,F2,2,16.0,3
original_fixed,5x5,medium,12,1690,F3,0,0.0,0
original_fixed,5x5,medium,12,1690,F4,2,23.0,3
original_fixed,5x5,medium,12,1690,F5,2,6.0,6
original_fixed,5x5,medium,12,1695,B1,4,48.0,5
original_fixed,5x5,medium,12,1695,B2,3,28.0,5
original_fixed,5x5,medium,12,1695,B3,1,14.0,3
original_fixed,5x5,medium,12,1695,B4,3,43.0,4
original_fixed,5x5,medium,12,1695,B5,5,73.0,9
original_fixed,5x5,medium,12,1695,C1,2,9.0,4
original_fixed,5x5,medium,12,1695,C2,0,0.0,6
original_fixed,5x5,medium,12,1695,C3,1,9.0,4
original_fixed,5x5,medium,12,1695,C4,2,20.0,2
original_fixed,5x5,medium,12,1695,C5,1,26.0,4
original_fixed,5x5,medium,12,1695,D1,2,24.0,4
original_fixed,5x5,medium,12,1695,D2,4,63.0,6
original_fixed,5x5,medium,12,1695,D3,2,16.0,5
original_fixed,5x5,medium,12,1695,D4,1,24.0,4
original_fixed,5x5,medium,12,1695,D5,4,94.0,8
original_fixed,5x5,medium,12,1695,E1,0,0.0,0
original_fixed,5x5,medium,12,1695,E2,6,128.0,7
original_fixed,5x5,medium,12,1695,E3,0,0.0,0
original_fixed,5x5,medium,12,1695,E4,4,30.0,6
original_fixed,5x5,medium,12,1695,E5,0,0.0,3
original_fixed,5x5,medium,12,1695,F1,0,0.0,2
original_fixed,5x5,medium,12,1695,F2,2,26.0,5
original_fixed,5x5,medium,12,1695,F3,0,0.0,0
original_fixed,5x5,medium,12,1695,F4,2,33.0,3
original_fixed,5x5,medium,12,1695,F5,4,23.0,6
original_fixed,5x5,medium,12,1700,B1,4,68.0,4
original_fixed,5x5,medium,12,1700,B2,3,43.0,6
original_fixed,5x5,medium,12,1700,B3,1,19.0,2
original_fixed,5x5,medium,12,1700,B4,3,58.0,4
original_fixed,5x5,medium,12,1700,B5,6,100.0,7
original_fixed,5x5,medium,12,1700,C1,2,19.0,5
original_fixed,5x5,medium,12,1700,C2,2,8.0,6
original_fixed,5x5,medium,12,1700,C3,1,14.0,4
original_fixed,5x5,medium,12,1700,C4,2,30.0,3
original_fixed,5x5,medium,12,1700,C5,1,31.0,3
original_fixed,5x5,medium,12,1700,D1,2,34.0,3
original_fixed,5x5,medium,12,1700,D2,5,84.0,5
original_fixed,5x5,medium,12,1700,D3,1,15.0,3
original_fixed,5x5,medium,12,1700,D4,1,29.0,5
original_fixed,5x5,medium,12,1700,D5,2,64.0,8
original_fixed,5x5,medium,12,1700,E1,0,0.0,0
original_fixed,5x5,medium,12,1700,E2,7,161.0,7
original_fixed,5x5,medium,12,1700,E3,0,0.0,1
original_fixed,5x5,medium,12,1700,E4,4,50.0,7
original_fixed,5x5,medium,12,1700,E5,0,0.0,4
original_fixed,5x5,medium,12,1700,F1,1,2.0,3
original_fixed,5x5,medium,12,1700,F2,2,36.0,6
original_fixed,5x5,medium,12,1700,F3,0,0.0,1
original_fixed,5x5,medium,12,1700,F4,2,43.0,3
original_fixed,5x5,medium,12,1700,F5,4,43.0,5
original_fixed,5x5,medium,12,1705,B1,4,88.0,4
original_fixed,5x5,medium,12,1705,B2,3,58.0,7
original_fixed,5x5,medium,12,1705,B3,1,24.0,2
original_fixed,5x5,medium,12,1705,B4,3,73.0,4
original_fixed,5x5,medium,12,1705,B5,6,130.0,8
original_fixed,5x5,medium,12,1705,C1,3,30.0,5
original_fixed,5x5,medium,12,1705,C2,3,21.0,6
original_fixed,5x5,medium,12,1705,C3,1,19.0,4
original_fixed,5x5,medium,12,1705,C4,2,40.0,3
original_fixed,5x5,medium,12,1705,C5,1,36.0,3
original_fixed,5x5,medium,12,1705,D1,2,44.0,3
original_fixed,5x5,medium,12,1705,D2,5,109.0,6
original_fixed,5x5,medium,12,1705,D3,1,20.0,3
original_fixed,5x5,medium,12,1705,D4,1,34.0,5
original_fixed,5x5,medium,12,1705,D5,2,74.0,6
original_fixed,5x5,medium,12,1705,E1,0,0.0,2
original_fixed,5x5,medium,12,1705,E2,7,196.0,7
original_fixed,5x5,medium,12,1705,E3,0,0.0,2
original_fixed,5x5,medium,12,1705,E4,4,70.0,7
original_fixed,5x5,medium,12,1705,E5,0,0.0,4
original_fixed,5x5,medium,12,1705,F1,1,7.0,3
original_fixed,5x5,medium,12,1705,F2,2,46.0,6
original_fixed,5x5,medium,12,1705,F3,0,0.0,1
original_fixed,5x5,medium,12,1705,F4,2,53.0,2
original_fixed,5x5,medium,12,1705,F5,4,63.0,4
original_fixed,5x5,medium,12,1710,B1,4,108.0,4
original_fixed,5x5,medium,12,1710,B2,3,73.0,7
original_fixed,5x5,medium,12,1710,B3,1,29.0,3
original_fixed,5x5,medium,12,1710,B4,3,88.0,4
original_fixed,5x5,medium,12,1710,B5,6,160.0,8
original_fixed,5x5,medium,12,1710,C1,4,49.0,5
original_fixed,5x5,medium,12,1710,C2,3,36.0,7
original_fixed,5x5,medium,12,1710,C3,1,24.0,3
original_fixed,5x5,medium,12,1710,C4,2,50.0,5
original_fixed,5x5,medium,12,1710,C5,2,46.0,3
original_fixed,5x5,medium,12,1710,D1,2,54.0,3
original_fixed,5x5,medium,12,1710,D2,5,134.0,6
original_fixed,5x5,medium,12,1710,D3,1,25.0,3
original_fixed,5x5,medium,12,1710,D4,2,44.0,6
original_fixed,5x5,medium,12,1710,D5,2,84.0,5
original_fixed,5x5,medium,12,1710,E1,0,0.0,2
original_fixed,5x5,medium,12,1710,E2,7,231.0,9
original_fixed,5x5,medium,12,1710,E3,0,0.0,2
original_fixed,5x5,medium,12,1710,E4,4,90.0,6
original_fixed,5x5,medium,12,1710,E5,1,2.0,3
original_fixed,5x5,medium,12,1710,F1,1,12.0,3
original_fixed,5x5,medium,12,1710,F2,2,56.0,5
original_fixed,5x5,medium,12,1710,F3,0,0.0,3
original_fixed,5x5,medium,12,1710,F4,2,63.0,3
original_fixed,5x5,medium,12,1710,F5,4,83.0,5
original_fixed,5x5,medium,12,1715,B1,0,0.0,2
original_fixed,5x5,medium,12,1715,B2,0,0.0,8
original_fixed,5x5,medium,12,1715,B3,0,0.0,4
original_fixed,5x5,medium,12,1715,B4,0,0.0,2
original_fixed,5x5,medium,12,1715,B5,1,3.0,7
original_fixed,5x5,medium,12,1715,C1,1,1.0,2
original_fixed,5x5,medium,12,1715,C2,1,1.0,6
original_fixed,5x5,medium,12,1715,C3,1,3.0,4
original_fixed,5x5,medium,12,1715,C4,1,1.0,4
original_fixed,5x5,medium,12,1715,C5,0,0.0,4
original_fixed,5x5,medium,12,1715,D1,0,0.0,1
original_fixed,5x5,medium,12,1715,D2,0,0.0,3
original_fixed,5x5,medium,12,1715,D3,0,0.0,3
original_fixed,5x5,medium,12,1715,D4,0,0.0,3
original_fixed,5x5,medium,12,1715,D5,1,1.0,4
original_fixed,5x5,medium,12,1715,E1,0,0.0,1
original_fixed,5x5,medium,12,1715,E2,1,24.0,7
original_fixed,5x5,medium,12,1715,E3,0,0.0,3
original_fixed,5x5,medium,12,1715,E4,1,5.0,4
original_fixed,5x5,medium,12,1715,E5,1,2.0,3
original_fixed,5x5,medium,12,1715,F1,0,0.0,1
original_fixed,5x5,medium,12,1715,F2,2,6.0,3
original_fixed,5x5,medium,12,1715,F3,0,0.0,4
original_fixed,5x5,medium,12,1715,F4,0,0.0,2
original_fixed,5x5,medium,12,1715,F5,1,1.0,4
original_fixed,5x5,medium,12,1720,B1,0,0.0,3
original_fixed,5x5,medium,12,1720,B2,4,14.0,9
original_fixed,5x5,medium,12,1720,B3,0,0.0,4
original_fixed,5x5,medium,12,1720,B4,0,0.0,1
original_fixed,5x5,medium,12,1720,B5,3,16.0,8
original_fixed,5x5,medium,12,1720,C1,0,0.0,1
original_fixed,5x5,medium,12,1720,C2,2,11.0,5
original_fixed,5x5,medium,12,1720,C3,1,8.0,4
original_fixed,5x5,medium,12,1720,C4,1,6.0,5
original_fixed,5x5,medium,12,1720,C5,0,0.0,6
original_fixed,5x5,medium,12,1720,D1,1,2.0,5
original_fixed,5x5,medium,12,1720,D2,0,0.0,4
original_fixed,5x5,medium,12,1720,D3,0,0.0,3
original_fixed,5x5,medium,12,1720,D4,0,0.0,2
original_fixed,5x5,medium,12,1720,D5,1,6.0,4
original_fixed,5x5,medium,12,1720,E1,0,0.0,1
original_fixed,5x5,medium,12,1720,E2,0,0.0,5
original_fixed,5x5,medium,12,1720,E3,1,4.0,4
original_fixed,5x5,medium,12,1720,E4,2,15.0,3
original_fixed,5x5,medium,12,1720,E5,1,7.0,6
original_fixed,5x5,medium,12,1720,F1,0,0.0,0
original_fixed,5x5,medium,12,1720,F2,2,16.0,6
original_fixed,5x5,medium,12,1720,F3,0,0.0,4
original_fixed,5x5,medium,12,1720,F4,0,0.0,5
original_fixed,5x5,medium,12,1720,F5,0,0.0,4
original_fixed,5x5,medium,12,1725,B1,0,0.0,3
original_fixed,5x5,medium,12,1725,B2,4,34.0,9
original_fixed,5x5,medium,12,1725,B3,0,0.0,3
original_fixed,5x5,medium,12,1725,B4,0,0.0,2
original_fixed,5x5,medium,12,1725,B5,2,21.0,7
original_fixed,5x5,medium,12,1725,C1,0,0.0,1
original_fixed,5x5,medium,12,1725,C2,2,21.0,6
original_fixed,5x5,medium,12,1725,C3,2,15.0,4
original_fixed,5x5,medium,12,1725,C4,1,11.0,4
original_fixed,5x5,medium,12,1725,C5,1,1.0,8
original_fixed,5x5,medium,12,1725,D1,1,7.0,5
original_fixed,5x5,medium,12,1725,D2,0,0.0,5
original_fixed,5x5,medium,12,1725,D3,0,0.0,4
original_fixed,5x5,medium,12,1725,D4,0,0.0,3
original_fixed,5x5,medium,12,1725,D5,1,11.0,3
original_fixed,5x5,medium,12,1725,E1,1,4.0,1
original_fixed,5x5,medium,12,1725,E2,0,0.0,3
original_fixed,5x5,medium,12,1725,E3,1,9.0,4
original_fixed,5x5,medium,12,1725,E4,2,25.0,3
original_fixed,5x5,medium,12,1725,E5,2,16.0,7
original_fixed,5x5,medium,12,1725,F1,0,0.0,0
original_fixed,5x5,medium,12,1725,F2,2,26.0,8
original_fixed,5x5,medium,12,1725,F3,0,0.0,3
original_fixed,5x5,medium,12,1725,F4,0,0.0,5
original_fixed,5x5,medium,12,1725,F5,0,0.0,4
original_fixed,5x5,medium,12,1730,B1,0,0.0,3
original_fixed,5x5,medium,12,1730,B2,6,56.0,9
original_fixed,5x5,medium,12,1730,B3,1,5.0,2
original_fixed,5x5,medium,12,1730,B4,0,0.0,2
original_fixed,5x5,medium,12,1730,B5,2,31.0,6
original_fixed,5x5,medium,12,1730,C1,0,0.0,1
original_fixed,5x5,medium,12,1730,C2,3,32.0,5
original_fixed,5x5,medium,12,1730,C3,2,25.0,5
original_fixed,5x5,medium,12,1730,C4,1,16.0,5
original_fixed,5x5,medium,12,1730,C5,1,6.0,10
original_fixed,5x5,medium,12,1730,D1,1,12.0,5
original_fixed,5x5,medium,12,1730,D2,0,0.0,4
original_fixed,5x5,medium,12,1730,D3,0,0.0,3
original_fixed,5x5,medium,12,1730,D4,0,0.0,6
original_fixed,5x5,medium,12,1730,D5,1,16.0,3
original_fixed,5x5,medium,12,1730,E1,1,9.0,1
original_fixed,5x5,medium,12,1730,E2,3,8.0,3
original_fixed,5x5,medium,12,1730,E3,1,14.0,4
original_fixed,5x5,medium,12,1730,E4,2,35.0,2
original_fixed,5x5,medium,12,1730,E5,2,26.0,6
original_fixed,5x5,medium,12,1730,F1,0,0.0,0
original_fixed,5x5,medium,12,1730,F2,3,39.0,8
original_fixed,5x5,medium,12,1730,F3,1,3.0,3
original_fixed,5x5,medium,12,1730,F4,1,2.0,6
original_fixed,5x5,medium,12,1730,F5,1,3.0,4
original_fixed,5x5,medium,12,1735,B1,0,0.0,0
original_fixed,5x5,medium,12,1735,B2,7,87.0,8
original_fixed,5x5,medium,12,1735,B3,1,10.0,3
original_fixed,5x5,medium,12,1735,B4,0,0.0,5
original_fixed,5x5,medium,12,1735,B5,2,41.0,4
original_fixed,5x5,medium,12,1735,C1,1,4.0,1
original_fixed,5x5,medium,12,1735,C2,3,47.0,5
original_fixed,5x5,medium,12,1735,C3,3,40.0,5
original_fixed,5x5,medium,12,1735,C4,1,21.0,5
original_fixed,5x5,medium,12,1735,C5,4,23.0,10
original_fixed,5x5,medium,12,1735,D1,3,19.0,5
original_fixed,5x5,medium,12,1735,D2,0,0.0,3
original_fixed,5x5,medium,12,1735,D3,0,0.0,1
original_fixed,5x5,medium,12,1735,D4,0,0.0,5
original_fixed,5x5,medium,12,1735,D5,1,21.0,3
original_fixed,5x5,medium,12,1735,E1,1,14.0,2
original_fixed,5x5,medium,12,1735,E2,3,23.0,3
original_fixed,5x5,medium,12,1735,E3,2,23.0,3
original_fixed,5x5,medium,12,1735,E4,2,45.0,4
original_fixed,5x5,medium,12,1735,E5,3,40.0,6
original_fixed,5x5,medium,12,1735,F1,0,0.0,0
original_fixed,5x5,medium,12,1735,F2,4,56.0,7
original_fixed,5x5,medium,12,1735,F3,2,13.0,5
original_fixed,5x5,medium,12,1735,F4,1,7.0,5
original_fixed,5x5,medium,12,1735,F5,1,8.0,3
original_fixed,5x5,medium,12,1740,B1,0,0.0,0
original_fixed,5x5,medium,12,1740,B2,8,127.0,9
original_fixed,5x5,medium,12,1740,B3,1,15.0,3
original_fixed,5x5,medium,12,1740,B4,0,0.0,4
original_fixed,5x5,medium,12,1740,B5,2,51.0,3
original_fixed,5x5,medium,12,1740,C1,1,9.0,1
original_fixed,5x5,medium,12,1740,C2,5,69.0,5
original_fixed,5x5,medium,12,1740,C3,3,55.0,4
original_fixed,5x5,medium,12,1740,C4,2,30.0,5
original_fixed,5x5,medium,12,1740,C5,6,51.0,10
original_fixed,5x5,medium,12,1740,D1,3,34.0,5
original_fixed,5x5,medium,12,1740,D2,2,4.0,3
original_fixed,5x5,medium,12,1740,D3,0,0.0,1
original_fixed,5x5,medium,12,1740,D4,0,0.0,4
original_fixed,5x5,medium,12,1740,D5,1,26.0,3
original_fixed,5x5,medium,12,1740,E1,1,19.0,3
original_fixed,5x5,medium,12,1740,E2,3,38.0,4
original_fixed,5x5,medium,12,1740,E3,2,33.0,3
original_fixed,5x5,medium,12,1740,E4,2,55.0,4
original_fixed,5x5,medium,12,1740,E5,4,57.0,6
original_fixed,5x5,medium,12,1740,F1,0,0.0,0
original_fixed,5x5,medium,12,1740,F2,5,77.0,7
original_fixed,5x5,medium,12,1740,F3,2,23.0,5
original_fixed,5x5,medium,12,1740,F4,3,20.0,5
original_fixed,5x5,medium,12,1740,F5,1,13.0,4
original_fixed,5x5,medium,12,1745,B1,0,0.0,0
original_fixed,5x5,medium,12,1745,B2,8,167.0,10
original_fixed,5x5,medium,12,1745,B3,1,20.0,3
original_fixed,5x5,medium,12,1745,B4,0,0.0,4
original_fixed,5x5,medium,12,1745,B5,2,61.0,3
original_fixed,5x5,medium,12,1745,C1,1,14.0,1
original_fixed,5x5,medium,12,1745,C2,5,94.0,6
original_fixed,5x5,medium,12,1745,C3,3,70.0,4
original_fixed,5x5,medium,12,1745,C4,3,45.0,5
original_fixed,5x5,medium,12,1745,C5,9,88.0,11
original_fixed,5x5,medium,12,1745,D1,3,49.0,4
original_fixed,5x5,medium,12,1745,D2,2,14.0,3
original_fixed,5x5,medium,12,1745,D3,0,0.0,1
original_fixed,5x5,medium,12,1745,D4,2,8.0,4
original_fixed,5x5,medium,12,1745,D5,2,32.0,3
original_fixed,5x5,medium,12,1745,E1,1,24.0,3
original_fixed,5x5,medium,12,1745,E2,3,53.0,4
original_fixed,5x5,medium,12,1745,E3,2,43.0,2
original_fixed,5x5,medium,12,1745,E4,2,65.0,5
original_fixed,5x5,medium,12,1745,E5,4,77.0,7
original_fixed,5x5,medium,12,1745,F1,0,0.0,0
original_fixed,5x5,medium,12,1745,F2,6,107.0,7
original_fixed,5x5,medium,12,1745,F3,2,33.0,6
original_fixed,5x5,medium,12,1745,F4,3,35.0,4
original_fixed,5x5,medium,12,1745,F5,3,26.0,5
original_fixed,5x5,medium,12,1750,B1,0,0.0,0
original_fixed,5x5,medium,12,1750,B2,8,207.0,11
original_fixed,5x5,medium,12,1750,B3,1,25.0,1
original_fixed,5x5,medium,12,1750,B4,0,0.0,4
original_fixed,5x5,medium,12,1750,B5,2,71.0,5
original_fixed,5x5,medium,12,1750,C1,1,19.0,3
original_fixed,5x5,medium,12,1750,C2,5,119.0,6
original_fixed,5x5,medium,12,1750,C3,3,85.0,4
original_fixed,5x5,medium,12,1750,C4,4,64.0,6
original_fixed,5x5,medium,12,1750,C5,10,137.0,11
original_fixed,5x5,medium,12,1750,D1,3,64.0,4
original_fixed,5x5,medium,12,1750,D2,2,24.0,2
original_fixed,5x5,medium,12,1750,D3,0,0.0,1
original_fixed,5x5,medium,12,1750,D4,3,22.0,3
original_fixed,5x5,medium,12,1750,D5,2,42.0,2
original_fixed,5x5,medium,12,1750,E1,2,31.0,3
original_fixed,5x5,medium,12,1750,E2,3,68.0,4
original_fixed,5x5,medium,12,1750,E3,2,53.0,2
original_fixed,5x5,medium,12,1750,E4,2,75.0,5
original_fixed,5x5,medium,12,1750,E5,4,97.0,7
original_fixed,5x5,medium,12,1750,F1,0,0.0,0
original_fixed,5x5,medium,12,1750,F2,6,137.0,8
original_fixed,5x5,medium,12,1750,F3,3,46.0,6
original_fixed,5x5,medium,12,1750,F4,4,55.0,7
original_fixed,5x5,medium,12,1750,F5,3,41.0,6
original_fixed,5x5,medium,12,1755,B1,0,0.0,0
original_fixed,5x5,medium,12,1755,B2,9,250.0,11
original_fixed,5x5,medium,12,1755,B3,1,30.0,2
original_fixed,5x5,medium,12,1755,B4,2,10.0,6
original_fixed,5x5,medium,12,1755,B5,2,81.0,5
original_fixed,5x5,medium,12,1755,C1,1,24.0,3
original_fixed,5x5,medium,12,1755,C2,5,144.0,6
original_fixed,5x5,medium,12,1755,C3,3,100.0,6
original_fixed,5x5,medium,12,1755,C4,4,84.0,6
original_fixed,5x5,medium,12,1755,C5,10,187.0,11
original_fixed,5x5,medium,12,1755,D1,3,79.0,5
original_fixed,5x5,medium,12,1755,D2,2,34.0,2
original_fixed,5x5,medium,12,1755,D3,0,0.0,0
original_fixed,5x5,medium,12,1755,D4,3,37.0,3
original_fixed,5x5,medium,12,1755,D5,2,52.0,2
original_fixed,5x5,medium,12,1755,E1,2,41.0,4
original_fixed,5x5,medium,12,1755,E2,4,86.0,4
original_fixed,5x5,medium,12,1755,E3,2,63.0,3
original_fixed,5x5,medium,12,1755,E4,2,85.0,4
original_fixed,5x5,medium,12,1755,E5,5,120.0,6
original_fixed,5x5,medium,12,1755,F1,0,0.0,0
original_fixed,5x5,medium,12,1755,F2,7,171.0,8
original_fixed,5x5,medium,12,1755,F3,3,61.0,6
original_fixed,5x5,medium,12,1755,F4,4,75.0,7
original_fixed,5x5,medium,12,1755,F5,4,59.0,6
original_fixed,5x5,medium,12,1760,B1,0,0.0,1
original_fixed,5x5,medium,12,1760,B2,0,0.0,8
original_fixed,5x5,medium,12,1760,B3,0,0.0,3
original_fixed,5x5,medium,12,1760,B4,0,0.0,5
original_fixed,5x5,medium,12,1760,B5,1,3.0,7
original_fixed,5x5,medium,12,1760,C1,0,0.0,2
original_fixed,5x5,medium,12,1760,C2,1,3.0,5
original_fixed,5x5,medium,12,1760,C3,0,0.0,3
original_fixed,5x5,medium,12,1760,C4,0,0.0,4
original_fixed,5x5,medium,12,1760,C5,3,34.0,10
original_fixed,5x5,medium,12,1760,D1,0,0.0,2
original_fixed,5x5,medium,12,1760,D2,0,0.0,2
original_fixed,5x5,medium,12,1760,D3,0,0.0,1
original_fixed,5x5,medium,12,1760,D4,0,0.0,2
original_fixed,5x5,medium,12,1760,D5,0,0.0,3
original_fixed,5x5,medium,12,1760,E1,1,5.0,3
original_fixed,5x5,medium,12,1760,E2,0,0.0,3
original_fixed,5x5,medium,12,1760,E3,0,0.0,2
original_fixed,5x5,medium,12,1760,E4,1,3.0,5
original_fixed,5x5,medium,12,1760,E5,0,0.0,3
original_fixed,5x5,medium,12,1760,F1,0,0.0,1
original_fixed,5x5,medium,12,1760,F2,0,0.0,5
original_fixed,5x5,medium,12,1760,F3,0,0.0,4
original_fixed,5x5,medium,12,1760,F4,0,0.0,5
original_fixed,5x5,medium,12,1760,F5,1,2.0,3
original_fixed,5x5,medium,12,1765,B1,0,0.0,1
original_fixed,5x5,medium,12,1765,B2,1,5.0,4
original_fixed,5x5,medium,12,1765,B3,0,0.0,5
original_fixed,5x5,medium,12,1765,B4,1,5.0,7
original_fixed,5x5,medium,12,1765,B5,1,8.0,6
original_fixed,5x5,medium,12,1765,C1,1,1.0,3
original_fixed,5x5,medium,12,1765,C2,1,8.0,8
original_fixed,5x5,medium,12,1765,C3,0,0.0,4
original_fixed,5x5,medium,12,1765,C4,0,0.0,2
original_fixed,5x5,medium,12,1765,C5,1,6.0,9
original_fixed,5x5,medium,12,1765,D1,0,0.0,2
original_fixed,5x5,medium,12,1765,D2,0,0.0,4
original_fixed,5x5,medium,12,1765,D3,0,0.0,2
original_fixed,5x5,medium,12,1765,D4,0,0.0,3
original_fixed,5x5,medium,12,1765,D5,0,0.0,7
original_fixed,5x5,medium,12,1765,E1,1,10.0,4
original_fixed,5x5,medium,12,1765,E2,0,0.0,3
original_fixed,5x5,medium,12,1765,E3,0,0.0,5
original_fixed,5x5,medium,12,1765,E4,1,8.0,5
original_fixed,5x5,medium,12,1765,E5,1,4.0,4
original_fixed,5x5,medium,12,1765,F1,0,0.0,1
original_fixed,5x5,medium,12,1765,F2,1,3.0,3
original_fixed,5x5,medium,12,1765,F3,0,0.0,4
original_fixed,5x5,medium,12,1765,F4,0,0.0,6
original_fixed,5x5,medium,12,1765,F5,2,10.0,2
original_fixed,5x5,medium,12,1770,B1,0,0.0,2
original_fixed,5x5,medium,12,1770,B2,1,10.0,2
original_fixed,5x5,medium,12,1770,B3,0,0.0,5
original_fixed,5x5,medium,12,1770,B4,2,11.0,6
original_fixed,5x5,medium,12,1770,B5,2,16.0,6
original_fixed,5x5,medium,12,1770,C1,1,6.0,3
original_fixed,5x5,medium,12,1770,C2,1,13.0,8
original_fixed,5x5,medium,12,1770,C3,0,0.0,3
original_fixed,5x5,medium,12,1770,C4,1,5.0,3
original_fixed,5x5,medium,12,1770,C5,1,11.0,7
original_fixed,5x5,medium,12,1770,D1,2,3.0,3
original_fixed,5x5,medium,12,1770,D2,0,0.0,4
original_fixed,5x5,medium,12,1770,D3,0,0.0,2
original_fixed,5x5,medium,12,1770,D4,0,0.0,3
original_fixed,5x5,medium,12,1770,D5,0,0.0,7
original_fixed,5x5,medium,12,1770,E1,2,18.0,4
original_fixed,5x5,medium,12,1770,E2,0,0.0,4
original_fixed,5x5,medium,12,1770,E3,0,0.0,4
original_fixed,5x5,medium,12,1770,E4,1,13.0,7
original_fixed,5x5,medium,12,1770,E5,1,9.0,5
original_fixed,5x5,medium,12,1770,F1,0,0.0,1
original_fixed,5x5,medium,12,1770,F2,1,8.0,5
original_fixed,5x5,medium,12,1770,F3,0,0.0,6
original_fixed,5x5,medium,12,1770,F4,1,2.0,5
original_fixed,5x5,medium,12,1770,F5,2,20.0,3
original_fixed,5x5,medium,12,1775,B1,0,0.0,3
original_fixed,5x5,medium,12,1775,B2,2,17.0,3
original_fixed,5x5,medium,12,1775,B3,1,5.0,4
original_fixed,5x5,medium,12,1775,B4,3,25.0,6
original_fixed,5x5,medium,12,1775,B5,3,27.0,3
original_fixed,5x5,medium,12,1775,C1,1,11.0,2
original_fixed,5x5,medium,12,1775,C2,1,18.0,7
original_fixed,5x5,medium,12,1775,C3,0,0.0,2
original_fixed,5x5,medium,12,1775,C4,1,10.0,4
original_fixed,5x5,medium,12,1775,C5,2,20.0,6
original_fixed,5x5,medium,12,1775,D1,1,8.0,2
original_fixed,5x5,medium,12,1775,D2,0,0.0,5
original_fixed,5x5,medium,12,1775,D3,0,0.0,3
original_fixed,5x5,medium,12,1775,D4,1,1.0,4
original_fixed,5x5,medium,12,1775,D5,0,0.0,6
original_fixed,5x5,medium,12,1775,E1,2,28.0,4
original_fixed,5x5,medium,12,1775,E2,0,0.0,3
original_fixed,5x5,medium,12,1775,E3,0,0.0,4
original_fixed,5x5,medium,12,1775,E4,2,19.0,7
original_fixed,5x5,medium,12,1775,E5,1,14.0,3
original_fixed,5x5,medium,12,1775,F1,0,0.0,1
original_fixed,5x5,medium,12,1775,F2,1,13.0,4
original_fixed,5x5,medium,12,1775,F3,0,0.0,5
original_fixed,5x5,medium,12,1775,F4,1,7.0,5
original_fixed,5x5,medium,12,1775,F5,2,30.0,3
original_fixed,5x5,medium,12,1780,B1,0,0.0,3
original_fixed,5x5,medium,12,1780,B2,2,27.0,3
original_fixed,5x5,medium,12,1780,B3,2,13.0,2
original_fixed,5x5,medium,12,1780,B4,4,44.0,5
original_fixed,5x5,medium,12,1780,B5,3,42.0,4
original_fixed,5x5,medium,12,1780,C1,1,16.0,3
original_fixed,5x5,medium,12,1780,C2,4,29.0,8
original_fixed,5x5,medium,12,1780,C3,0,0.0,2
original_fixed,5x5,medium,12,1780,C4,1,15.0,5
original_fixed,5x5,medium,12,1780,C5,4,36.0,6
original_fixed,5x5,medium,12,1780,D1,1,13.0,2
original_fixed,5x5,medium,12,1780,D2,0,0.0,5
original_fixed,5x5,medium,12,1780,D3,0,0.0,3
original_fixed,5x5,medium,12,1780,D4,1,6.0,5
original_fixed,5x5,medium,12,1780,D5,1,2.0,4
original_fixed,5x5,medium,12,1780,E1,2,38.0,4
original_fixed,5x5,medium,12,1780,E2,1,4.0,7
original_fixed,5x5,medium,12,1780,E3,0,0.0,3
original_fixed,5x5,medium,12,1780,E4,3,31.0,7
original_fixed,5x5,medium,12,1780,E5,1,19.0,5
original_fixed,5x5,medium,12,1780,F1,0,0.0,2
original_fixed,5x5,medium,12,1780,F2,2,20.0,5
original_fixed,5x5,medium,12,1780,F3,0,0.0,5
original_fixed,5x5,medium,12,1780,F4,1,12.0,3
original_fixed,5x5,medium,12,1780,F5,2,40.0,2
original_fixed,5x5,medium,12,1785,B1,0,0.0,3
original_fixed,5x5,medium,12,1785,B2,2,37.0,4
original_fixed,5x5,medium,12,1785,B3,2,23.0,2
original_fixed,5x5,medium,12,1785,B4,4,64.0,5
original_fixed,5x5,medium,12,1785,B5,3,57.0,7
original_fixed,5x5,medium,12,1785,C1,2,25.0,3
original_fixed,5x5,medium,12,1785,C2,4,49.0,7
original_fixed,5x5,medium,12,1785,C3,0,0.0,2
original_fixed,5x5,medium,12,1785,C4,1,20.0,5
original_fixed,5x5,medium,12,1785,C5,4,56.0,6
original_fixed,5x5,medium,12,1785,D1,1,18.0,2
original_fixed,5x5,medium,12,1785,D2,0,0.0,7
original_fixed,5x5,medium,12,1785,D3,0,0.0,4
original_fixed,5x5,medium,12,1785,D4,1,11.0,7
original_fixed,5x5,medium,12,1785,D5,1,7.0,4
original_fixed,5x5,medium,12,1785,E1,2,48.0,5
original_fixed,5x5,medium,12,1785,E2,1,9.0,6
original_fixed,5x5,medium,12,1785,E3,1,5.0,3
original_fixed,5x5,medium,12,1785,E4,3,46.0,5
original_fixed,5x5,medium,12,1785,E5,2,28.0,4
original_fixed,5x5,medium,12,1785,F1,0,0.0,2
original_fixed,5x5,medium,12,1785,F2,3,33.0,4
original_fixed,5x5,medium,12,1785,F3,2,6.0,5
original_fixed,5x5,medium,12,1785,F4,1,17.0,4
original_fixed,5x5,medium,12,1785,F5,2,50.0,3
original_fixed,5x5,medium,12,1790,B1,1,4.0,2
original_fixed,5x5,medium,12,1790,B2,2,47.0,4
original_fixed,5x5,medium,12,1790,B3,2,33.0,3
original_fixed,5x5,medium,12,1790,B4,4,84.0,5
original_fixed,5x5,medium,12,1790,B5,3,72.0,8
original_fixed,5x5,medium,12,1790,C1,2,35.0,3
original_fixed,5x5,medium,12,1790,C2,5,72.0,7
original_fixed,5x5,medium,12,1790,C3,0,0.0,3
original_fixed,5x5,medium,12,1790,C4,3,31.0,6
original_fixed,5x5,medium,12,1790,C5,4,76.0,8
original_fixed,5x5,medium,12,1790,D1,2,24.0,2
original_fixed,5x5,medium,12,1790,D2,0,0.0,6
original_fixed,5x5,medium,12,1790,D3,1,4.0,4
original_fixed,5x5,medium,12,1790,D4,1,16.0,7
original_fixed,5x5,medium,12,1790,D5,1,12.0,3
original_fixed,5x5,medium,12,1790,E1,3,59.0,5
original_fixed,5x5,medium,12,1790,E2,1,14.0,6
original_fixed,5x5,medium,12,1790,E3,1,10.0,2
original_fixed,5x5,medium,12,1790,E4,3,61.0,3
original_fixed,5x5,medium,12,1790,E5,2,38.0,4
original_fixed,5x5,medium,12,1790,F1,0,0.0,1
original_fixed,5x5,medium,12,1790,F2,3,48.0,4
original_fixed,5x5,medium,12,1790,F3,4,19.0,7
original_fixed,5x5,medium,12,1790,F4,2,23.0,5
original_fixed,5x5,medium,12,1790,F5,2,60.0,3
original_fixed,5x5,medium,12,1795,B1,2,13.0,2
original_fixed,5x5,medium,12,1795,B2,2,57.0,3
original_fixed,5x5,medium,12,1795,B3,2,43.0,3
original_fixed,5x5,medium,12,1795,B4,5,106.0,5
original_fixed,5x5,medium,12,1795,B5,4,88.0,9
original_fixed,5x5,medium,12,1795,C1,2,45.0,2
original_fixed,5x5,medium,12,1795,C2,5,97.0,7
original_fixed,5x5,medium,12,1795,C3,0,0.0,4
original_fixed,5x5,medium,12,1795,C4,3,46.0,6
original_fixed,5x5,medium,12,1795,C5,4,96.0,9
original_fixed,5x5,medium,12,1795,D1,2,34.0,2
original_fixed,5x5,medium,12,1795,D2,1,1.0,5
original_fixed,5x5,medium,12,1795,D3,1,9.0,4
original_fixed,5x5,medium,12,1795,D4,3,28.0,6
original_fixed,5x5,medium,12,1795,D5,1,17.0,2
original_fixed,5x5,medium,12,1795,E1,4,76.0,7
original_fixed,5x5,medium,12,1795,E2,2,22.0,4
original_fixed,5x5,medium,12,1795,E3,1,15.0,4
original_fixed,5x5,medium,12,1795,E4,3,76.0,5
original_fixed,5x5,medium,12,1795,E5,2,48.0,3
original_fixed,5x5,medium,12,1795,F1,0,0.0,1
original_fixed,5x5,medium,12,1795,F2,3,63.0,6
original_fixed,5x5,medium,12,1795,F3,4,36.0,8
original_fixed,5x5,medium,12,1795,F4,2,33.0,4
original_fixed,5x5,medium,12,1795,F5,2,70.0,5
original_fixed,5x5,medium,12,1800,B1,2,23.0,3
original_fixed,5x5,medium,12,1800,B2,2,67.0,4
original_fixed,5x5,medium,12,1800,B3,2,53.0,3
original_fixed,5x5,medium,12,1800,B4,5,131.0,5
original_fixed,5x5,medium,12,1800,B5,4,108.0,9
original_fixed,5x5,medium,12,1800,C1,2,55.0,3
original_fixed,5x5,medium,12,1800,C2,6,122.0,10
original_fixed,5x5,medium,12,1800,C3,0,0.0,5
original_fixed,5x5,medium,12,1800,C4,5,66.0,7
original_fixed,5x5,medium,12,1800,C5,4,116.0,9
original_fixed,5x5,medium,12,1800,D1,2,44.0,2
original_fixed,5x5,medium,12,1800,D2,1,6.0,4
original_fixed,5x5,medium,12,1800,D3,1,14.0,3
original_fixed,5x5,medium,12,1800,D4,4,47.0,5
original_fixed,5x5,medium,12,1800,D5,1,22.0,3
original_fixed,5x5,medium,12,1800,E1,5,98.0,7
original_fixed,5x5,medium,12,1800,E2,3,32.0,5
original_fixed,5x5,medium,12,1800,E3,1,20.0,4
original_fixed,5x5,medium,12,1800,E4,3,91.0,5
original_fixed,5x5,medium,12,1800,E5,2,58.0,3
original_fixed,5x5,medium,12,1800,F1,0,0.0,0
original_fixed,5x5,medium,12,1800,F2,4,82.0,7
original_fixed,5x5,medium,12,1800,F3,4,56.0,8
original_fixed,5x5,medium,12,1800,F4,2,43.0,4
original_fixed,5x5,medium,12,1800,F5,2,80.0,5
