controller,grid,scenario,seed,time,intersection,queue_length,waiting_time,vehicle_count
ppo,3x3,medium,11,5,B1,0,0.0,0
ppo,3x3,medium,11,5,B2,0,0.0,0
ppo,3x3,medium,11,5,B3,0,0.0,1
ppo,3x3,medium,11,5,C1,0,0.0,0
ppo,3x3,medium,11,5,C2,0,0.0,0
ppo,3x3,medium,11,5,C3,0,0.0,0
ppo,3x3,medium,11,5,D1,0,0.0,0
ppo,3x3,medium,11,5,D2,0,0.0,0
ppo,3x3,medium,11,5,D3,0,0.0,1
ppo,3x3,medium,11,10,B1,0,0.0,0
ppo,3x3,medium,11,10,B2,0,0.0,0
ppo,3x3,medium,11,10,B3,0,0.0,1
ppo,3x3,medium,11,10,C1,0,0.0,0
ppo,3x3,medium,11,10,C2,0,0.0,0
ppo,3x3,medium,11,10,C3,0,0.0,0
ppo,3x3,medium,11,10,D1,0,0.0,0
ppo,3x3,medium,11,10,D2,0,0.0,0
ppo,3x3,medium,11,10,D3,0,0.0,1
ppo,3x3,medium,11,15,B1,0,0.0,0
ppo,3x3,medium,11,15,B2,0,0.0,1
ppo,3x3,medium,11,15,B3,0,0.0,1
ppo,3x3,medium,11,15,C1,0,0.0,0
ppo,3x3,medium,11,15,C2,0,0.0,0
ppo,3x3,medium,11,15,C3,0,0.0,1
ppo,3x3,medium,11,15,D1,0,0.0,0
ppo,3x3,medium,11,15,D2,0,0.0,0
ppo,3x3,medium,11,15,D3,0,0.0,1
ppo,3x3,medium,11,20,B1,0,0.0,0
ppo,3x3,medium,11,20,B2,0,0.0,1
ppo,3x3,medium,11,20,B3,1,1.0,2
ppo,3x3,medium,11,20,C1,0,0.0,0
ppo,3x3,medium,11,20,C2,0,0.0,0
ppo,3x3,medium,11,20,C3,0,0.0,1
ppo,3x3,medium,11,20,D1,0,0.0,0
ppo,3x3,medium,11,20,D2,0,0.0,0
ppo,3x3,medium,11,20,D3,0,0.0,1
ppo,3x3,medium,11,25,B1,0,0.0,1
ppo,3x3,medium,11,25,B2,0,0.0,2
ppo,3x3,medium,11,25,B3,1,6.0,2
ppo,3x3,medium,11,25,C1,0,0.0,0
ppo,3x3,medium,11,25,C2,0,0.0,1
ppo,3x3,medium,11,25,C3,0,0.0,1
ppo,3x3,medium,11,25,D1,0,0.0,2
ppo,3x3,medium,11,25,D2,0,0.0,1
ppo,3x3,medium,11,25,D3,1,5.0,1
ppo,3x3,medium,11,30,B1,0,0.0,2
ppo,3x3,medium,11,30,B2,0,0.0,1
ppo,3x3,medium,11,30,B3,0,0.0,2
ppo,3x3,medium,11,30,C1,0,0.0,0
ppo,3x3,medium,11,30,C2,0,0.0,1
ppo,3x3,medium,11,30,C3,1,2.0,1
ppo,3x3,medium,11,30,D1,0,0.0,2
ppo,3x3,medium,11,30,D2,0,0.0,2
ppo,3x3,medium,11,30,D3,0,0.0,0
ppo,3x3,medium,11,35,B1,0,0.0,2
ppo,3x3,medium,11,35,B2,0,0.0,4
ppo,3x3,medium,11,35,B3,1,3.0,2
ppo,3x3,medium,11,35,C1,0,0.0,0
ppo,3x3,medium,11,35,C2,0,0.0,1
ppo,3x3,medium,11,35,C3,1,7.0,3
ppo,3x3,medium,11,35,D1,0,0.0,2
ppo,3x3,medium,11,35,D2,0,0.0,3
ppo,3x3,medium,11,35,D3,0,0.0,0
ppo,3x3,medium,11,40,B1,0,0.0,3
ppo,3x3,medium,11,40,B2,0,0.0,4
ppo,3x3,medium,11,40,B3,1,8.0,3
ppo,3x3,medium,11,40,C1,0,0.0,3
ppo,3x3,medium,11,40,C2,1,4.0,2
ppo,3x3,medium,11,40,C3,1,12.0,4
ppo,3x3,medium,11,40,D1,0,0.0,2
ppo,3x3,medium,11,40,D2,1,3.0,3
ppo,3x3,medium,11,40,D3,0,0.0,0
ppo,3x3,medium,11,45,B1,1,2.0,3
ppo,3x3,medium,11,45,B2,0,0.0,5
ppo,3x3,medium,11,45,B3,0,0.0,3
ppo,3x3,medium,11,45,C1,0,0.0,3
ppo,3x3,medium,11,45,C2,0,0.0,1
ppo,3x3,medium,11,45,C3,1,1.0,4
ppo,3x3,medium,11,45,D1,0,0.0,1
ppo,3x3,medium,11,45,D2,0,0.0,3
ppo,3x3,medium,11,45,D3,0,0.0,0
ppo,3x3,medium,11,50,B1,0,0.0,3
ppo,3x3,medium,11,50,B2,0,0.0,3
ppo,3x3,medium,11,50,B3,1,4.0,4
ppo,3x3,medium,11,50,C1,0,0.0,4
ppo,3x3,medium,11,50,C2,0,0.0,3
ppo,3x3,medium,11,50,C3,2,7.0,4
ppo,3x3,medium,11,50,D1,0,0.0,2
ppo,3x3,medium,11,50,D2,1,1.0,2
ppo,3x3,medium,11,50,D3,0,0.0,0
ppo,3x3,medium,11,55,B1,0,0.0,3
ppo,3x3,medium,11,55,B2,0,0.0,3
ppo,3x3,medium,11,55,B3,1,9.0,3
ppo,3x3,medium,11,55,C1,1,1.0,5
ppo,3x3,medium,11,55,C2,0,0.0,3
ppo,3x3,medium,11,55,C3,3,19.0,4
ppo,3x3,medium,11,55,D1,0,0.0,2
ppo,3x3,medium,11,55,D2,1,6.0,3
ppo,3x3,medium,11,55,D3,0,0.0,0
ppo,3x3,medium,11,60,B1,0,0.0,5
ppo,3x3,medium,11,60,B2,0,0.0,3
ppo,3x3,medium,11,60,B3,0,0.0,4
ppo,3x3,medium,11,60,C1,1,2.0,5
ppo,3x3,medium,11,60,C2,0,0.0,4
ppo,3x3,medium,11,60,C3,1,7.0,4
ppo,3x3,medium,11,60,D1,0,0.0,2
ppo,3x3,medium,11,60,D2,0,0.0,1
ppo,3x3,medium,11,60,D3,0,0.0,0
ppo,3x3,medium,11,65,B1,0,0.0,4
ppo,3x3,medium,11,65,B2,0,0.0,4
ppo,3x3,medium,11,65,B3,0,0.0,3
ppo,3x3,medium,11,65,C1,1,7.0,4
ppo,3x3,medium,11,65,C2,1,3.0,7
ppo,3x3,medium,11,65,C3,1,2.0,2
ppo,3x3,medium,11,65,D1,0,0.0,2
ppo,3x3,medium,11,65,D2,0,0.0,3
ppo,3x3,medium,11,65,D3,0,0.0,2
ppo,3x3,medium,11,70,B1,0,0.0,3
ppo,3x3,medium,11,70,B2,0,0.0,3
ppo,3x3,medium,11,70,B3,1,4.0,2
ppo,3x3,medium,11,70,C1,1,12.0,4
ppo,3x3,medium,11,70,C2,2,12.0,7
ppo,3x3,medium,11,70,C3,1,7.0,3
ppo,3x3,medium,11,70,D1,0,0.0,2
ppo,3x3,medium,11,70,D2,0,0.0,3
ppo,3x3,medium,11,70,D3,0,0.0,4
ppo,3x3,medium,11,75,B1,0,0.0,4
ppo,3x3,medium,11,75,B2,0,0.0,4
ppo,3x3,medium,11,75,B3,0,0.0,3
ppo,3x3,medium,11,75,C1,0,0.0,2
ppo,3x3,medium,11,75,C2,0,0.0,7
ppo,3x3,medium,11,75,C3,1,1.0,2
ppo,3x3,medium,11,75,D1,0,0.0,2
ppo,3x3,medium,11,75,D2,0,0.0,4
ppo,3x3,medium,11,75,D3,0,0.0,5
ppo,3x3,medium,11,80,B1,0,0.0,6
ppo,3x3,medium,11,80,B2,0,0.0,6
ppo,3x3,medium,11,80,B3,1,2.0,3
ppo,3x3,medium,11,80,C1,0,0.0,2
ppo,3x3,medium,11,80,C2,2,5.0,5
ppo,3x3,medium,11,80,C3,1,6.0,4
ppo,3x3,medium,11,80,D1,1,2.0,4
ppo,3x3,medium,11,80,D2,2,7.0,4
ppo,3x3,medium,11,80,D3,1,2.0,6
ppo,3x3,medium,11,85,B1,1,5.0,9
ppo,3x3,medium,11,85,B2,0,0.0,7
ppo,3x3,medium,11,85,B3,1,7.0,4
ppo,3x3,medium,11,85,C1,0,0.0,3
ppo,3x3,medium,11,85,C2,4,21.0,5
ppo,3x3,medium,11,85,C3,1,11.0,4
ppo,3x3,medium,11,85,D1,1,7.0,4
ppo,3x3,medium,11,85,D2,2,17.0,4
ppo,3x3,medium,11,85,D3,1,7.0,7
ppo,3x3,medium,11,90,B1,3,14.0,8
ppo,3x3,medium,11,90,B2,0,0.0,7
ppo,3x3,medium,11,90,B3,0,0.0,3
ppo,3x3,medium,11,90,C1,0,0.0,3
ppo,3x3,medium,11,90,C2,1,1.0,4
ppo,3x3,medium,11,90,C3,0,0.0,3
ppo,3x3,medium,11,90,D1,0,0.0,3
ppo,3x3,medium,11,90,D2,0,0.0,2
ppo,3x3,medium,11,90,D3,0,0.0,7
ppo,3x3,medium,11,95,B1,2,8.0,7
ppo,3x3,medium,11,95,B2,0,0.0,8
ppo,3x3,medium,11,95,B3,0,0.0,3
ppo,3x3,medium,11,95,C1,1,2.0,5
ppo,3x3,medium,11,95,C2,0,0.0,6
ppo,3x3,medium,11,95,C3,1,2.0,5
ppo,3x3,medium,11,95,D1,1,2.0,4
ppo,3x3,medium,11,95,D2,0,0.0,3
ppo,3x3,medium,11,95,D3,2,3.0,8
ppo,3x3,medium,11,100,B1,3,11.0,6
ppo,3x3,medium,11,100,B2,1,2.0,8
ppo,3x3,medium,11,100,B3,0,0.0,4
ppo,3x3,medium,11,100,C1,2,9.0,7
ppo,3x3,medium,11,100,C2,0,0.0,6
ppo,3x3,medium,11,100,C3,2,12.0,5
ppo,3x3,medium,11,100,D1,2,12.0,6
ppo,3x3,medium,11,100,D2,0,0.0,6
ppo,3x3,medium,11,100,D3,2,13.0,7
ppo,3x3,medium,11,105,B1,3,26.0,4
ppo,3x3,medium,11,105,B2,0,0.0,7
ppo,3x3,medium,11,105,B3,0,0.0,3
ppo,3x3,medium,11,105,C1,0,0.0,7
ppo,3x3,medium,11,105,C2,0,0.0,7
ppo,3x3,medium,11,105,C3,0,0.0,3
ppo,3x3,medium,11,105,D1,0,0.0,5
ppo,3x3,medium,11,105,D2,0,0.0,5
ppo,3x3,medium,11,105,D3,0,0.0,6
ppo,3x3,medium,11,110,B1,1,4.0,4
ppo,3x3,medium,11,110,B2,3,10.0,6
ppo,3x3,medium,11,110,B3,0,0.0,4
ppo,3x3,medium,11,110,C1,2,4.0,8
ppo,3x3,medium,11,110,C2,1,1.0,6
ppo,3x3,medium,11,110,C3,0,0.0,8
ppo,3x3,medium,11,110,D1,1,1.0,5
ppo,3x3,medium,11,110,D2,1,1.0,4
ppo,3x3,medium,11,110,D3,2,4.0,4
ppo,3x3,medium,11,115,B1,1,9.0,6
ppo,3x3,medium,11,115,B2,1,9.0,6
ppo,3x3,medium,11,115,B3,2,7.0,5
ppo,3x3,medium,11,115,C1,4,19.0,9
ppo,3x3,medium,11,115,C2,1,6.0,6
ppo,3x3,medium,11,115,C3,1,5.0,9
ppo,3x3,medium,11,115,D1,2,9.0,7
ppo,3x3,medium,11,115,D2,2,9.0,5
ppo,3x3,medium,11,115,D3,3,15.0,5
ppo,3x3,medium,11,120,B1,1,14.0,7
ppo,3x3,medium,11,120,B2,2,4.0,5
ppo,3x3,medium,11,120,B3,0,0.0,5
ppo,3x3,medium,11,120,C1,2,7.0,7
ppo,3x3,medium,11,120,C2,0,0.0,5
ppo,3x3,medium,11,120,C3,0,0.0,11
ppo,3x3,medium,11,120,D1,2,7.0,6
ppo,3x3,medium,11,120,D2,1,3.0,6
ppo,3x3,medium,11,120,D3,0,0.0,3
ppo,3x3,medium,11,125,B1,0,0.0,7
ppo,3x3,medium,11,125,B2,2,14.0,4
ppo,3x3,medium,11,125,B3,0,0.0,4
ppo,3x3,medium,11,125,C1,1,5.0,8
ppo,3x3,medium,11,125,C2,1,2.0,6
ppo,3x3,medium,11,125,C3,3,6.0,12
ppo,3x3,medium,11,125,D1,1,2.0,7
ppo,3x3,medium,11,125,D2,1,8.0,10
ppo,3x3,medium,11,125,D3,0,0.0,2
ppo,3x3,medium,11,130,B1,0,0.0,5
ppo,3x3,medium,11,130,B2,2,24.0,5
ppo,3x3,medium,11,130,B3,1,5.0,4
ppo,3x3,medium,11,130,C1,3,15.0,10
ppo,3x3,medium,11,130,C2,1,7.0,7
ppo,3x3,medium,11,130,C3,5,29.0,11
ppo,3x3,medium,11,130,D1,3,11.0,7
ppo,3x3,medium,11,130,D2,1,13.0,11
ppo,3x3,medium,11,130,D3,0,0.0,2
ppo,3x3,medium,11,135,B1,1,4.0,4
ppo,3x3,medium,11,135,B2,0,0.0,5
ppo,3x3,medium,11,135,B3,0,0.0,5
ppo,3x3,medium,11,135,C1,2,2.0,11
ppo,3x3,medium,11,135,C2,0,0.0,5
ppo,3x3,medium,11,135,C3,3,15.0,9
ppo,3x3,medium,11,135,D1,0,0.0,6
ppo,3x3,medium,11,135,D2,1,2.0,11
ppo,3x3,medium,11,135,D3,0,0.0,2
ppo,3x3,medium,11,140,B1,1,9.0,4
ppo,3x3,medium,11,140,B2,0,0.0,3
ppo,3x3,medium,11,140,B3,0,0.0,7
ppo,3x3,medium,11,140,C1,2,12.0,12
ppo,3x3,medium,11,140,C2,1,1.0,5
ppo,3x3,medium,11,140,C3,3,15.0,7
ppo,3x3,medium,11,140,D1,1,1.0,8
ppo,3x3,medium,11,140,D2,3,8.0,12
ppo,3x3,medium,11,140,D3,0,0.0,6
ppo,3x3,medium,11,145,B1,0,0.0,4
ppo,3x3,medium,11,145,B2,0,0.0,2
ppo,3x3,medium,11,145,B3,1,2.0,8
ppo,3x3,medium,11,145,C1,5,33.0,11
ppo,3x3,medium,11,145,C2,3,14.0,8
ppo,3x3,medium,11,145,C3,3,30.0,6
ppo,3x3,medium,11,145,D1,3,14.0,9
ppo,3x3,medium,11,145,D2,4,21.0,10
ppo,3x3,medium,11,145,D3,0,0.0,8
ppo,3x3,medium,11,150,B1,1,4.0,9
ppo,3x3,medium,11,150,B2,0,0.0,1
ppo,3x3,medium,11,150,B3,1,1.0,6
ppo,3x3,medium,11,150,C1,1,6.0,10
ppo,3x3,medium,11,150,C2,1,8.0,8
ppo,3x3,medium,11,150,C3,3,15.0,5
ppo,3x3,medium,11,150,D1,0,0.0,9
ppo,3x3,medium,11,150,D2,3,16.0,7
ppo,3x3,medium,11,150,D3,0,0.0,7
ppo,3x3,medium,11,155,B1,1,9.0,9
ppo,3x3,medium,11,155,B2,0,0.0,3
ppo,3x3,medium,11,155,B3,3,10.0,5
ppo,3x3,medium,11,155,C1,3,6.0,7
ppo,3x3,medium,11,155,C2,1,3.0,10
ppo,3x3,medium,11,155,C3,2,13.0,5
ppo,3x3,medium,11,155,D1,1,2.0,12
ppo,3x3,medium,11,155,D2,3,13.0,7
ppo,3x3,medium,11,155,D3,2,8.0,7
ppo,3x3,medium,11,160,B1,0,0.0,9
ppo,3x3,medium,11,160,B2,0,0.0,4
ppo,3x3,medium,11,160,B3,2,19.0,3
ppo,3x3,medium,11,160,C1,3,21.0,7
ppo,3x3,medium,11,160,C2,1,8.0,7
ppo,3x3,medium,11,160,C3,2,23.0,4
ppo,3x3,medium,11,160,D1,4,18.0,10
ppo,3x3,medium,11,160,D2,3,28.0,8
ppo,3x3,medium,11,160,D3,2,18.0,7
ppo,3x3,medium,11,165,B1,2,9.0,7
ppo,3x3,medium,11,165,B2,0,0.0,5
ppo,3x3,medium,11,165,B3,0,0.0,2
ppo,3x3,medium,11,165,C1,1,2.0,7
ppo,3x3,medium,11,165,C2,0,0.0,4
ppo,3x3,medium,11,165,C3,0,0.0,3
ppo,3x3,medium,11,165,D1,2,4.0,10
ppo,3x3,medium,11,165,D2,1,12.0,10
ppo,3x3,medium,11,165,D3,0,0.0,6
ppo,3x3,medium,11,170,B1,5,28.0,8
ppo,3x3,medium,11,170,B2,0,0.0,6
ppo,3x3,medium,11,170,B3,0,0.0,3
ppo,3x3,medium,11,170,C1,1,7.0,5
ppo,3x3,medium,11,170,C2,1,1.0,4
ppo,3x3,medium,11,170,C3,0,0.0,1
ppo,3x3,medium,11,170,D1,4,13.0,11
ppo,3x3,medium,11,170,D2,0,0.0,12
ppo,3x3,medium,11,170,D3,1,1.0,6
ppo,3x3,medium,11,175,B1,2,7.0,7
ppo,3x3,medium,11,175,B2,0,0.0,6
ppo,3x3,medium,11,175,B3,0,0.0,4
ppo,3x3,medium,11,175,C1,2,13.0,4
ppo,3x3,medium,11,175,C2,2,10.0,6
ppo,3x3,medium,11,175,C3,1,5.0,1
ppo,3x3,medium,11,175,D1,5,37.0,10
ppo,3x3,medium,11,175,D2,3,11.0,11
ppo,3x3,medium,11,175,D3,5,20.0,7
ppo,3x3,medium,11,180,B1,0,0.0,5
ppo,3x3,medium,11,180,B2,1,3.0,6
ppo,3x3,medium,11,180,B3,0,0.0,4
ppo,3x3,medium,11,180,C1,1,2.0,3
ppo,3x3,medium,11,180,C2,0,0.0,6
ppo,3x3,medium,11,180,C3,0,0.0,0
ppo,3x3,medium,11,180,D1,2,21.0,7
ppo,3x3,medium,11,180,D2,1,4.0,10
ppo,3x3,medium,11,180,D3,1,6.0,6
ppo,3x3,medium,11,185,B1,0,0.0,3
ppo,3x3,medium,11,185,B2,0,0.0,3
ppo,3x3,medium,11,185,B3,0,0.0,5
ppo,3x3,medium,11,185,C1,2,10.0,6
ppo,3x3,medium,11,185,C2,1,4.0,4
ppo,3x3,medium,11,185,C3,0,0.0,2
ppo,3x3,medium,11,185,D1,0,0.0,8
ppo,3x3,medium,11,185,D2,5,7.0,12
ppo,3x3,medium,11,185,D3,1,2.0,4
ppo,3x3,medium,11,190,B1,0,0.0,3
ppo,3x3,medium,11,190,B2,0,0.0,2
ppo,3x3,medium,11,190,B3,2,2.0,6
ppo,3x3,medium,11,190,C1,2,20.0,7
ppo,3x3,medium,11,190,C2,2,12.0,5
ppo,3x3,medium,11,190,C3,0,0.0,4
ppo,3x3,medium,11,190,D1,2,8.0,7
ppo,3x3,medium,11,190,D2,3,19.0,11
ppo,3x3,medium,11,190,D3,0,0.0,5
ppo,3x3,medium,11,195,B1,0,0.0,7
ppo,3x3,medium,11,195,B2,0,0.0,1
ppo,3x3,medium,11,195,B3,3,14.0,8
ppo,3x3,medium,11,195,C1,1,4.0,7
ppo,3x3,medium,11,195,C2,0,0.0,5
ppo,3x3,medium,11,195,C3,0,0.0,5
ppo,3x3,medium,11,195,D1,0,0.0,5
ppo,3x3,medium,11,195,D2,1,2.0,9
ppo,3x3,medium,11,195,D3,0,0.0,5
ppo,3x3,medium,11,200,B1,0,0.0,7
ppo,3x3,medium,11,200,B2,0,0.0,2
ppo,3x3,medium,11,200,B3,0,0.0,7
ppo,3x3,medium,11,200,C1,2,4.0,6
ppo,3x3,medium,11,200,C2,0,0.0,6
ppo,3x3,medium,11,200,C3,0,0.0,7
ppo,3x3,medium,11,200,D1,1,3.0,6
ppo,3x3,medium,11,200,D2,3,11.0,9
ppo,3x3,medium,11,200,D3,2,7.0,7
ppo,3x3,medium,11,205,B1,0,0.0,7
ppo,3x3,medium,11,205,B2,0,0.0,4
ppo,3x3,medium,11,205,B3,3,5.0,7
ppo,3x3,medium,11,205,C1,2,14.0,4
ppo,3x3,medium,11,205,C2,1,1.0,7
ppo,3x3,medium,11,205,C3,3,9.0,9
ppo,3x3,medium,11,205,D1,1,3.0,7
ppo,3x3,medium,11,205,D2,4,31.0,8
ppo,3x3,medium,11,205,D3,2,17.0,8
ppo,3x3,medium,11,210,B1,0,0.0,4
ppo,3x3,medium,11,210,B2,0,0.0,4
ppo,3x3,medium,11,210,B3,3,20.0,5
ppo,3x3,medium,11,210,C1,0,0.0,4
ppo,3x3,medium,11,210,C2,0,0.0,6
ppo,3x3,medium,11,210,C3,1,3.0,9
ppo,3x3,medium,11,210,D1,0,0.0,7
ppo,3x3,medium,11,210,D2,2,22.0,6
ppo,3x3,medium,11,210,D3,1,4.0,8
ppo,3x3,medium,11,215,B1,1,1.0,3
ppo,3x3,medium,11,215,B2,0,0.0,7
ppo,3x3,medium,11,215,B3,1,1.0,4
ppo,3x3,medium,11,215,C1,0,0.0,5
ppo,3x3,medium,11,215,C2,2,8.0,8
ppo,3x3,medium,11,215,C3,3,2.0,9
ppo,3x3,medium,11,215,D1,0,0.0,8
ppo,3x3,medium,11,215,D2,2,6.0,6
ppo,3x3,medium,11,215,D3,3,8.0,8
ppo,3x3,medium,11,220,B1,0,0.0,4
ppo,3x3,medium,11,220,B2,0,0.0,8
ppo,3x3,medium,11,220,B3,2,11.0,5
ppo,3x3,medium,11,220,C1,1,4.0,7
ppo,3x3,medium,11,220,C2,4,27.0,10
ppo,3x3,medium,11,220,C3,3,17.0,11
ppo,3x3,medium,11,220,D1,2,7.0,7
ppo,3x3,medium,11,220,D2,3,17.0,8
ppo,3x3,medium,11,220,D3,3,19.0,7
ppo,3x3,medium,11,225,B1,1,3.0,4
ppo,3x3,medium,11,225,B2,1,5.0,8
ppo,3x3,medium,11,225,B3,2,21.0,6
ppo,3x3,medium,11,225,C1,0,0.0,5
ppo,3x3,medium,11,225,C2,2,19.0,11
ppo,3x3,medium,11,225,C3,2,3.0,12
ppo,3x3,medium,11,225,D1,0,0.0,6
ppo,3x3,medium,11,225,D2,1,2.0,7
ppo,3x3,medium,11,225,D3,1,7.0,6
ppo,3x3,medium,11,230,B1,1,8.0,4
ppo,3x3,medium,11,230,B2,2,11.0,9
ppo,3x3,medium,11,230,B3,0,0.0,5
ppo,3x3,medium,11,230,C1,0,0.0,5
ppo,3x3,medium,11,230,C2,0,0.0,11
ppo,3x3,medium,11,230,C3,3,16.0,13
ppo,3x3,medium,11,230,D1,0,0.0,9
ppo,3x3,medium,11,230,D2,3,12.0,7
ppo,3x3,medium,11,230,D3,3,9.0,6
ppo,3x3,medium,11,235,B1,0,0.0,5
ppo,3x3,medium,11,235,B2,0,0.0,10
ppo,3x3,medium,11,235,B3,0,0.0,2
ppo,3x3,medium,11,235,C1,1,3.0,3
ppo,3x3,medium,11,235,C2,4,9.0,13
ppo,3x3,medium,11,235,C3,4,35.0,12
ppo,3x3,medium,11,235,D1,1,2.0,12
ppo,3x3,medium,11,235,D2,4,28.0,7
ppo,3x3,medium,11,235,D3,3,24.0,6
ppo,3x3,medium,11,240,B1,1,1.0,5
ppo,3x3,medium,11,240,B2,2,4.0,10
ppo,3x3,medium,11,240,B3,0,0.0,3
ppo,3x3,medium,11,240,C1,0,0.0,2
ppo,3x3,medium,11,240,C2,2,10.0,12
ppo,3x3,medium,11,240,C3,2,17.0,11
ppo,3x3,medium,11,240,D1,0,0.0,12
ppo,3x3,medium,11,240,D2,2,9.0,7
ppo,3x3,medium,11,240,D3,1,12.0,5
ppo,3x3,medium,11,245,B1,1,6.0,8
ppo,3x3,medium,11,245,B2,3,16.0,10
ppo,3x3,medium,11,245,B3,2,6.0,4
ppo,3x3,medium,11,245,C1,0,0.0,6
ppo,3x3,medium,11,245,C2,3,11.0,12
ppo,3x3,medium,11,245,C3,3,11.0,12
ppo,3x3,medium,11,245,D1,3,10.0,10
ppo,3x3,medium,11,245,D2,1,1.0,9
ppo,3x3,medium,11,245,D3,0,0.0,3
ppo,3x3,medium,11,250,B1,1,11.0,7
ppo,3x3,medium,11,250,B2,1,2.0,9
ppo,3x3,medium,11,250,B3,1,2.0,6
ppo,3x3,medium,11,250,C1,1,5.0,7
ppo,3x3,medium,11,250,C2,5,32.0,13
ppo,3x3,medium,11,250,C3,4,31.0,12
ppo,3x3,medium,11,250,D1,6,33.0,11
ppo,3x3,medium,11,250,D2,3,12.0,9
ppo,3x3,medium,11,250,D3,2,5.0,4
ppo,3x3,medium,11,255,B1,0,0.0,7
ppo,3x3,medium,11,255,B2,7,23.0,11
ppo,3x3,medium,11,255,B3,2,12.0,7
ppo,3x3,medium,11,255,C1,0,0.0,6
ppo,3x3,medium,11,255,C2,5,19.0,14
ppo,3x3,medium,11,255,C3,3,24.0,10
ppo,3x3,medium,11,255,D1,4,22.0,10
ppo,3x3,medium,11,255,D2,1,1.0,9
ppo,3x3,medium,11,255,D3,1,4.0,3
ppo,3x3,medium,11,260,B1,0,0.0,7
ppo,3x3,medium,11,260,B2,6,50.0,13
ppo,3x3,medium,11,260,B3,3,24.0,9
ppo,3x3,medium,11,260,C1,0,0.0,7
ppo,3x3,medium,11,260,C2,4,21.0,14
ppo,3x3,medium,11,260,C3,3,14.0,12
ppo,3x3,medium,11,260,D1,3,15.0,12
ppo,3x3,medium,11,260,D2,3,11.0,9
ppo,3x3,medium,11,260,D3,0,0.0,2
ppo,3x3,medium,11,265,B1,1,2.0,5
ppo,3x3,medium,11,265,B2,3,25.0,11
ppo,3x3,medium,11,265,B3,2,9.0,8
ppo,3x3,medium,11,265,C1,3,12.0,10
ppo,3x3,medium,11,265,C2,4,41.0,12
ppo,3x3,medium,11,265,C3,5,36.0,11
ppo,3x3,medium,11,265,D1,5,35.0,11
ppo,3x3,medium,11,265,D2,5,33.0,13
ppo,3x3,medium,11,265,D3,0,0.0,2
ppo,3x3,medium,11,270,B1,1,7.0,5
ppo,3x3,medium,11,270,B2,0,0.0,7
ppo,3x3,medium,11,270,B3,0,0.0,7
ppo,3x3,medium,11,270,C1,1,5.0,8
ppo,3x3,medium,11,270,C2,1,11.0,10
ppo,3x3,medium,11,270,C3,1,12.0,8
ppo,3x3,medium,11,270,D1,1,6.0,9
ppo,3x3,medium,11,270,D2,3,29.0,11
ppo,3x3,medium,11,270,D3,0,0.0,3
ppo,3x3,medium,11,275,B1,0,0.0,3
ppo,3x3,medium,11,275,B2,0,0.0,6
ppo,3x3,medium,11,275,B3,1,4.0,7
ppo,3x3,medium,11,275,C1,2,2.0,7
ppo,3x3,medium,11,275,C2,3,8.0,12
ppo,3x3,medium,11,275,C3,1,1.0,6
ppo,3x3,medium,11,275,D1,1,5.0,6
ppo,3x3,medium,11,275,D2,1,4.0,9
ppo,3x3,medium,11,275,D3,0,0.0,6
ppo,3x3,medium,11,280,B1,0,0.0,4
ppo,3x3,medium,11,280,B2,2,8.0,6
ppo,3x3,medium,11,280,B3,1,1.0,6
ppo,3x3,medium,11,280,C1,4,17.0,7
ppo,3x3,medium,11,280,C2,4,21.0,13
ppo,3x3,medium,11,280,C3,2,8.0,7
ppo,3x3,medium,11,280,D1,4,19.0,6
ppo,3x3,medium,11,280,D2,3,15.0,6
ppo,3x3,medium,11,280,D3,1,3.0,9
ppo,3x3,medium,11,285,B1,0,0.0,7
ppo,3x3,medium,11,285,B2,1,1.0,9
ppo,3x3,medium,11,285,B3,2,8.0,4
ppo,3x3,medium,11,285,C1,1,6.0,5
ppo,3x3,medium,11,285,C2,1,1.0,12
ppo,3x3,medium,11,285,C3,0,0.0,8
ppo,3x3,medium,11,285,D1,1,8.0,6
ppo,3x3,medium,11,285,D2,1,7.0,7
ppo,3x3,medium,11,285,D3,0,0.0,7
ppo,3x3,medium,11,290,B1,0,0.0,10
ppo,3x3,medium,11,290,B2,2,10.0,11
ppo,3x3,medium,11,290,B3,3,19.0,4
ppo,3x3,medium,11,290,C1,0,0.0,4
ppo,3x3,medium,11,290,C2,4,13.0,13
ppo,3x3,medium,11,290,C3,2,6.0,9
ppo,3x3,medium,11,290,D1,1,5.0,5
ppo,3x3,medium,11,290,D2,2,6.0,10
ppo,3x3,medium,11,290,D3,1,2.0,7
ppo,3x3,medium,11,295,B1,0,0.0,11
ppo,3x3,medium,11,295,B2,4,26.0,12
ppo,3x3,medium,11,295,B3,0,0.0,2
ppo,3x3,medium,11,295,C1,0,0.0,3
ppo,3x3,medium,11,295,C2,6,39.0,13
ppo,3x3,medium,11,295,C3,5,25.0,10
ppo,3x3,medium,11,295,D1,1,10.0,6
ppo,3x3,medium,11,295,D2,2,16.0,9
ppo,3x3,medium,11,295,D3,4,18.0,6
ppo,3x3,medium,11,300,B1,2,3.0,11
ppo,3x3,medium,11,300,B2,3,8.0,12
ppo,3x3,medium,11,300,B3,0,0.0,1
ppo,3x3,medium,11,300,C1,0,0.0,3
ppo,3x3,medium,11,300,C2,4,33.0,11
ppo,3x3,medium,11,300,C3,3,20.0,11
ppo,3x3,medium,11,300,D1,0,0.0,5
ppo,3x3,medium,11,300,D2,1,5.0,8
ppo,3x3,medium,11,300,D3,1,7.0,4
ppo,3x3,medium,11,305,B1,3,8.0,10
ppo,3x3,medium,11,305,B2,2,9.0,14
ppo,3x3,medium,11,305,B3,0,0.0,3
ppo,3x3,medium,11,305,C1,0,0.0,4
ppo,3x3,medium,11,305,C2,1,2.0,10
ppo,3x3,medium,11,305,C3,2,6.0,11
ppo,3x3,medium,11,305,D1,1,2.0,5
ppo,3x3,medium,11,305,D2,1,1.0,8
ppo,3x3,medium,11,305,D3,0,0.0,2
ppo,3x3,medium,11,310,B1,3,14.0,8
ppo,3x3,medium,11,310,B2,8,37.0,15
ppo,3x3,medium,11,310,B3,0,0.0,5
ppo,3x3,medium,11,310,C1,0,0.0,3
ppo,3x3,medium,11,310,C2,2,8.0,10
ppo,3x3,medium,11,310,C3,3,19.0,10
ppo,3x3,medium,11,310,D1,2,8.0,5
ppo,3x3,medium,11,310,D2,1,4.0,7
ppo,3x3,medium,11,310,D3,0,0.0,3
ppo,3x3,medium,11,315,B1,3,29.0,7
ppo,3x3,medium,11,315,B2,3,6.0,16
ppo,3x3,medium,11,315,B3,0,0.0,8
ppo,3x3,medium,11,315,C1,0,0.0,4
ppo,3x3,medium,11,315,C2,1,2.0,9
ppo,3x3,medium,11,315,C3,1,5.0,8
ppo,3x3,medium,11,315,D1,0,0.0,4
ppo,3x3,medium,11,315,D2,0,0.0,5
ppo,3x3,medium,11,315,D3,0,0.0,3
ppo,3x3,medium,11,320,B1,1,1.0,6
ppo,3x3,medium,11,320,B2,6,16.0,15
ppo,3x3,medium,11,320,B3,0,0.0,11
ppo,3x3,medium,11,320,C1,1,1.0,5
ppo,3x3,medium,11,320,C2,3,14.0,8
ppo,3x3,medium,11,320,C3,2,7.0,6
ppo,3x3,medium,11,320,D1,1,4.0,3
ppo,3x3,medium,11,320,D2,2,8.0,6
ppo,3x3,medium,11,320,D3,0,0.0,6
ppo,3x3,medium,11,325,B1,3,10.0,8
ppo,3x3,medium,11,325,B2,9,58.0,18
ppo,3x3,medium,11,325,B3,2,8.0,11
ppo,3x3,medium,11,325,C1,2,11.0,4
ppo,3x3,medium,11,325,C2,4,32.0,5
ppo,3x3,medium,11,325,C3,4,26.0,6
ppo,3x3,medium,11,325,D1,1,9.0,4
ppo,3x3,medium,11,325,D2,2,18.0,5
ppo,3x3,medium,11,325,D3,0,0.0,8
ppo,3x3,medium,11,330,B1,3,25.0,10
ppo,3x3,medium,11,330,B2,6,34.0,17
ppo,3x3,medium,11,330,B3,3,19.0,12
ppo,3x3,medium,11,330,C1,1,4.0,4
ppo,3x3,medium,11,330,C2,2,20.0,5
ppo,3x3,medium,11,330,C3,2,5.0,4
ppo,3x3,medium,11,330,D1,0,0.0,5
ppo,3x3,medium,11,330,D2,0,0.0,4
ppo,3x3,medium,11,330,D3,0,0.0,9
ppo,3x3,medium,11,335,B1,3,15.0,11
ppo,3x3,medium,11,335,B2,5,22.0,14
ppo,3x3,medium,11,335,B3,3,11.0,13
ppo,3x3,medium,11,335,C1,0,0.0,3
ppo,3x3,medium,11,335,C2,1,1.0,4
ppo,3x3,medium,11,335,C3,3,19.0,4
ppo,3x3,medium,11,335,D1,0,0.0,8
ppo,3x3,medium,11,335,D2,0,0.0,4
ppo,3x3,medium,11,335,D3,2,8.0,11
ppo,3x3,medium,11,340,B1,2,14.0,9
ppo,3x3,medium,11,340,B2,7,52.0,11
ppo,3x3,medium,11,340,B3,3,11.0,11
ppo,3x3,medium,11,340,C1,0,0.0,4
ppo,3x3,medium,11,340,C2,1,6.0,4
ppo,3x3,medium,11,340,C3,3,34.0,6
ppo,3x3,medium,11,340,D1,0,0.0,8
ppo,3x3,medium,11,340,D2,0,0.0,4
ppo,3x3,medium,11,340,D3,5,28.0,10
ppo,3x3,medium,11,345,B1,3,28.0,8
ppo,3x3,medium,11,345,B2,5,32.0,10
ppo,3x3,medium,11,345,B3,6,32.0,11
ppo,3x3,medium,11,345,C1,0,0.0,6
ppo,3x3,medium,11,345,C2,0,0.0,2
ppo,3x3,medium,11,345,C3,1,14.0,8
ppo,3x3,medium,11,345,D1,0,0.0,7
ppo,3x3,medium,11,345,D2,0,0.0,4
ppo,3x3,medium,11,345,D3,2,15.0,8
ppo,3x3,medium,11,350,B1,1,9.0,6
ppo,3x3,medium,11,350,B2,0,0.0,10
ppo,3x3,medium,11,350,B3,6,27.0,12
ppo,3x3,medium,11,350,C1,1,1.0,7
ppo,3x3,medium,11,350,C2,0,0.0,5
ppo,3x3,medium,11,350,C3,0,0.0,5
ppo,3x3,medium,11,350,D1,1,1.0,5
ppo,3x3,medium,11,350,D2,2,2.0,6
ppo,3x3,medium,11,350,D3,1,2.0,8
ppo,3x3,medium,11,355,B1,0,0.0,2
ppo,3x3,medium,11,355,B2,1,1.0,10
ppo,3x3,medium,11,355,B3,2,14.0,10
ppo,3x3,medium,11,355,C1,2,10.0,10
ppo,3x3,medium,11,355,C2,0,0.0,6
ppo,3x3,medium,11,355,C3,0,0.0,8
ppo,3x3,medium,11,355,D1,2,9.0,6
ppo,3x3,medium,11,355,D2,3,13.0,7
ppo,3x3,medium,11,355,D3,4,18.0,10
ppo,3x3,medium,11,360,B1,0,0.0,4
ppo,3x3,medium,11,360,B2,1,2.0,9
ppo,3x3,medium,11,360,B3,2,24.0,10
ppo,3x3,medium,11,360,C1,1,2.0,12
ppo,3x3,medium,11,360,C2,0,0.0,8
ppo,3x3,medium,11,360,C3,0,0.0,6
ppo,3x3,medium,11,360,D1,0,0.0,6
ppo,3x3,medium,11,360,D2,0,0.0,6
ppo,3x3,medium,11,360,D3,0,0.0,9
ppo,3x3,medium,11,365,B1,0,0.0,5
ppo,3x3,medium,11,365,B2,5,20.0,9
ppo,3x3,medium,11,365,B3,3,4.0,12
ppo,3x3,medium,11,365,C1,1,7.0,9
ppo,3x3,medium,11,365,C2,5,12.0,10
ppo,3x3,medium,11,365,C3,1,1.0,7
ppo,3x3,medium,11,365,D1,3,10.0,8
ppo,3x3,medium,11,365,D2,0,0.0,3
ppo,3x3,medium,11,365,D3,2,8.0,10
ppo,3x3,medium,11,370,B1,1,3.0,6
ppo,3x3,medium,11,370,B2,6,49.0,9
ppo,3x3,medium,11,370,B3,3,14.0,10
ppo,3x3,medium,11,370,C1,2,14.0,11
ppo,3x3,medium,11,370,C2,5,37.0,13
ppo,3x3,medium,11,370,C3,1,6.0,7
ppo,3x3,medium,11,370,D1,5,33.0,9
ppo,3x3,medium,11,370,D2,1,2.0,2
ppo,3x3,medium,11,370,D3,6,29.0,9
ppo,3x3,medium,11,375,B1,2,9.0,6
ppo,3x3,medium,11,375,B2,4,47.0,8
ppo,3x3,medium,11,375,B3,4,31.0,9
ppo,3x3,medium,11,375,C1,3,7.0,10
ppo,3x3,medium,11,375,C2,4,19.0,13
ppo,3x3,medium,11,375,C3,0,0.0,6
ppo,3x3,medium,11,375,D1,2,18.0,7
ppo,3x3,medium,11,375,D2,0,0.0,1
ppo,3x3,medium,11,375,D3,4,25.0,9
ppo,3x3,medium,11,380,B1,0,0.0,7
ppo,3x3,medium,11,380,B2,1,5.0,9
ppo,3x3,medium,11,380,B3,3,22.0,9
ppo,3x3,medium,11,380,C1,3,14.0,10
ppo,3x3,medium,11,380,C2,0,0.0,14
ppo,3x3,medium,11,380,C3,0,0.0,5
ppo,3x3,medium,11,380,D1,0,0.0,6
ppo,3x3,medium,11,380,D2,0,0.0,4
ppo,3x3,medium,11,380,D3,1,4.0,7
ppo,3x3,medium,11,385,B1,0,0.0,6
ppo,3x3,medium,11,385,B2,2,12.0,11
ppo,3x3,medium,11,385,B3,4,19.0,8
ppo,3x3,medium,11,385,C1,3,29.0,10
ppo,3x3,medium,11,385,C2,3,10.0,17
ppo,3x3,medium,11,385,C3,0,0.0,7
ppo,3x3,medium,11,385,D1,2,8.0,5
ppo,3x3,medium,11,385,D2,0,0.0,7
ppo,3x3,medium,11,385,D3,1,9.0,5
ppo,3x3,medium,11,390,B1,1,3.0,5
ppo,3x3,medium,11,390,B2,1,2.0,10
ppo,3x3,medium,11,390,B3,4,39.0,6
ppo,3x3,medium,11,390,C1,1,1.0,8
ppo,3x3,medium,11,390,C2,3,8.0,16
ppo,3x3,medium,11,390,C3,1,2.0,11
ppo,3x3,medium,11,390,D1,1,1.0,4
ppo,3x3,medium,11,390,D2,0,0.0,8
ppo,3x3,medium,11,390,D3,1,2.0,3
ppo,3x3,medium,11,395,B1,1,1.0,6
ppo,3x3,medium,11,395,B2,3,12.0,8
ppo,3x3,medium,11,395,B3,1,4.0,4
ppo,3x3,medium,11,395,C1,3,15.0,6
ppo,3x3,medium,11,395,C2,4,19.0,17
ppo,3x3,medium,11,395,C3,2,8.0,14
ppo,3x3,medium,11,395,D1,2,10.0,5
ppo,3x3,medium,11,395,D2,1,4.0,6
ppo,3x3,medium,11,395,D3,3,11.0,4
ppo,3x3,medium,11,400,B1,1,6.0,6
ppo,3x3,medium,11,400,B2,3,27.0,6
ppo,3x3,medium,11,400,B3,1,1.0,5
ppo,3x3,medium,11,400,C1,5,37.0,8
ppo,3x3,medium,11,400,C2,11,62.0,17
ppo,3x3,medium,11,400,C3,6,30.0,15
ppo,3x3,medium,11,400,D1,3,21.0,5
ppo,3x3,medium,11,400,D2,2,14.0,5
ppo,3x3,medium,11,400,D3,3,26.0,7
ppo,3x3,medium,11,405,B1,1,11.0,6
ppo,3x3,medium,11,405,B2,1,11.0,4
ppo,3x3,medium,11,405,B3,1,6.0,7
ppo,3x3,medium,11,405,C1,1,7.0,7
ppo,3x3,medium,11,405,C2,6,48.0,16
ppo,3x3,medium,11,405,C3,5,20.0,15
ppo,3x3,medium,11,405,D1,0,0.0,3
ppo,3x3,medium,11,405,D2,0,0.0,5
ppo,3x3,medium,11,405,D3,0,0.0,6
ppo,3x3,medium,11,410,B1,0,0.0,5
ppo,3x3,medium,11,410,B2,0,0.0,1
ppo,3x3,medium,11,410,B3,0,0.0,6
ppo,3x3,medium,11,410,C1,0,0.0,6
ppo,3x3,medium,11,410,C2,5,17.0,20
ppo,3x3,medium,11,410,C3,2,8.0,13
ppo,3x3,medium,11,410,D1,0,0.0,2
ppo,3x3,medium,11,410,D2,0,0.0,8
ppo,3x3,medium,11,410,D3,0,0.0,7
ppo,3x3,medium,11,415,B1,1,3.0,3
ppo,3x3,medium,11,415,B2,0,0.0,3
ppo,3x3,medium,11,415,B3,0,0.0,8
ppo,3x3,medium,11,415,C1,1,3.0,6
ppo,3x3,medium,11,415,C2,7,47.0,21
ppo,3x3,medium,11,415,C3,3,19.0,13
ppo,3x3,medium,11,415,D1,1,1.0,4
ppo,3x3,medium,11,415,D2,0,0.0,6
ppo,3x3,medium,11,415,D3,2,5.0,8
ppo,3x3,medium,11,420,B1,2,13.0,4
ppo,3x3,medium,11,420,B2,0,0.0,2
ppo,3x3,medium,11,420,B3,0,0.0,6
ppo,3x3,medium,11,420,C1,0,0.0,6
ppo,3x3,medium,11,420,C2,6,27.0,19
ppo,3x3,medium,11,420,C3,5,16.0,14
ppo,3x3,medium,11,420,D1,0,0.0,6
ppo,3x3,medium,11,420,D2,0,0.0,6
ppo,3x3,medium,11,420,D3,1,4.0,7
ppo,3x3,medium,11,425,B1,0,0.0,3
ppo,3x3,medium,11,425,B2,0,0.0,3
ppo,3x3,medium,11,425,B3,0,0.0,6
ppo,3x3,medium,11,425,C1,1,2.0,7
ppo,3x3,medium,11,425,C2,6,21.0,19
ppo,3x3,medium,11,425,C3,5,21.0,18
ppo,3x3,medium,11,425,D1,1,1.0,8
ppo,3x3,medium,11,425,D2,2,4.0,4
ppo,3x3,medium,11,425,D3,1,1.0,7
ppo,3x3,medium,11,430,B1,1,4.0,4
ppo,3x3,medium,11,430,B2,2,2.0,3
ppo,3x3,medium,11,430,B3,1,3.0,4
ppo,3x3,medium,11,430,C1,1,7.0,8
ppo,3x3,medium,11,430,C2,9,60.0,17
ppo,3x3,medium,11,430,C3,7,50.0,18
ppo,3x3,medium,11,430,D1,1,6.0,12
ppo,3x3,medium,11,430,D2,3,17.0,6
ppo,3x3,medium,11,430,D3,1,6.0,7
ppo,3x3,medium,11,435,B1,1,9.0,4
ppo,3x3,medium,11,435,B2,0,0.0,4
ppo,3x3,medium,11,435,B3,1,8.0,3
ppo,3x3,medium,11,435,C1,0,0.0,5
ppo,3x3,medium,11,435,C2,6,50.0,14
ppo,3x3,medium,11,435,C3,4,34.0,18
ppo,3x3,medium,11,435,D1,0,0.0,11
ppo,3x3,medium,11,435,D2,0,0.0,4
ppo,3x3,medium,11,435,D3,0,0.0,5
ppo,3x3,medium,11,440,B1,0,0.0,4
ppo,3x3,medium,11,440,B2,0,0.0,5
ppo,3x3,medium,11,440,B3,0,0.0,4
ppo,3x3,medium,11,440,C1,1,1.0,7
ppo,3x3,medium,11,440,C2,3,13.0,12
ppo,3x3,medium,11,440,C3,5,16.0,18
ppo,3x3,medium,11,440,D1,1,3.0,11
ppo,3x3,medium,11,440,D2,0,0.0,5
ppo,3x3,medium,11,440,D3,0,0.0,5
ppo,3x3,medium,11,445,B1,1,2.0,4
ppo,3x3,medium,11,445,B2,1,3.0,6
ppo,3x3,medium,11,445,B3,0,0.0,5
ppo,3x3,medium,11,445,C1,1,6.0,6
ppo,3x3,medium,11,445,C2,3,26.0,11
ppo,3x3,medium,11,445,C3,10,58.0,21
ppo,3x3,medium,11,445,D1,2,11.0,9
ppo,3x3,medium,11,445,D2,0,0.0,7
ppo,3x3,medium,11,445,D3,2,3.0,6
ppo,3x3,medium,11,450,B1,1,7.0,4
ppo,3x3,medium,11,450,B2,1,1.0,6
ppo,3x3,medium,11,450,B3,2,6.0,4
ppo,3x3,medium,11,450,C1,0,0.0,6
ppo,3x3,medium,11,450,C2,1,2.0,12
ppo,3x3,medium,11,450,C3,8,46.0,19
ppo,3x3,medium,11,450,D1,0,0.0,9
ppo,3x3,medium,11,450,D2,0,0.0,7
ppo,3x3,medium,11,450,D3,0,0.0,6
ppo,3x3,medium,11,455,B1,1,1.0,5
ppo,3x3,medium,11,455,B2,1,6.0,7
ppo,3x3,medium,11,455,B3,1,1.0,4
ppo,3x3,medium,11,455,C1,1,2.0,5
ppo,3x3,medium,11,455,C2,5,19.0,13
ppo,3x3,medium,11,455,C3,5,23.0,16
ppo,3x3,medium,11,455,D1,2,7.0,8
ppo,3x3,medium,11,455,D2,1,2.0,9
ppo,3x3,medium,11,455,D3,1,1.0,5
ppo,3x3,medium,11,460,B1,2,8.0,7
ppo,3x3,medium,11,460,B2,2,16.0,8
ppo,3x3,medium,11,460,B3,1,6.0,3
ppo,3x3,medium,11,460,C1,3,17.0,6
ppo,3x3,medium,11,460,C2,6,45.0,11
ppo,3x3,medium,11,460,C3,8,59.0,16
ppo,3x3,medium,11,460,D1,2,17.0,7
ppo,3x3,medium,11,460,D2,4,12.0,10
ppo,3x3,medium,11,460,D3,3,12.0,6
ppo,3x3,medium,11,465,B1,2,18.0,6
ppo,3x3,medium,11,465,B2,1,1.0,8
ppo,3x3,medium,11,465,B3,1,11.0,6
ppo,3x3,medium,11,465,C1,2,6.0,6
ppo,3x3,medium,11,465,C2,3,31.0,9
ppo,3x3,medium,11,465,C3,5,51.0,15
ppo,3x3,medium,11,465,D1,1,4.0,6
ppo,3x3,medium,11,465,D2,2,10.0,10
ppo,3x3,medium,11,465,D3,2,9.0,6
ppo,3x3,medium,11,470,B1,0,0.0,6
ppo,3x3,medium,11,470,B2,1,6.0,7
ppo,3x3,medium,11,470,B3,0,0.0,7
ppo,3x3,medium,11,470,C1,0,0.0,7
ppo,3x3,medium,11,470,C2,2,5.0,10
ppo,3x3,medium,11,470,C3,4,13.0,12
ppo,3x3,medium,11,470,D1,0,0.0,5
ppo,3x3,medium,11,470,D2,1,2.0,10
ppo,3x3,medium,11,470,D3,0,0.0,6
ppo,3x3,medium,11,475,B1,2,6.0,5
ppo,3x3,medium,11,475,B2,1,11.0,5
ppo,3x3,medium,11,475,B3,1,5.0,9
ppo,3x3,medium,11,475,C1,1,1.0,7
ppo,3x3,medium,11,475,C2,2,15.0,8
ppo,3x3,medium,11,475,C3,7,41.0,14
ppo,3x3,medium,11,475,D1,1,5.0,6
ppo,3x3,medium,11,475,D2,2,11.0,11
ppo,3x3,medium,11,475,D3,0,0.0,4
ppo,3x3,medium,11,480,B1,2,16.0,6
ppo,3x3,medium,11,480,B2,0,0.0,4
ppo,3x3,medium,11,480,B3,1,10.0,9
ppo,3x3,medium,11,480,C1,0,0.0,8
ppo,3x3,medium,11,480,C2,0,0.0,6
ppo,3x3,medium,11,480,C3,5,37.0,11
ppo,3x3,medium,11,480,D1,0,0.0,5
ppo,3x3,medium,11,480,D2,2,3.0,11
ppo,3x3,medium,11,480,D3,0,0.0,3
ppo,3x3,medium,11,485,B1,0,0.0,5
ppo,3x3,medium,11,485,B2,2,7.0,4
ppo,3x3,medium,11,485,B3,0,0.0,7
ppo,3x3,medium,11,485,C1,1,3.0,8
ppo,3x3,medium,11,485,C2,0,0.0,5
ppo,3x3,medium,11,485,C3,1,4.0,12
ppo,3x3,medium,11,485,D1,0,0.0,6
ppo,3x3,medium,11,485,D2,2,12.0,9
ppo,3x3,medium,11,485,D3,1,1.0,5
ppo,3x3,medium,11,490,B1,0,0.0,4
ppo,3x3,medium,11,490,B2,2,17.0,4
ppo,3x3,medium,11,490,B3,2,2.0,6
ppo,3x3,medium,11,490,C1,3,16.0,10
ppo,3x3,medium,11,490,C2,1,4.0,6
ppo,3x3,medium,11,490,C3,2,10.0,14
ppo,3x3,medium,11,490,D1,1,5.0,8
ppo,3x3,medium,11,490,D2,3,26.0,10
ppo,3x3,medium,11,490,D3,1,6.0,7
ppo,3x3,medium,11,495,B1,1,5.0,3
ppo,3x3,medium,11,495,B2,0,0.0,5
ppo,3x3,medium,11,495,B3,1,2.0,8
ppo,3x3,medium,11,495,C1,1,4.0,9
ppo,3x3,medium,11,495,C2,0,0.0,5
ppo,3x3,medium,11,495,C3,2,7.0,12
ppo,3x3,medium,11,495,D1,0,0.0,6
ppo,3x3,medium,11,495,D2,3,17.0,10
ppo,3x3,medium,11,495,D3,0,0.0,7
ppo,3x3,medium,11,500,B1,1,1.0,2
ppo,3x3,medium,11,500,B2,0,0.0,4
ppo,3x3,medium,11,500,B3,2,3.0,9
ppo,3x3,medium,11,500,C1,2,5.0,10
ppo,3x3,medium,11,500,C2,2,8.0,7
ppo,3x3,medium,11,500,C3,6,30.0,12
ppo,3x3,medium,11,500,D1,1,3.0,8
ppo,3x3,medium,11,500,D2,4,18.0,10
ppo,3x3,medium,11,500,D3,1,1.0,7
ppo,3x3,medium,11,505,B1,1,6.0,4
ppo,3x3,medium,11,505,B2,1,3.0,4
ppo,3x3,medium,11,505,B3,4,18.0,12
ppo,3x3,medium,11,505,C1,3,16.0,8
ppo,3x3,medium,11,505,C2,5,27.0,8
ppo,3x3,medium,11,505,C3,6,60.0,11
ppo,3x3,medium,11,505,D1,3,16.0,9
ppo,3x3,medium,11,505,D2,5,39.0,8
ppo,3x3,medium,11,505,D3,4,14.0,8
ppo,3x3,medium,11,510,B1,1,11.0,5
ppo,3x3,medium,11,510,B2,0,0.0,2
ppo,3x3,medium,11,510,B3,6,44.0,13
ppo,3x3,medium,11,510,C1,1,2.0,6
ppo,3x3,medium,11,510,C2,1,7.0,8
ppo,3x3,medium,11,510,C3,5,56.0,10
ppo,3x3,medium,11,510,D1,2,12.0,8
ppo,3x3,medium,11,510,D2,1,6.0,6
ppo,3x3,medium,11,510,D3,0,0.0,6
ppo,3x3,medium,11,515,B1,0,0.0,2
ppo,3x3,medium,11,515,B2,0,0.0,1
ppo,3x3,medium,11,515,B3,4,35.0,11
ppo,3x3,medium,11,515,C1,2,11.0,5
ppo,3x3,medium,11,515,C2,1,1.0,7
ppo,3x3,medium,11,515,C3,2,9.0,8
ppo,3x3,medium,11,515,D1,2,5.0,10
ppo,3x3,medium,11,515,D2,1,1.0,5
ppo,3x3,medium,11,515,D3,1,5.0,9
ppo,3x3,medium,11,520,B1,0,0.0,2
ppo,3x3,medium,11,520,B2,1,1.0,3
ppo,3x3,medium,11,520,B3,2,4.0,10
ppo,3x3,medium,11,520,C1,2,21.0,9
ppo,3x3,medium,11,520,C2,1,6.0,6
ppo,3x3,medium,11,520,C3,3,22.0,9
ppo,3x3,medium,11,520,D1,3,18.0,7
ppo,3x3,medium,11,520,D2,1,6.0,4
ppo,3x3,medium,11,520,D3,2,15.0,7
ppo,3x3,medium,11,525,B1,1,4.0,2
ppo,3x3,medium,11,525,B2,0,0.0,2
ppo,3x3,medium,11,525,B3,6,26.0,10
ppo,3x3,medium,11,525,C1,0,0.0,8
ppo,3x3,medium,11,525,C2,0,0.0,5
ppo,3x3,medium,11,525,C3,0,0.0,7
ppo,3x3,medium,11,525,D1,0,0.0,6
ppo,3x3,medium,11,525,D2,0,0.0,3
ppo,3x3,medium,11,525,D3,0,0.0,6
ppo,3x3,medium,11,530,B1,0,0.0,3
ppo,3x3,medium,11,530,B2,1,1.0,5
ppo,3x3,medium,11,530,B3,4,15.0,10
ppo,3x3,medium,11,530,C1,0,0.0,10
ppo,3x3,medium,11,530,C2,2,4.0,5
ppo,3x3,medium,11,530,C3,0,0.0,6
ppo,3x3,medium,11,530,D1,3,9.0,8
ppo,3x3,medium,11,530,D2,0,0.0,5
ppo,3x3,medium,11,530,D3,2,2.0,7
ppo,3x3,medium,11,535,B1,0,0.0,4
ppo,3x3,medium,11,535,B2,2,9.0,7
ppo,3x3,medium,11,535,B3,4,16.0,12
ppo,3x3,medium,11,535,C1,2,5.0,9
ppo,3x3,medium,11,535,C2,2,14.0,5
ppo,3x3,medium,11,535,C3,1,2.0,4
ppo,3x3,medium,11,535,D1,2,16.0,9
ppo,3x3,medium,11,535,D2,0,0.0,7
ppo,3x3,medium,11,535,D3,3,16.0,9
ppo,3x3,medium,11,540,B1,0,0.0,4
ppo,3x3,medium,11,540,B2,0,0.0,5
ppo,3x3,medium,11,540,B3,9,50.0,13
ppo,3x3,medium,11,540,C1,0,0.0,9
ppo,3x3,medium,11,540,C2,0,0.0,5
ppo,3x3,medium,11,540,C3,0,0.0,2
ppo,3x3,medium,11,540,D1,1,4.0,10
ppo,3x3,medium,11,540,D2,0,0.0,8
ppo,3x3,medium,11,540,D3,0,0.0,8
ppo,3x3,medium,11,545,B1,0,0.0,5
ppo,3x3,medium,11,545,B2,0,0.0,6
ppo,3x3,medium,11,545,B3,7,57.0,13
ppo,3x3,medium,11,545,C1,1,1.0,9
ppo,3x3,medium,11,545,C2,1,1.0,7
ppo,3x3,medium,11,545,C3,2,4.0,5
ppo,3x3,medium,11,545,D1,2,11.0,9
ppo,3x3,medium,11,545,D2,1,2.0,9
ppo,3x3,medium,11,545,D3,2,6.0,7
ppo,3x3,medium,11,550,B1,0,0.0,5
ppo,3x3,medium,11,550,B2,1,3.0,6
ppo,3x3,medium,11,550,B3,4,20.0,13
ppo,3x3,medium,11,550,C1,4,12.0,9
ppo,3x3,medium,11,550,C2,2,11.0,8
ppo,3x3,medium,11,550,C3,2,14.0,7
ppo,3x3,medium,11,550,D1,4,29.0,10
ppo,3x3,medium,11,550,D2,4,14.0,9
ppo,3x3,medium,11,550,D3,5,28.0,8
ppo,3x3,medium,11,555,B1,0,0.0,6
ppo,3x3,medium,11,555,B2,0,0.0,5
ppo,3x3,medium,11,555,B3,0,0.0,11
ppo,3x3,medium,11,555,C1,1,1.0,7
ppo,3x3,medium,11,555,C2,0,0.0,7
ppo,3x3,medium,11,555,C3,0,0.0,6
ppo,3x3,medium,11,555,D1,1,1.0,8
ppo,3x3,medium,11,555,D2,1,6.0,8
ppo,3x3,medium,11,555,D3,2,12.0,6
ppo,3x3,medium,11,560,B1,1,1.0,7
ppo,3x3,medium,11,560,B2,0,0.0,7
ppo,3x3,medium,11,560,B3,0,0.0,10
ppo,3x3,medium,11,560,C1,1,1.0,8
ppo,3x3,medium,11,560,C2,1,3.0,8
ppo,3x3,medium,11,560,C3,1,2.0,8
ppo,3x3,medium,11,560,D1,3,8.0,8
ppo,3x3,medium,11,560,D2,1,2.0,5
ppo,3x3,medium,11,560,D3,0,0.0,4
ppo,3x3,medium,11,565,B1,1,6.0,7
ppo,3x3,medium,11,565,B2,0,0.0,4
ppo,3x3,medium,11,565,B3,1,1.0,9
ppo,3x3,medium,11,565,C1,0,0.0,8
ppo,3x3,medium,11,565,C2,4,18.0,13
ppo,3x3,medium,11,565,C3,2,11.0,6
ppo,3x3,medium,11,565,D1,4,27.0,10
ppo,3x3,medium,11,565,D2,1,7.0,2
ppo,3x3,medium,11,565,D3,1,2.0,5
ppo,3x3,medium,11,570,B1,1,11.0,8
ppo,3x3,medium,11,570,B2,0,0.0,4
ppo,3x3,medium,11,570,B3,4,15.0,9
ppo,3x3,medium,11,570,C1,1,1.0,10
ppo,3x3,medium,11,570,C2,3,18.0,15
ppo,3x3,medium,11,570,C3,0,0.0,7
ppo,3x3,medium,11,570,D1,2,13.0,10
ppo,3x3,medium,11,570,D2,0,0.0,1
ppo,3x3,medium,11,570,D3,0,0.0,4
ppo,3x3,medium,11,575,B1,0,0.0,8
ppo,3x3,medium,11,575,B2,1,1.0,3
ppo,3x3,medium,11,575,B3,6,43.0,11
ppo,3x3,medium,11,575,C1,3,13.0,10
ppo,3x3,medium,11,575,C2,0,0.0,15
ppo,3x3,medium,11,575,C3,3,9.0,6
ppo,3x3,medium,11,575,D1,0,0.0,9
ppo,3x3,medium,11,575,D2,0,0.0,4
ppo,3x3,medium,11,575,D3,0,0.0,4
ppo,3x3,medium,11,580,B1,2,8.0,7
ppo,3x3,medium,11,580,B2,1,6.0,2
ppo,3x3,medium,11,580,B3,4,43.0,10
ppo,3x3,medium,11,580,C1,5,35.0,11
ppo,3x3,medium,11,580,C2,4,13.0,14
ppo,3x3,medium,11,580,C3,4,24.0,8
ppo,3x3,medium,11,580,D1,1,2.0,8
ppo,3x3,medium,11,580,D2,1,4.0,5
ppo,3x3,medium,11,580,D3,1,4.0,3
ppo,3x3,medium,11,585,B1,4,25.0,7
ppo,3x3,medium,11,585,B2,1,1.0,2
ppo,3x3,medium,11,585,B3,0,0.0,8
ppo,3x3,medium,11,585,C1,3,12.0,12
ppo,3x3,medium,11,585,C2,4,6.0,12
ppo,3x3,medium,11,585,C3,2,13.0,6
ppo,3x3,medium,11,585,D1,1,1.0,7
ppo,3x3,medium,11,585,D2,0,0.0,5
ppo,3x3,medium,11,585,D3,0,0.0,2
ppo,3x3,medium,11,590,B1,2,8.0,9
ppo,3x3,medium,11,590,B2,1,6.0,5
ppo,3x3,medium,11,590,B3,2,8.0,6
ppo,3x3,medium,11,590,C1,1,6.0,12
ppo,3x3,medium,11,590,C2,6,20.0,14
ppo,3x3,medium,11,590,C3,2,8.0,6
ppo,3x3,medium,11,590,D1,3,10.0,7
ppo,3x3,medium,11,590,D2,2,3.0,6
ppo,3x3,medium,11,590,D3,1,3.0,2
ppo,3x3,medium,11,595,B1,2,7.0,9
ppo,3x3,medium,11,595,B2,1,11.0,7
ppo,3x3,medium,11,595,B3,3,6.0,7
ppo,3x3,medium,11,595,C1,4,18.0,11
ppo,3x3,medium,11,595,C2,10,64.0,14
ppo,3x3,medium,11,595,C3,2,18.0,4
ppo,3x3,medium,11,595,D1,5,32.0,6
ppo,3x3,medium,11,595,D2,4,19.0,7
ppo,3x3,medium,11,595,D3,1,8.0,4
ppo,3x3,medium,11,600,B1,2,17.0,8
ppo,3x3,medium,11,600,B2,0,0.0,7
ppo,3x3,medium,11,600,B3,2,11.0,5
ppo,3x3,medium,11,600,C1,1,1.0,10
ppo,3x3,medium,11,600,C2,5,38.0,14
ppo,3x3,medium,11,600,C3,0,0.0,4
ppo,3x3,medium,11,600,D1,2,17.0,5
ppo,3x3,medium,11,600,D2,1,4.0,5
ppo,3x3,medium,11,600,D3,1,2.0,4
ppo,3x3,medium,11,605,B1,3,5.0,9
ppo,3x3,medium,11,605,B2,0,0.0,7
ppo,3x3,medium,11,605,B3,2,21.0,5
ppo,3x3,medium,11,605,C1,7,25.0,11
ppo,3x3,medium,11,605,C2,2,10.0,13
ppo,3x3,medium,11,605,C3,2,8.0,8
ppo,3x3,medium,11,605,D1,0,0.0,6
ppo,3x3,medium,11,605,D2,0,0.0,3
ppo,3x3,medium,11,605,D3,2,9.0,6
ppo,3x3,medium,11,610,B1,1,6.0,8
ppo,3x3,medium,11,610,B2,3,6.0,8
ppo,3x3,medium,11,610,B3,2,6.0,4
ppo,3x3,medium,11,610,C1,9,70.0,13
ppo,3x3,medium,11,610,C2,6,34.0,13
ppo,3x3,medium,11,610,C3,2,18.0,11
ppo,3x3,medium,11,610,D1,0,0.0,5
ppo,3x3,medium,11,610,D2,0,0.0,5
ppo,3x3,medium,11,610,D3,3,21.0,8
ppo,3x3,medium,11,615,B1,1,11.0,7
ppo,3x3,medium,11,615,B2,2,8.0,7
ppo,3x3,medium,11,615,B3,0,0.0,3
ppo,3x3,medium,11,615,C1,4,33.0,12
ppo,3x3,medium,11,615,C2,3,6.0,11
ppo,3x3,medium,11,615,C3,0,0.0,9
ppo,3x3,medium,11,615,D1,0,0.0,4
ppo,3x3,medium,11,615,D2,0,0.0,6
ppo,3x3,medium,11,615,D3,0,0.0,6
ppo,3x3,medium,11,620,B1,1,2.0,7
ppo,3x3,medium,11,620,B2,3,12.0,9
ppo,3x3,medium,11,620,B3,0,0.0,3
ppo,3x3,medium,11,620,C1,1,2.0,12
ppo,3x3,medium,11,620,C2,3,15.0,12
ppo,3x3,medium,11,620,C3,2,6.0,9
ppo,3x3,medium,11,620,D1,1,5.0,5
ppo,3x3,medium,11,620,D2,0,0.0,7
ppo,3x3,medium,11,620,D3,0,0.0,4
ppo,3x3,medium,11,625,B1,1,7.0,9
ppo,3x3,medium,11,625,B2,4,30.0,13
ppo,3x3,medium,11,625,B3,0,0.0,6
ppo,3x3,medium,11,625,C1,4,17.0,12
ppo,3x3,medium,11,625,C2,3,30.0,10
ppo,3x3,medium,11,625,C3,4,23.0,8
ppo,3x3,medium,11,625,D1,2,15.0,5
ppo,3x3,medium,11,625,D2,1,1.0,7
ppo,3x3,medium,11,625,D3,2,5.0,5
ppo,3x3,medium,11,630,B1,2,15.0,9
ppo,3x3,medium,11,630,B2,1,11.0,13
ppo,3x3,medium,11,630,B3,1,1.0,7
ppo,3x3,medium,11,630,C1,1,5.0,10
ppo,3x3,medium,11,630,C2,1,2.0,9
ppo,3x3,medium,11,630,C3,2,11.0,7
ppo,3x3,medium,11,630,D1,0,0.0,3
ppo,3x3,medium,11,630,D2,0,0.0,4
ppo,3x3,medium,11,630,D3,0,0.0,4
ppo,3x3,medium,11,635,B1,2,3.0,8
ppo,3x3,medium,11,635,B2,2,4.0,12
ppo,3x3,medium,11,635,B3,1,1.0,8
ppo,3x3,medium,11,635,C1,5,13.0,11
ppo,3x3,medium,11,635,C2,1,7.0,9
ppo,3x3,medium,11,635,C3,1,1.0,8
ppo,3x3,medium,11,635,D1,0,0.0,1
ppo,3x3,medium,11,635,D2,2,3.0,6
ppo,3x3,medium,11,635,D3,1,2.0,7
ppo,3x3,medium,11,640,B1,2,7.0,9
ppo,3x3,medium,11,640,B2,5,27.0,11
ppo,3x3,medium,11,640,B3,2,9.0,13
ppo,3x3,medium,11,640,C1,6,42.0,13
ppo,3x3,medium,11,640,C2,3,21.0,8
ppo,3x3,medium,11,640,C3,0,0.0,8
ppo,3x3,medium,11,640,D1,1,1.0,1
ppo,3x3,medium,11,640,D2,2,13.0,6
ppo,3x3,medium,11,640,D3,3,13.0,8
ppo,3x3,medium,11,645,B1,3,20.0,6
ppo,3x3,medium,11,645,B2,3,9.0,11
ppo,3x3,medium,11,645,B3,4,28.0,14
ppo,3x3,medium,11,645,C1,3,24.0,13
ppo,3x3,medium,11,645,C2,1,9.0,8
ppo,3x3,medium,11,645,C3,3,6.0,11
ppo,3x3,medium,11,645,D1,0,0.0,2
ppo,3x3,medium,11,645,D2,0,0.0,7
ppo,3x3,medium,11,645,D3,1,1.0,6
ppo,3x3,medium,11,650,B1,1,3.0,8
ppo,3x3,medium,11,650,B2,5,24.0,11
ppo,3x3,medium,11,650,B3,3,12.0,13
ppo,3x3,medium,11,650,C1,0,0.0,13
ppo,3x3,medium,11,650,C2,2,3.0,6
ppo,3x3,medium,11,650,C3,5,25.0,10
ppo,3x3,medium,11,650,D1,0,0.0,3
ppo,3x3,medium,11,650,D2,2,5.0,8
ppo,3x3,medium,11,650,D3,2,7.0,7
ppo,3x3,medium,11,655,B1,4,19.0,9
ppo,3x3,medium,11,655,B2,5,49.0,11
ppo,3x3,medium,11,655,B3,4,19.0,12
ppo,3x3,medium,11,655,C1,2,8.0,12
ppo,3x3,medium,11,655,C2,4,21.0,6
ppo,3x3,medium,11,655,C3,6,51.0,9
ppo,3x3,medium,11,655,D1,0,0.0,2
ppo,3x3,medium,11,655,D2,3,19.0,8
ppo,3x3,medium,11,655,D3,4,24.0,8
ppo,3x3,medium,11,660,B1,5,41.0,10
ppo,3x3,medium,11,660,B2,3,31.0,9
ppo,3x3,medium,11,660,B3,8,58.0,12
ppo,3x3,medium,11,660,C1,1,1.0,10
ppo,3x3,medium,11,660,C2,1,8.0,6
ppo,3x3,medium,11,660,C3,4,46.0,6
ppo,3x3,medium,11,660,D1,0,0.0,1
ppo,3x3,medium,11,660,D2,1,3.0,8
ppo,3x3,medium,11,660,D3,0,0.0,7
ppo,3x3,medium,11,665,B1,3,19.0,12
ppo,3x3,medium,11,665,B2,1,2.0,7
ppo,3x3,medium,11,665,B3,3,32.0,11
ppo,3x3,medium,11,665,C1,3,11.0,9
ppo,3x3,medium,11,665,C2,1,5.0,6
ppo,3x3,medium,11,665,C3,1,4.0,6
ppo,3x3,medium,11,665,D1,0,0.0,4
ppo,3x3,medium,11,665,D2,4,10.0,9
ppo,3x3,medium,11,665,D3,0,0.0,6
ppo,3x3,medium,11,670,B1,2,10.0,11
ppo,3x3,medium,11,670,B2,3,14.0,7
ppo,3x3,medium,11,670,B3,2,6.0,9
ppo,3x3,medium,11,670,C1,6,38.0,9
ppo,3x3,medium,11,670,C2,3,15.0,10
ppo,3x3,medium,11,670,C3,1,9.0,5
ppo,3x3,medium,11,670,D1,1,5.0,4
ppo,3x3,medium,11,670,D2,5,34.0,10
ppo,3x3,medium,11,670,D3,2,7.0,5
ppo,3x3,medium,11,675,B1,3,21.0,10
ppo,3x3,medium,11,675,B2,2,9.0,8
ppo,3x3,medium,11,675,B3,2,16.0,8
ppo,3x3,medium,11,675,C1,3,29.0,8
ppo,3x3,medium,11,675,C2,0,0.0,11
ppo,3x3,medium,11,675,C3,2,4.0,4
ppo,3x3,medium,11,675,D1,0,0.0,3
ppo,3x3,medium,11,675,D2,2,10.0,11
ppo,3x3,medium,11,675,D3,0,0.0,4
ppo,3x3,medium,11,680,B1,2,10.0,8
ppo,3x3,medium,11,680,B2,1,6.0,6
ppo,3x3,medium,11,680,B3,2,4.0,6
ppo,3x3,medium,11,680,C1,0,0.0,5
ppo,3x3,medium,11,680,C2,4,15.0,11
ppo,3x3,medium,11,680,C3,3,16.0,7
ppo,3x3,medium,11,680,D1,0,0.0,5
ppo,3x3,medium,11,680,D2,3,14.0,12
ppo,3x3,medium,11,680,D3,0,0.0,3
ppo,3x3,medium,11,685,B1,1,1.0,6
ppo,3x3,medium,11,685,B2,3,14.0,7
ppo,3x3,medium,11,685,B3,2,11.0,5
ppo,3x3,medium,11,685,C1,0,0.0,4
ppo,3x3,medium,11,685,C2,5,38.0,11
ppo,3x3,medium,11,685,C3,3,31.0,9
ppo,3x3,medium,11,685,D1,2,9.0,7
ppo,3x3,medium,11,685,D2,6,36.0,15
ppo,3x3,medium,11,685,D3,1,5.0,5
ppo,3x3,medium,11,690,B1,1,6.0,7
ppo,3x3,medium,11,690,B2,0,0.0,7
ppo,3x3,medium,11,690,B3,3,24.0,5
ppo,3x3,medium,11,690,C1,2,3.0,4
ppo,3x3,medium,11,690,C2,3,21.0,9
ppo,3x3,medium,11,690,C3,1,12.0,10
ppo,3x3,medium,11,690,D1,0,0.0,7
ppo,3x3,medium,11,690,D2,3,24.0,12
ppo,3x3,medium,11,690,D3,0,0.0,4
ppo,3x3,medium,11,695,B1,3,14.0,6
ppo,3x3,medium,11,695,B2,1,5.0,7
ppo,3x3,medium,11,695,B3,0,0.0,8
ppo,3x3,medium,11,695,C1,2,13.0,5
ppo,3x3,medium,11,695,C2,2,7.0,9
ppo,3x3,medium,11,695,C3,2,3.0,10
ppo,3x3,medium,11,695,D1,0,0.0,7
ppo,3x3,medium,11,695,D2,1,5.0,9
ppo,3x3,medium,11,695,D3,0,0.0,6
ppo,3x3,medium,11,700,B1,0,0.0,5
ppo,3x3,medium,11,700,B2,1,10.0,8
ppo,3x3,medium,11,700,B3,1,5.0,6
ppo,3x3,medium,11,700,C1,3,24.0,5
ppo,3x3,medium,11,700,C2,4,25.0,7
ppo,3x3,medium,11,700,C3,4,18.0,10
ppo,3x3,medium,11,700,D1,2,7.0,10
ppo,3x3,medium,11,700,D2,7,28.0,10
ppo,3x3,medium,11,700,D3,2,7.0,7
ppo,3x3,medium,11,705,B1,0,0.0,2
ppo,3x3,medium,11,705,B2,0,0.0,9
ppo,3x3,medium,11,705,B3,1,10.0,6
ppo,3x3,medium,11,705,C1,1,6.0,6
ppo,3x3,medium,11,705,C2,2,3.0,9
ppo,3x3,medium,11,705,C3,2,5.0,9
ppo,3x3,medium,11,705,D1,1,4.0,9
ppo,3x3,medium,11,705,D2,3,9.0,10
ppo,3x3,medium,11,705,D3,0,0.0,7
ppo,3x3,medium,11,710,B1,0,0.0,6
ppo,3x3,medium,11,710,B2,1,2.0,10
ppo,3x3,medium,11,710,B3,0,0.0,4
ppo,3x3,medium,11,710,C1,0,0.0,8
ppo,3x3,medium,11,710,C2,3,18.0,8
ppo,3x3,medium,11,710,C3,1,7.0,7
ppo,3x3,medium,11,710,D1,0,0.0,6
ppo,3x3,medium,11,710,D2,2,13.0,9
ppo,3x3,medium,11,710,D3,1,3.0,7
ppo,3x3,medium,11,715,B1,1,2.0,6
ppo,3x3,medium,11,715,B2,2,12.0,11
ppo,3x3,medium,11,715,B3,1,5.0,5
ppo,3x3,medium,11,715,C1,0,0.0,7
ppo,3x3,medium,11,715,C2,3,33.0,8
ppo,3x3,medium,11,715,C3,2,17.0,5
ppo,3x3,medium,11,715,D1,1,2.0,7
ppo,3x3,medium,11,715,D2,2,23.0,8
ppo,3x3,medium,11,715,D3,2,9.0,9
ppo,3x3,medium,11,720,B1,0,0.0,5
ppo,3x3,medium,11,720,B2,2,2.0,10
ppo,3x3,medium,11,720,B3,1,10.0,5
ppo,3x3,medium,11,720,C1,0,0.0,8
ppo,3x3,medium,11,720,C2,0,0.0,7
ppo,3x3,medium,11,720,C3,0,0.0,3
ppo,3x3,medium,11,720,D1,1,4.0,9
ppo,3x3,medium,11,720,D2,2,4.0,9
ppo,3x3,medium,11,720,D3,0,0.0,9
ppo,3x3,medium,11,725,B1,1,4.0,4
ppo,3x3,medium,11,725,B2,3,12.0,9
ppo,3x3,medium,11,725,B3,0,0.0,7
ppo,3x3,medium,11,725,C1,4,12.0,10
ppo,3x3,medium,11,725,C2,1,4.0,6
ppo,3x3,medium,11,725,C3,0,0.0,5
ppo,3x3,medium,11,725,D1,0,0.0,10
ppo,3x3,medium,11,725,D2,3,18.0,9
ppo,3x3,medium,11,725,D3,2,4.0,8
ppo,3x3,medium,11,730,B1,2,13.0,5
ppo,3x3,medium,11,730,B2,5,30.0,10
ppo,3x3,medium,11,730,B3,2,8.0,8
ppo,3x3,medium,11,730,C1,6,41.0,10
ppo,3x3,medium,11,730,C2,1,9.0,7
ppo,3x3,medium,11,730,C3,0,0.0,7
ppo,3x3,medium,11,730,D1,0,0.0,6
ppo,3x3,medium,11,730,D2,4,38.0,8
ppo,3x3,medium,11,730,D3,3,19.0,7
ppo,3x3,medium,11,735,B1,0,0.0,5
ppo,3x3,medium,11,735,B2,3,12.0,9
ppo,3x3,medium,11,735,B3,3,21.0,8
ppo,3x3,medium,11,735,C1,3,26.0,8
ppo,3x3,medium,11,735,C2,1,1.0,6
ppo,3x3,medium,11,735,C3,0,0.0,6
ppo,3x3,medium,11,735,D1,1,1.0,6
ppo,3x3,medium,11,735,D2,2,15.0,7
ppo,3x3,medium,11,735,D3,1,4.0,5
ppo,3x3,medium,11,740,B1,1,3.0,4
ppo,3x3,medium,11,740,B2,1,2.0,9
ppo,3x3,medium,11,740,B3,0,0.0,11
ppo,3x3,medium,11,740,C1,2,5.0,10
ppo,3x3,medium,11,740,C2,2,7.0,8
ppo,3x3,medium,11,740,C3,0,0.0,3
ppo,3x3,medium,11,740,D1,2,9.0,5
ppo,3x3,medium,11,740,D2,2,9.0,5
ppo,3x3,medium,11,740,D3,3,12.0,6
ppo,3x3,medium,11,745,B1,2,10.0,7
ppo,3x3,medium,11,745,B2,2,10.0,8
ppo,3x3,medium,11,745,B3,3,10.0,9
ppo,3x3,medium,11,745,C1,3,13.0,9
ppo,3x3,medium,11,745,C2,5,26.0,12
ppo,3x3,medium,11,745,C3,2,5.0,4
ppo,3x3,medium,11,745,D1,4,29.0,6
ppo,3x3,medium,11,745,D2,2,19.0,7
ppo,3x3,medium,11,745,D3,2,20.0,5
ppo,3x3,medium,11,750,B1,0,0.0,5
ppo,3x3,medium,11,750,B2,0,0.0,8
ppo,3x3,medium,11,750,B3,3,25.0,10
ppo,3x3,medium,11,750,C1,1,3.0,7
ppo,3x3,medium,11,750,C2,2,18.0,11
ppo,3x3,medium,11,750,C3,1,2.0,4
ppo,3x3,medium,11,750,D1,2,11.0,5
ppo,3x3,medium,11,750,D2,0,0.0,5
ppo,3x3,medium,11,750,D3,1,1.0,7
ppo,3x3,medium,11,755,B1,0,0.0,4
ppo,3x3,medium,11,755,B2,1,2.0,8
ppo,3x3,medium,11,755,B3,3,20.0,12
ppo,3x3,medium,11,755,C1,4,17.0,8
ppo,3x3,medium,11,755,C2,2,3.0,12
ppo,3x3,medium,11,755,C3,1,7.0,5
ppo,3x3,medium,11,755,D1,1,6.0,3
ppo,3x3,medium,11,755,D2,1,1.0,8
ppo,3x3,medium,11,755,D3,2,8.0,7
ppo,3x3,medium,11,760,B1,0,0.0,3
ppo,3x3,medium,11,760,B2,2,12.0,7
ppo,3x3,medium,11,760,B3,2,8.0,10
ppo,3x3,medium,11,760,C1,4,34.0,7
ppo,3x3,medium,11,760,C2,6,25.0,10
ppo,3x3,medium,11,760,C3,1,12.0,6
ppo,3x3,medium,11,760,D1,1,11.0,3
ppo,3x3,medium,11,760,D2,1,6.0,10
ppo,3x3,medium,11,760,D3,2,18.0,8
ppo,3x3,medium,11,765,B1,1,4.0,2
ppo,3x3,medium,11,765,B2,1,2.0,6
ppo,3x3,medium,11,765,B3,2,18.0,10
ppo,3x3,medium,11,765,C1,2,21.0,8
ppo,3x3,medium,11,765,C2,2,4.0,8
ppo,3x3,medium,11,765,C3,0,0.0,5
ppo,3x3,medium,11,765,D1,0,0.0,3
ppo,3x3,medium,11,765,D2,0,0.0,7
ppo,3x3,medium,11,765,D3,0,0.0,9
ppo,3x3,medium,11,770,B1,0,0.0,1
ppo,3x3,medium,11,770,B2,1,7.0,6
ppo,3x3,medium,11,770,B3,2,5.0,14
ppo,3x3,medium,11,770,C1,0,0.0,8
ppo,3x3,medium,11,770,C2,6,26.0,9
ppo,3x3,medium,11,770,C3,0,0.0,9
ppo,3x3,medium,11,770,D1,0,0.0,3
ppo,3x3,medium,11,770,D2,1,2.0,7
ppo,3x3,medium,11,770,D3,2,3.0,10
ppo,3x3,medium,11,775,B1,0,0.0,3
ppo,3x3,medium,11,775,B2,1,12.0,4
ppo,3x3,medium,11,775,B3,1,6.0,14
ppo,3x3,medium,11,775,C1,0,0.0,7
ppo,3x3,medium,11,775,C2,6,54.0,9
ppo,3x3,medium,11,775,C3,1,1.0,11
ppo,3x3,medium,11,775,D1,0,0.0,6
ppo,3x3,medium,11,775,D2,4,17.0,7
ppo,3x3,medium,11,775,D3,3,14.0,9
ppo,3x3,medium,11,780,B1,0,0.0,3
ppo,3x3,medium,11,780,B2,0,0.0,3
ppo,3x3,medium,11,780,B3,3,18.0,14
ppo,3x3,medium,11,780,C1,1,1.0,5
ppo,3x3,medium,11,780,C2,3,35.0,7
ppo,3x3,medium,11,780,C3,0,0.0,10
ppo,3x3,medium,11,780,D1,0,0.0,6
ppo,3x3,medium,11,780,D2,3,16.0,5
ppo,3x3,medium,11,780,D3,1,3.0,8
ppo,3x3,medium,11,785,B1,0,0.0,4
ppo,3x3,medium,11,785,B2,1,2.0,4
ppo,3x3,medium,11,785,B3,3,12.0,14
ppo,3x3,medium,11,785,C1,1,6.0,5
ppo,3x3,medium,11,785,C2,0,0.0,6
ppo,3x3,medium,11,785,C3,1,1.0,11
ppo,3x3,medium,11,785,D1,1,5.0,8
ppo,3x3,medium,11,785,D2,0,0.0,4
ppo,3x3,medium,11,785,D3,2,10.0,8
ppo,3x3,medium,11,790,B1,2,5.0,4
ppo,3x3,medium,11,790,B2,2,12.0,4
ppo,3x3,medium,11,790,B3,5,24.0,11
ppo,3x3,medium,11,790,C1,3,17.0,8
ppo,3x3,medium,11,790,C2,1,1.0,3
ppo,3x3,medium,11,790,C3,5,21.0,14
ppo,3x3,medium,11,790,D1,3,15.0,9
ppo,3x3,medium,11,790,D2,0,0.0,3
ppo,3x3,medium,11,790,D3,3,25.0,9
ppo,3x3,medium,11,795,B1,0,0.0,5
ppo,3x3,medium,11,795,B2,0,0.0,4
ppo,3x3,medium,11,795,B3,7,58.0,10
ppo,3x3,medium,11,795,C1,0,0.0,5
ppo,3x3,medium,11,795,C2,1,3.0,2
ppo,3x3,medium,11,795,C3,4,17.0,15
ppo,3x3,medium,11,795,D1,4,12.0,9
ppo,3x3,medium,11,795,D2,1,3.0,3
ppo,3x3,medium,11,795,D3,1,2.0,9
ppo,3x3,medium,11,800,B1,0,0.0,5
ppo,3x3,medium,11,800,B2,0,0.0,4
ppo,3x3,medium,11,800,B3,5,39.0,9
ppo,3x3,medium,11,800,C1,1,3.0,6
ppo,3x3,medium,11,800,C2,1,8.0,5
ppo,3x3,medium,11,800,C3,4,14.0,18
ppo,3x3,medium,11,800,D1,1,2.0,6
ppo,3x3,medium,11,800,D2,1,8.0,4
ppo,3x3,medium,11,800,D3,0,0.0,10
ppo,3x3,medium,11,805,B1,1,2.0,4
ppo,3x3,medium,11,805,B2,0,0.0,2
ppo,3x3,medium,11,805,B3,1,2.0,9
ppo,3x3,medium,11,805,C1,3,16.0,7
ppo,3x3,medium,11,805,C2,1,13.0,5
ppo,3x3,medium,11,805,C3,8,45.0,20
ppo,3x3,medium,11,805,D1,1,7.0,5
ppo,3x3,medium,11,805,D2,1,13.0,4
ppo,3x3,medium,11,805,D3,3,9.0,11
ppo,3x3,medium,11,810,B1,2,11.0,4
ppo,3x3,medium,11,810,B2,0,0.0,2
ppo,3x3,medium,11,810,B3,1,2.0,7
ppo,3x3,medium,11,810,C1,2,4.0,9
ppo,3x3,medium,11,810,C2,0,0.0,7
ppo,3x3,medium,11,810,C3,3,22.0,19
ppo,3x3,medium,11,810,D1,0,0.0,1
ppo,3x3,medium,11,810,D2,0,0.0,4
ppo,3x3,medium,11,810,D3,3,6.0,12
ppo,3x3,medium,11,815,B1,1,2.0,3
ppo,3x3,medium,11,815,B2,0,0.0,3
ppo,3x3,medium,11,815,B3,0,0.0,5
ppo,3x3,medium,11,815,C1,4,18.0,9
ppo,3x3,medium,11,815,C2,0,0.0,8
ppo,3x3,medium,11,815,C3,6,17.0,19
ppo,3x3,medium,11,815,D1,0,0.0,0
ppo,3x3,medium,11,815,D2,0,0.0,5
ppo,3x3,medium,11,815,D3,3,13.0,12
ppo,3x3,medium,11,820,B1,0,0.0,1
ppo,3x3,medium,11,820,B2,0,0.0,6
ppo,3x3,medium,11,820,B3,3,9.0,5
ppo,3x3,medium,11,820,C1,5,40.0,9
ppo,3x3,medium,11,820,C2,2,9.0,8
ppo,3x3,medium,11,820,C3,13,69.0,19
ppo,3x3,medium,11,820,D1,0,0.0,1
ppo,3x3,medium,11,820,D2,1,3.0,8
ppo,3x3,medium,11,820,D3,5,33.0,13
ppo,3x3,medium,11,825,B1,0,0.0,2
ppo,3x3,medium,11,825,B2,0,0.0,9
ppo,3x3,medium,11,825,B3,3,24.0,7
ppo,3x3,medium,11,825,C1,5,30.0,8
ppo,3x3,medium,11,825,C2,1,1.0,5
ppo,3x3,medium,11,825,C3,9,68.0,15
ppo,3x3,medium,11,825,D1,0,0.0,2
ppo,3x3,medium,11,825,D2,1,2.0,7
ppo,3x3,medium,11,825,D3,3,12.0,13
ppo,3x3,medium,11,830,B1,1,2.0,3
ppo,3x3,medium,11,830,B2,1,2.0,8
ppo,3x3,medium,11,830,B3,0,0.0,8
ppo,3x3,medium,11,830,C1,1,6.0,6
ppo,3x3,medium,11,830,C2,2,6.0,6
ppo,3x3,medium,11,830,C3,4,9.0,11
ppo,3x3,medium,11,830,D1,0,0.0,4
ppo,3x3,medium,11,830,D2,3,11.0,9
ppo,3x3,medium,11,830,D3,2,4.0,15
ppo,3x3,medium,11,835,B1,0,0.0,2
ppo,3x3,medium,11,835,B2,3,11.0,8
ppo,3x3,medium,11,835,B3,1,3.0,9
ppo,3x3,medium,11,835,C1,1,11.0,7
ppo,3x3,medium,11,835,C2,2,16.0,6
ppo,3x3,medium,11,835,C3,3,19.0,9
ppo,3x3,medium,11,835,D1,0,0.0,7
ppo,3x3,medium,11,835,D2,4,29.0,11
ppo,3x3,medium,11,835,D3,6,22.0,17
ppo,3x3,medium,11,840,B1,0,0.0,2
ppo,3x3,medium,11,840,B2,3,9.0,7
ppo,3x3,medium,11,840,B3,2,5.0,9
ppo,3x3,medium,11,840,C1,0,0.0,8
ppo,3x3,medium,11,840,C2,0,0.0,7
ppo,3x3,medium,11,840,C3,1,1.0,7
ppo,3x3,medium,11,840,D1,0,0.0,6
ppo,3x3,medium,11,840,D2,1,8.0,8
ppo,3x3,medium,11,840,D3,1,2.0,16
ppo,3x3,medium,11,845,B1,0,0.0,3
ppo,3x3,medium,11,845,B2,1,6.0,4
ppo,3x3,medium,11,845,B3,0,0.0,11
ppo,3x3,medium,11,845,C1,1,3.0,6
ppo,3x3,medium,11,845,C2,0,0.0,8
ppo,3x3,medium,11,845,C3,3,15.0,10
ppo,3x3,medium,11,845,D1,0,0.0,5
ppo,3x3,medium,11,845,D2,1,1.0,8
ppo,3x3,medium,11,845,D3,4,15.0,15
ppo,3x3,medium,11,850,B1,0,0.0,3
ppo,3x3,medium,11,850,B2,2,14.0,4
ppo,3x3,medium,11,850,B3,3,10.0,13
ppo,3x3,medium,11,850,C1,1,8.0,5
ppo,3x3,medium,11,850,C2,1,5.0,9
ppo,3x3,medium,11,850,C3,4,31.0,14
ppo,3x3,medium,11,850,D1,2,6.0,4
ppo,3x3,medium,11,850,D2,3,10.0,8
ppo,3x3,medium,11,850,D3,8,49.0,16
ppo,3x3,medium,11,855,B1,1,4.0,3
ppo,3x3,medium,11,855,B2,2,5.0,5
ppo,3x3,medium,11,855,B3,4,30.0,11
ppo,3x3,medium,11,855,C1,2,3.0,4
ppo,3x3,medium,11,855,C2,0,0.0,7
ppo,3x3,medium,11,855,C3,2,19.0,12
ppo,3x3,medium,11,855,D1,2,5.0,6
ppo,3x3,medium,11,855,D2,1,6.0,8
ppo,3x3,medium,11,855,D3,8,62.0,14
ppo,3x3,medium,11,860,B1,0,0.0,2
ppo,3x3,medium,11,860,B2,3,20.0,6
ppo,3x3,medium,11,860,B3,3,24.0,13
ppo,3x3,medium,11,860,C1,2,13.0,4
ppo,3x3,medium,11,860,C2,0,0.0,9
ppo,3x3,medium,11,860,C3,3,8.0,10
ppo,3x3,medium,11,860,D1,0,0.0,6
ppo,3x3,medium,11,860,D2,2,2.0,11
ppo,3x3,medium,11,860,D3,6,32.0,13
ppo,3x3,medium,11,865,B1,2,10.0,2
ppo,3x3,medium,11,865,B2,3,35.0,7
ppo,3x3,medium,11,865,B3,4,15.0,14
ppo,3x3,medium,11,865,C1,2,23.0,5
ppo,3x3,medium,11,865,C2,2,4.0,10
ppo,3x3,medium,11,865,C3,7,35.0,10
ppo,3x3,medium,11,865,D1,0,0.0,6
ppo,3x3,medium,11,865,D2,3,15.0,10
ppo,3x3,medium,11,865,D3,5,27.0,14
ppo,3x3,medium,11,870,B1,2,20.0,2
ppo,3x3,medium,11,870,B2,2,19.0,8
ppo,3x3,medium,11,870,B3,6,42.0,13
ppo,3x3,medium,11,870,C1,1,5.0,4
ppo,3x3,medium,11,870,C2,0,0.0,7
ppo,3x3,medium,11,870,C3,3,26.0,9
ppo,3x3,medium,11,870,D1,1,1.0,6
ppo,3x3,medium,11,870,D2,2,3.0,11
ppo,3x3,medium,11,870,D3,1,10.0,14
ppo,3x3,medium,11,875,B1,0,0.0,1
ppo,3x3,medium,11,875,B2,0,0.0,7
ppo,3x3,medium,11,875,B3,2,19.0,11
ppo,3x3,medium,11,875,C1,0,0.0,4
ppo,3x3,medium,11,875,C2,2,6.0,5
ppo,3x3,medium,11,875,C3,3,12.0,9
ppo,3x3,medium,11,875,D1,3,11.0,10
ppo,3x3,medium,11,875,D2,2,12.0,9
ppo,3x3,medium,11,875,D3,4,14.0,16
ppo,3x3,medium,11,880,B1,0,0.0,2
ppo,3x3,medium,11,880,B2,0,0.0,5
ppo,3x3,medium,11,880,B3,3,5.0,12
ppo,3x3,medium,11,880,C1,1,2.0,3
ppo,3x3,medium,11,880,C2,4,25.0,6
ppo,3x3,medium,11,880,C3,3,27.0,9
ppo,3x3,medium,11,880,D1,5,32.0,13
ppo,3x3,medium,11,880,D2,2,22.0,8
ppo,3x3,medium,11,880,D3,7,43.0,17
ppo,3x3,medium,11,885,B1,0,0.0,3
ppo,3x3,medium,11,885,B2,2,5.0,5
ppo,3x3,medium,11,885,B3,3,13.0,11
ppo,3x3,medium,11,885,C1,0,0.0,3
ppo,3x3,medium,11,885,C2,2,12.0,6
ppo,3x3,medium,11,885,C3,2,16.0,7
ppo,3x3,medium,11,885,D1,3,28.0,11
ppo,3x3,medium,11,885,D2,1,2.0,6
ppo,3x3,medium,11,885,D3,7,45.0,16
ppo,3x3,medium,11,890,B1,0,0.0,4
ppo,3x3,medium,11,890,B2,4,22.0,7
ppo,3x3,medium,11,890,B3,3,15.0,9
ppo,3x3,medium,11,890,C1,1,3.0,5
ppo,3x3,medium,11,890,C2,0,0.0,5
ppo,3x3,medium,11,890,C3,2,2.0,7
ppo,3x3,medium,11,890,D1,1,1.0,11
ppo,3x3,medium,11,890,D2,2,6.0,5
ppo,3x3,medium,11,890,D3,3,14.0,14
ppo,3x3,medium,11,895,B1,0,0.0,3
ppo,3x3,medium,11,895,B2,4,42.0,7
ppo,3x3,medium,11,895,B3,1,4.0,10
ppo,3x3,medium,11,895,C1,1,8.0,6
ppo,3x3,medium,11,895,C2,0,0.0,5
ppo,3x3,medium,11,895,C3,2,12.0,7
ppo,3x3,medium,11,895,D1,3,11.0,11
ppo,3x3,medium,11,895,D2,3,17.0,5
ppo,3x3,medium,11,895,D3,4,23.0,13
ppo,3x3,medium,11,900,B1,0,0.0,3
ppo,3x3,medium,11,900,B2,2,27.0,8
ppo,3x3,medium,11,900,B3,1,9.0,8
ppo,3x3,medium,11,900,C1,0,0.0,6
ppo,3x3,medium,11,900,C2,0,0.0,4
ppo,3x3,medium,11,900,C3,1,3.0,6
ppo,3x3,medium,11,900,D1,3,10.0,10
ppo,3x3,medium,11,900,D2,1,6.0,6
ppo,3x3,medium,11,900,D3,3,8.0,12
ppo,3x3,medium,11,905,B1,0,0.0,6
ppo,3x3,medium,11,905,B2,0,0.0,6
ppo,3x3,medium,11,905,B3,1,2.0,8
ppo,3x3,medium,11,905,C1,1,2.0,5
ppo,3x3,medium,11,905,C2,1,1.0,6
ppo,3x3,medium,11,905,C3,1,8.0,7
ppo,3x3,medium,11,905,D1,2,8.0,8
ppo,3x3,medium,11,905,D2,0,0.0,6
ppo,3x3,medium,11,905,D3,5,13.0,12
ppo,3x3,medium,11,910,B1,2,8.0,7
ppo,3x3,medium,11,910,B2,1,5.0,7
ppo,3x3,medium,11,910,B3,3,15.0,7
ppo,3x3,medium,11,910,C1,3,17.0,6
ppo,3x3,medium,11,910,C2,1,6.0,5
ppo,3x3,medium,11,910,C3,3,17.0,6
ppo,3x3,medium,11,910,D1,2,18.0,8
ppo,3x3,medium,11,910,D2,0,0.0,6
ppo,3x3,medium,11,910,D3,10,53.0,15
ppo,3x3,medium,11,915,B1,2,18.0,7
ppo,3x3,medium,11,915,B2,2,4.0,9
ppo,3x3,medium,11,915,B3,4,32.0,5
ppo,3x3,medium,11,915,C1,0,0.0,5
ppo,3x3,medium,11,915,C2,1,3.0,4
ppo,3x3,medium,11,915,C3,0,0.0,5
ppo,3x3,medium,11,915,D1,0,0.0,9
ppo,3x3,medium,11,915,D2,0,0.0,6
ppo,3x3,medium,11,915,D3,7,45.0,16
ppo,3x3,medium,11,920,B1,1,1.0,6
ppo,3x3,medium,11,920,B2,1,6.0,9
ppo,3x3,medium,11,920,B3,2,20.0,6
ppo,3x3,medium,11,920,C1,0,0.0,5
ppo,3x3,medium,11,920,C2,3,13.0,6
ppo,3x3,medium,11,920,C3,1,2.0,3
ppo,3x3,medium,11,920,D1,1,4.0,8
ppo,3x3,medium,11,920,D2,0,0.0,5
ppo,3x3,medium,11,920,D3,4,19.0,15
ppo,3x3,medium,11,925,B1,1,6.0,5
ppo,3x3,medium,11,925,B2,2,12.0,12
ppo,3x3,medium,11,925,B3,0,0.0,5
ppo,3x3,medium,11,925,C1,1,4.0,4
ppo,3x3,medium,11,925,C2,3,28.0,8
ppo,3x3,medium,11,925,C3,0,0.0,2
ppo,3x3,medium,11,925,D1,3,16.0,10
ppo,3x3,medium,11,925,D2,2,8.0,5
ppo,3x3,medium,11,925,D3,6,46.0,13
ppo,3x3,medium,11,930,B1,1,11.0,5
ppo,3x3,medium,11,930,B2,2,5.0,13
ppo,3x3,medium,11,930,B3,0,0.0,4
ppo,3x3,medium,11,930,C1,0,0.0,2
ppo,3x3,medium,11,930,C2,0,0.0,7
ppo,3x3,medium,11,930,C3,0,0.0,2
ppo,3x3,medium,11,930,D1,2,13.0,9
ppo,3x3,medium,11,930,D2,0,0.0,5
ppo,3x3,medium,11,930,D3,4,26.0,12
ppo,3x3,medium,11,935,B1,0,0.0,7
ppo,3x3,medium,11,935,B2,1,2.0,12
ppo,3x3,medium,11,935,B3,0,0.0,4
ppo,3x3,medium,11,935,C1,0,0.0,3
ppo,3x3,medium,11,935,C2,1,2.0,5
ppo,3x3,medium,11,935,C3,0,0.0,4
ppo,3x3,medium,11,935,D1,1,5.0,10
ppo,3x3,medium,11,935,D2,1,5.0,4
ppo,3x3,medium,11,935,D3,3,16.0,8
ppo,3x3,medium,11,940,B1,1,3.0,8
ppo,3x3,medium,11,940,B2,2,8.0,11
ppo,3x3,medium,11,940,B3,1,5.0,4
ppo,3x3,medium,11,940,C1,1,4.0,5
ppo,3x3,medium,11,940,C2,0,0.0,5
ppo,3x3,medium,11,940,C3,0,0.0,8
ppo,3x3,medium,11,940,D1,2,13.0,8
ppo,3x3,medium,11,940,D2,1,10.0,3
ppo,3x3,medium,11,940,D3,4,32.0,7
ppo,3x3,medium,11,945,B1,4,18.0,9
ppo,3x3,medium,11,945,B2,1,1.0,10
ppo,3x3,medium,11,945,B3,2,15.0,5
ppo,3x3,medium,11,945,C1,0,0.0,5
ppo,3x3,medium,11,945,C2,0,0.0,5
ppo,3x3,medium,11,945,C3,0,0.0,7
ppo,3x3,medium,11,945,D1,0,0.0,7
ppo,3x3,medium,11,945,D2,0,0.0,2
ppo,3x3,medium,11,945,D3,3,19.0,6
ppo,3x3,medium,11,950,B1,2,4.0,9
ppo,3x3,medium,11,950,B2,3,12.0,11
ppo,3x3,medium,11,950,B3,2,25.0,6
ppo,3x3,medium,11,950,C1,0,0.0,5
ppo,3x3,medium,11,950,C2,2,8.0,8
ppo,3x3,medium,11,950,C3,1,3.0,5
ppo,3x3,medium,11,950,D1,1,3.0,6
ppo,3x3,medium,11,950,D2,0,0.0,4
ppo,3x3,medium,11,950,D3,1,7.0,6
ppo,3x3,medium,11,955,B1,0,0.0,6
ppo,3x3,medium,11,955,B2,6,38.0,13
ppo,3x3,medium,11,955,B3,1,3.0,6
ppo,3x3,medium,11,955,C1,0,0.0,5
ppo,3x3,medium,11,955,C2,3,23.0,8
ppo,3x3,medium,11,955,C3,2,10.0,6
ppo,3x3,medium,11,955,D1,3,17.0,8
ppo,3x3,medium,11,955,D2,1,3.0,4
ppo,3x3,medium,11,955,D3,1,12.0,6
ppo,3x3,medium,11,960,B1,0,0.0,5
ppo,3x3,medium,11,960,B2,9,51.0,16
ppo,3x3,medium,11,960,B3,1,8.0,4
ppo,3x3,medium,11,960,C1,0,0.0,5
ppo,3x3,medium,11,960,C2,1,2.0,7
ppo,3x3,medium,11,960,C3,1,2.0,7
ppo,3x3,medium,11,960,D1,1,1.0,7
ppo,3x3,medium,11,960,D2,0,0.0,6
ppo,3x3,medium,11,960,D3,0,0.0,4
ppo,3x3,medium,11,965,B1,0,0.0,7
ppo,3x3,medium,11,965,B2,4,26.0,14
ppo,3x3,medium,11,965,B3,1,13.0,3
ppo,3x3,medium,11,965,C1,0,0.0,7
ppo,3x3,medium,11,965,C2,2,8.0,7
ppo,3x3,medium,11,965,C3,2,11.0,6
ppo,3x3,medium,11,965,D1,2,9.0,9
ppo,3x3,medium,11,965,D2,0,0.0,8
ppo,3x3,medium,11,965,D3,1,2.0,5
ppo,3x3,medium,11,970,B1,3,9.0,10
ppo,3x3,medium,11,970,B2,4,36.0,12
ppo,3x3,medium,11,970,B3,0,0.0,2
ppo,3x3,medium,11,970,C1,2,8.0,9
ppo,3x3,medium,11,970,C2,3,23.0,5
ppo,3x3,medium,11,970,C3,2,21.0,8
ppo,3x3,medium,11,970,D1,4,27.0,9
ppo,3x3,medium,11,970,D2,0,0.0,9
ppo,3x3,medium,11,970,D3,2,10.0,5
ppo,3x3,medium,11,975,B1,0,0.0,8
ppo,3x3,medium,11,975,B2,0,0.0,9
ppo,3x3,medium,11,975,B3,0,0.0,4
ppo,3x3,medium,11,975,C1,0,0.0,8
ppo,3x3,medium,11,975,C2,1,2.0,4
ppo,3x3,medium,11,975,C3,1,5.0,6
ppo,3x3,medium,11,975,D1,1,10.0,8
ppo,3x3,medium,11,975,D2,0,0.0,7
ppo,3x3,medium,11,975,D3,0,0.0,3
ppo,3x3,medium,11,980,B1,0,0.0,9
ppo,3x3,medium,11,980,B2,4,15.0,8
ppo,3x3,medium,11,980,B3,1,3.0,7
ppo,3x3,medium,11,980,C1,1,2.0,8
ppo,3x3,medium,11,980,C2,0,0.0,5
ppo,3x3,medium,11,980,C3,2,5.0,4
ppo,3x3,medium,11,980,D1,0,0.0,6
ppo,3x3,medium,11,980,D2,3,6.0,10
ppo,3x3,medium,11,980,D3,0,0.0,4
ppo,3x3,medium,11,985,B1,3,10.0,10
ppo,3x3,medium,11,985,B2,4,35.0,9
ppo,3x3,medium,11,985,B3,0,0.0,9
ppo,3x3,medium,11,985,C1,1,7.0,10
ppo,3x3,medium,11,985,C2,1,2.0,7
ppo,3x3,medium,11,985,C3,2,15.0,5
ppo,3x3,medium,11,985,D1,3,14.0,8
ppo,3x3,medium,11,985,D2,3,18.0,10
ppo,3x3,medium,11,985,D3,1,1.0,4
ppo,3x3,medium,11,990,B1,2,12.0,10
ppo,3x3,medium,11,990,B2,2,6.0,8
ppo,3x3,medium,11,990,B3,1,3.0,8
ppo,3x3,medium,11,990,C1,0,0.0,10
ppo,3x3,medium,11,990,C2,0,0.0,4
ppo,3x3,medium,11,990,C3,1,4.0,6
ppo,3x3,medium,11,990,D1,0,0.0,7
ppo,3x3,medium,11,990,D2,3,10.0,9
ppo,3x3,medium,11,990,D3,0,0.0,6
ppo,3x3,medium,11,995,B1,0,0.0,11
ppo,3x3,medium,11,995,B2,1,1.0,6
ppo,3x3,medium,11,995,B3,1,8.0,9
ppo,3x3,medium,11,995,C1,2,4.0,10
ppo,3x3,medium,11,995,C2,0,0.0,5
ppo,3x3,medium,11,995,C3,0,0.0,6
ppo,3x3,medium,11,995,D1,2,2.0,7
ppo,3x3,medium,11,995,D2,3,18.0,8
ppo,3x3,medium,11,995,D3,2,4.0,8
ppo,3x3,medium,11,1000,B1,2,8.0,11
ppo,3x3,medium,11,1000,B2,1,6.0,6
ppo,3x3,medium,11,1000,B3,1,3.0,10
ppo,3x3,medium,11,1000,C1,6,24.0,10
ppo,3x3,medium,11,1000,C2,3,7.0,8
ppo,3x3,medium,11,1000,C3,1,5.0,8
ppo,3x3,medium,11,1000,D1,4,17.0,7
ppo,3x3,medium,11,1000,D2,4,37.0,6
ppo,3x3,medium,11,1000,D3,2,14.0,9
ppo,3x3,medium,11,1005,B1,0,0.0,10
ppo,3x3,medium,11,1005,B2,0,0.0,4
ppo,3x3,medium,11,1005,B3,4,17.0,9
ppo,3x3,medium,11,1005,C1,4,21.0,8
ppo,3x3,medium,11,1005,C2,1,6.0,6
ppo,3x3,medium,11,1005,C3,0,0.0,10
ppo,3x3,medium,11,1005,D1,2,10.0,7
ppo,3x3,medium,11,1005,D2,2,21.0,5
ppo,3x3,medium,11,1005,D3,0,0.0,7
ppo,3x3,medium,11,1010,B1,2,4.0,9
ppo,3x3,medium,11,1010,B2,0,0.0,3
ppo,3x3,medium,11,1010,B3,4,37.0,8
ppo,3x3,medium,11,1010,C1,1,3.0,7
ppo,3x3,medium,11,1010,C2,0,0.0,5
ppo,3x3,medium,11,1010,C3,2,5.0,13
ppo,3x3,medium,11,1010,D1,2,5.0,8
ppo,3x3,medium,11,1010,D2,2,3.0,9
ppo,3x3,medium,11,1010,D3,1,4.0,7
ppo,3x3,medium,11,1015,B1,3,17.0,9
ppo,3x3,medium,11,1015,B2,1,4.0,4
ppo,3x3,medium,11,1015,B3,4,28.0,6
ppo,3x3,medium,11,1015,C1,3,15.0,7
ppo,3x3,medium,11,1015,C2,0,0.0,5
ppo,3x3,medium,11,1015,C3,1,6.0,13
ppo,3x3,medium,11,1015,D1,2,15.0,8
ppo,3x3,medium,11,1015,D2,2,13.0,9
ppo,3x3,medium,11,1015,D3,2,11.0,7
ppo,3x3,medium,11,1020,B1,1,8.0,9
ppo,3x3,medium,11,1020,B2,0,0.0,3
ppo,3x3,medium,11,1020,B3,2,11.0,4
ppo,3x3,medium,11,1020,C1,0,0.0,7
ppo,3x3,medium,11,1020,C2,0,0.0,5
ppo,3x3,medium,11,1020,C3,1,1.0,14
ppo,3x3,medium,11,1020,D1,0,0.0,7
ppo,3x3,medium,11,1020,D2,0,0.0,7
ppo,3x3,medium,11,1020,D3,1,3.0,5
ppo,3x3,medium,11,1025,B1,2,8.0,6
ppo,3x3,medium,11,1025,B2,0,0.0,5
ppo,3x3,medium,11,1025,B3,2,21.0,4
ppo,3x3,medium,11,1025,C1,3,8.0,9
ppo,3x3,medium,11,1025,C2,0,0.0,6
ppo,3x3,medium,11,1025,C3,4,10.0,16
ppo,3x3,medium,11,1025,D1,2,5.0,9
ppo,3x3,medium,11,1025,D2,0,0.0,4
ppo,3x3,medium,11,1025,D3,0,0.0,3
ppo,3x3,medium,11,1030,B1,4,27.0,10
ppo,3x3,medium,11,1030,B2,0,0.0,6
ppo,3x3,medium,11,1030,B3,0,0.0,4
ppo,3x3,medium,11,1030,C1,3,20.0,10
ppo,3x3,medium,11,1030,C2,1,5.0,5
ppo,3x3,medium,11,1030,C3,7,41.0,17
ppo,3x3,medium,11,1030,D1,3,20.0,10
ppo,3x3,medium,11,1030,D2,2,6.0,3
ppo,3x3,medium,11,1030,D3,1,2.0,4
ppo,3x3,medium,11,1035,B1,2,12.0,8
ppo,3x3,medium,11,1035,B2,0,0.0,5
ppo,3x3,medium,11,1035,B3,0,0.0,3
ppo,3x3,medium,11,1035,C1,2,12.0,10
ppo,3x3,medium,11,1035,C2,0,0.0,1
ppo,3x3,medium,11,1035,C3,4,21.0,18
ppo,3x3,medium,11,1035,D1,0,0.0,7
ppo,3x3,medium,11,1035,D2,0,0.0,4
ppo,3x3,medium,11,1035,D3,0,0.0,4
ppo,3x3,medium,11,1040,B1,0,0.0,6
ppo,3x3,medium,11,1040,B2,1,1.0,6
ppo,3x3,medium,11,1040,B3,0,0.0,4
ppo,3x3,medium,11,1040,C1,1,2.0,10
ppo,3x3,medium,11,1040,C2,0,0.0,3
ppo,3x3,medium,11,1040,C3,5,23.0,17
ppo,3x3,medium,11,1040,D1,2,5.0,8
ppo,3x3,medium,11,1040,D2,1,3.0,4
ppo,3x3,medium,11,1040,D3,1,2.0,5
ppo,3x3,medium,11,1045,B1,1,3.0,4
ppo,3x3,medium,11,1045,B2,2,11.0,6
ppo,3x3,medium,11,1045,B3,0,0.0,6
ppo,3x3,medium,11,1045,C1,4,17.0,10
ppo,3x3,medium,11,1045,C2,0,0.0,4
ppo,3x3,medium,11,1045,C3,7,58.0,15
ppo,3x3,medium,11,1045,D1,7,29.0,9
ppo,3x3,medium,11,1045,D2,2,8.0,6
ppo,3x3,medium,11,1045,D3,3,12.0,6
ppo,3x3,medium,11,1050,B1,2,11.0,4
ppo,3x3,medium,11,1050,B2,0,0.0,5
ppo,3x3,medium,11,1050,B3,0,0.0,6
ppo,3x3,medium,11,1050,C1,3,19.0,10
ppo,3x3,medium,11,1050,C2,0,0.0,5
ppo,3x3,medium,11,1050,C3,6,45.0,13
ppo,3x3,medium,11,1050,D1,3,15.0,7
ppo,3x3,medium,11,1050,D2,0,0.0,4
ppo,3x3,medium,11,1050,D3,1,6.0,6
ppo,3x3,medium,11,1055,B1,0,0.0,4
ppo,3x3,medium,11,1055,B2,1,3.0,5
ppo,3x3,medium,11,1055,B3,0,0.0,4
ppo,3x3,medium,11,1055,C1,3,10.0,11
ppo,3x3,medium,11,1055,C2,0,0.0,9
ppo,3x3,medium,11,1055,C3,2,10.0,10
ppo,3x3,medium,11,1055,D1,4,14.0,8
ppo,3x3,medium,11,1055,D2,1,3.0,5
ppo,3x3,medium,11,1055,D3,1,3.0,5
ppo,3x3,medium,11,1060,B1,0,0.0,4
ppo,3x3,medium,11,1060,B2,2,13.0,7
ppo,3x3,medium,11,1060,B3,0,0.0,6
ppo,3x3,medium,11,1060,C1,7,36.0,11
ppo,3x3,medium,11,1060,C2,1,5.0,12
ppo,3x3,medium,11,1060,C3,3,21.0,9
ppo,3x3,medium,11,1060,D1,4,27.0,8
ppo,3x3,medium,11,1060,D2,2,9.0,6
ppo,3x3,medium,11,1060,D3,2,13.0,4
ppo,3x3,medium,11,1065,B1,1,3.0,6
ppo,3x3,medium,11,1065,B2,0,0.0,5
ppo,3x3,medium,11,1065,B3,0,0.0,6
ppo,3x3,medium,11,1065,C1,4,31.0,9
ppo,3x3,medium,11,1065,C2,0,0.0,14
ppo,3x3,medium,11,1065,C3,2,4.0,8
ppo,3x3,medium,11,1065,D1,1,7.0,7
ppo,3x3,medium,11,1065,D2,0,0.0,5
ppo,3x3,medium,11,1065,D3,0,0.0,1
ppo,3x3,medium,11,1070,B1,2,12.0,5
ppo,3x3,medium,11,1070,B2,0,0.0,7
ppo,3x3,medium,11,1070,B3,1,3.0,7
ppo,3x3,medium,11,1070,C1,1,5.0,8
ppo,3x3,medium,11,1070,C2,2,6.0,16
ppo,3x3,medium,11,1070,C3,5,21.0,7
ppo,3x3,medium,11,1070,D1,1,4.0,6
ppo,3x3,medium,11,1070,D2,2,3.0,9
ppo,3x3,medium,11,1070,D3,0,0.0,4
ppo,3x3,medium,11,1075,B1,0,0.0,4
ppo,3x3,medium,11,1075,B2,1,1.0,7
ppo,3x3,medium,11,1075,B3,1,8.0,6
ppo,3x3,medium,11,1075,C1,2,15.0,8
ppo,3x3,medium,11,1075,C2,6,24.0,18
ppo,3x3,medium,11,1075,C3,4,40.0,6
ppo,3x3,medium,11,1075,D1,2,10.0,7
ppo,3x3,medium,11,1075,D2,4,20.0,12
ppo,3x3,medium,11,1075,D3,0,0.0,3
ppo,3x3,medium,11,1080,B1,1,1.0,5
ppo,3x3,medium,11,1080,B2,0,0.0,5
ppo,3x3,medium,11,1080,B3,1,13.0,4
ppo,3x3,medium,11,1080,C1,1,3.0,7
ppo,3x3,medium,11,1080,C2,4,14.0,18
ppo,3x3,medium,11,1080,C3,0,0.0,4
ppo,3x3,medium,11,1080,D1,0,0.0,5
ppo,3x3,medium,11,1080,D2,2,8.0,12
ppo,3x3,medium,11,1080,D3,0,0.0,4
ppo,3x3,medium,11,1085,B1,1,6.0,4
ppo,3x3,medium,11,1085,B2,1,3.0,5
ppo,3x3,medium,11,1085,B3,1,2.0,5
ppo,3x3,medium,11,1085,C1,4,18.0,11
ppo,3x3,medium,11,1085,C2,4,9.0,19
ppo,3x3,medium,11,1085,C3,0,0.0,2
ppo,3x3,medium,11,1085,D1,0,0.0,7
ppo,3x3,medium,11,1085,D2,3,10.0,13
ppo,3x3,medium,11,1085,D3,0,0.0,4
ppo,3x3,medium,11,1090,B1,1,11.0,4
ppo,3x3,medium,11,1090,B2,2,12.0,8
ppo,3x3,medium,11,1090,B3,2,11.0,7
ppo,3x3,medium,11,1090,C1,4,38.0,11
ppo,3x3,medium,11,1090,C2,7,32.0,19
ppo,3x3,medium,11,1090,C3,0,0.0,3
ppo,3x3,medium,11,1090,D1,1,5.0,7
ppo,3x3,medium,11,1090,D2,5,32.0,12
ppo,3x3,medium,11,1090,D3,1,3.0,5
ppo,3x3,medium,11,1095,B1,0,0.0,3
ppo,3x3,medium,11,1095,B2,0,0.0,9
ppo,3x3,medium,11,1095,B3,2,21.0,7
ppo,3x3,medium,11,1095,C1,2,14.0,12
ppo,3x3,medium,11,1095,C2,4,17.0,17
ppo,3x3,medium,11,1095,C3,0,0.0,1
ppo,3x3,medium,11,1095,D1,1,1.0,7
ppo,3x3,medium,11,1095,D2,4,14.0,10
ppo,3x3,medium,11,1095,D3,0,0.0,5
ppo,3x3,medium,11,1100,B1,1,1.0,5
ppo,3x3,medium,11,1100,B2,0,0.0,8
ppo,3x3,medium,11,1100,B3,0,0.0,5
ppo,3x3,medium,11,1100,C1,1,1.0,11
ppo,3x3,medium,11,1100,C2,7,30.0,16
ppo,3x3,medium,11,1100,C3,0,0.0,3
ppo,3x3,medium,11,1100,D1,1,6.0,5
ppo,3x3,medium,11,1100,D2,3,13.0,11
ppo,3x3,medium,11,1100,D3,0,0.0,3
ppo,3x3,medium,11,1105,B1,1,6.0,6
ppo,3x3,medium,11,1105,B2,0,0.0,10
ppo,3x3,medium,11,1105,B3,1,1.0,4
ppo,3x3,medium,11,1105,C1,3,13.0,10
ppo,3x3,medium,11,1105,C2,10,76.0,20
ppo,3x3,medium,11,1105,C3,0,0.0,2
ppo,3x3,medium,11,1105,D1,3,17.0,7
ppo,3x3,medium,11,1105,D2,4,31.0,16
ppo,3x3,medium,11,1105,D3,0,0.0,3
ppo,3x3,medium,11,1110,B1,1,11.0,6
ppo,3x3,medium,11,1110,B2,0,0.0,9
ppo,3x3,medium,11,1110,B3,0,0.0,3
ppo,3x3,medium,11,1110,C1,2,9.0,10
ppo,3x3,medium,11,1110,C2,6,57.0,18
ppo,3x3,medium,11,1110,C3,0,0.0,2
ppo,3x3,medium,11,1110,D1,0,0.0,6
ppo,3x3,medium,11,1110,D2,2,20.0,15
ppo,3x3,medium,11,1110,D3,0,0.0,1
ppo,3x3,medium,11,1115,B1,0,0.0,8
ppo,3x3,medium,11,1115,B2,2,3.0,8
ppo,3x3,medium,11,1115,B3,1,2.0,3
ppo,3x3,medium,11,1115,C1,2,6.0,10
ppo,3x3,medium,11,1115,C2,3,12.0,18
ppo,3x3,medium,11,1115,C3,0,0.0,3
ppo,3x3,medium,11,1115,D1,0,0.0,5
ppo,3x3,medium,11,1115,D2,0,0.0,14
ppo,3x3,medium,11,1115,D3,0,0.0,2
ppo,3x3,medium,11,1120,B1,1,3.0,6
ppo,3x3,medium,11,1120,B2,4,20.0,10
ppo,3x3,medium,11,1120,B3,1,7.0,4
ppo,3x3,medium,11,1120,C1,2,16.0,9
ppo,3x3,medium,11,1120,C2,7,40.0,16
ppo,3x3,medium,11,1120,C3,1,3.0,5
ppo,3x3,medium,11,1120,D1,0,0.0,7
ppo,3x3,medium,11,1120,D2,4,10.0,12
ppo,3x3,medium,11,1120,D3,0,0.0,3
ppo,3x3,medium,11,1125,B1,1,8.0,6
ppo,3x3,medium,11,1125,B2,1,5.0,8
ppo,3x3,medium,11,1125,B3,1,12.0,5
ppo,3x3,medium,11,1125,C1,1,1.0,9
ppo,3x3,medium,11,1125,C2,6,30.0,16
ppo,3x3,medium,11,1125,C3,0,0.0,5
ppo,3x3,medium,11,1125,D1,0,0.0,5
ppo,3x3,medium,11,1125,D2,3,12.0,11
ppo,3x3,medium,11,1125,D3,0,0.0,3
ppo,3x3,medium,11,1130,B1,0,0.0,4
ppo,3x3,medium,11,1130,B2,0,0.0,8
ppo,3x3,medium,11,1130,B3,1,1.0,6
ppo,3x3,medium,11,1130,C1,3,11.0,9
ppo,3x3,medium,11,1130,C2,3,11.0,16
ppo,3x3,medium,11,1130,C3,0,0.0,7
ppo,3x3,medium,11,1130,D1,0,0.0,5
ppo,3x3,medium,11,1130,D2,6,17.0,11
ppo,3x3,medium,11,1130,D3,0,0.0,4
ppo,3x3,medium,11,1135,B1,1,1.0,4
ppo,3x3,medium,11,1135,B2,1,1.0,8
ppo,3x3,medium,11,1135,B3,2,8.0,6
ppo,3x3,medium,11,1135,C1,4,31.0,11
ppo,3x3,medium,11,1135,C2,4,27.0,15
ppo,3x3,medium,11,1135,C3,2,5.0,9
ppo,3x3,medium,11,1135,D1,1,3.0,6
ppo,3x3,medium,11,1135,D2,8,56.0,11
ppo,3x3,medium,11,1135,D3,2,7.0,6
ppo,3x3,medium,11,1140,B1,0,0.0,2
ppo,3x3,medium,11,1140,B2,0,0.0,7
ppo,3x3,medium,11,1140,B3,3,22.0,8
ppo,3x3,medium,11,1140,C1,2,22.0,11
ppo,3x3,medium,11,1140,C2,2,5.0,14
ppo,3x3,medium,11,1140,C3,3,8.0,9
ppo,3x3,medium,11,1140,D1,0,0.0,6
ppo,3x3,medium,11,1140,D2,5,37.0,12
ppo,3x3,medium,11,1140,D3,0,0.0,7
ppo,3x3,medium,11,1145,B1,0,0.0,4
ppo,3x3,medium,11,1145,B2,0,0.0,4
ppo,3x3,medium,11,1145,B3,1,9.0,10
ppo,3x3,medium,11,1145,C1,3,7.0,10
ppo,3x3,medium,11,1145,C2,6,22.0,14
ppo,3x3,medium,11,1145,C3,1,1.0,10
ppo,3x3,medium,11,1145,D1,2,7.0,7
ppo,3x3,medium,11,1145,D2,5,25.0,11
ppo,3x3,medium,11,1145,D3,1,4.0,8
ppo,3x3,medium,11,1150,B1,0,0.0,5
ppo,3x3,medium,11,1150,B2,3,7.0,5
ppo,3x3,medium,11,1150,B3,1,5.0,8
ppo,3x3,medium,11,1150,C1,4,23.0,9
ppo,3x3,medium,11,1150,C2,10,68.0,17
ppo,3x3,medium,11,1150,C3,1,6.0,9
ppo,3x3,medium,11,1150,D1,4,24.0,8
ppo,3x3,medium,11,1150,D2,6,53.0,10
ppo,3x3,medium,11,1150,D3,2,14.0,11
ppo,3x3,medium,11,1155,B1,0,0.0,5
ppo,3x3,medium,11,1155,B2,0,0.0,4
ppo,3x3,medium,11,1155,B3,2,13.0,7
ppo,3x3,medium,11,1155,C1,3,14.0,10
ppo,3x3,medium,11,1155,C2,7,63.0,15
ppo,3x3,medium,11,1155,C3,1,2.0,10
ppo,3x3,medium,11,1155,D1,3,20.0,8
ppo,3x3,medium,11,1155,D2,3,33.0,9
ppo,3x3,medium,11,1155,D3,0,0.0,11
ppo,3x3,medium,11,1160,B1,0,0.0,3
ppo,3x3,medium,11,1160,B2,1,3.0,4
ppo,3x3,medium,11,1160,B3,3,8.0,7
ppo,3x3,medium,11,1160,C1,1,3.0,8
ppo,3x3,medium,11,1160,C2,3,8.0,16
ppo,3x3,medium,11,1160,C3,4,17.0,12
ppo,3x3,medium,11,1160,D1,1,5.0,8
ppo,3x3,medium,11,1160,D2,0,0.0,8
ppo,3x3,medium,11,1160,D3,2,4.0,10
ppo,3x3,medium,11,1165,B1,1,2.0,2
ppo,3x3,medium,11,1165,B2,1,8.0,4
ppo,3x3,medium,11,1165,B3,2,11.0,5
ppo,3x3,medium,11,1165,C1,1,8.0,9
ppo,3x3,medium,11,1165,C2,6,24.0,14
ppo,3x3,medium,11,1165,C3,4,37.0,13
ppo,3x3,medium,11,1165,D1,1,10.0,7
ppo,3x3,medium,11,1165,D2,1,1.0,7
ppo,3x3,medium,11,1165,D3,4,19.0,11
ppo,3x3,medium,11,1170,B1,1,7.0,2
ppo,3x3,medium,11,1170,B2,0,0.0,3
ppo,3x3,medium,11,1170,B3,2,21.0,4
ppo,3x3,medium,11,1170,C1,1,2.0,8
ppo,3x3,medium,11,1170,C2,5,26.0,13
ppo,3x3,medium,11,1170,C3,3,28.0,12
ppo,3x3,medium,11,1170,D1,0,0.0,7
ppo,3x3,medium,11,1170,D2,1,4.0,6
ppo,3x3,medium,11,1170,D3,3,9.0,10
ppo,3x3,medium,11,1175,B1,0,0.0,0
ppo,3x3,medium,11,1175,B2,0,0.0,4
ppo,3x3,medium,11,1175,B3,0,0.0,3
ppo,3x3,medium,11,1175,C1,2,10.0,9
ppo,3x3,medium,11,1175,C2,5,17.0,15
ppo,3x3,medium,11,1175,C3,1,4.0,13
ppo,3x3,medium,11,1175,D1,0,0.0,9
ppo,3x3,medium,11,1175,D2,2,12.0,6
ppo,3x3,medium,11,1175,D3,0,0.0,9
ppo,3x3,medium,11,1180,B1,0,0.0,0
ppo,3x3,medium,11,1180,B2,1,2.0,6
ppo,3x3,medium,11,1180,B3,0,0.0,6
ppo,3x3,medium,11,1180,C1,4,26.0,10
ppo,3x3,medium,11,1180,C2,7,42.0,15
ppo,3x3,medium,11,1180,C3,4,16.0,14
ppo,3x3,medium,11,1180,D1,3,8.0,10
ppo,3x3,medium,11,1180,D2,2,22.0,7
ppo,3x3,medium,11,1180,D3,1,1.0,8
ppo,3x3,medium,11,1185,B1,0,0.0,2
ppo,3x3,medium,11,1185,B2,0,0.0,6
ppo,3x3,medium,11,1185,B3,0,0.0,6
ppo,3x3,medium,11,1185,C1,1,3.0,8
ppo,3x3,medium,11,1185,C2,7,55.0,14
ppo,3x3,medium,11,1185,C3,0,0.0,10
ppo,3x3,medium,11,1185,D1,2,9.0,8
ppo,3x3,medium,11,1185,D2,0,0.0,7
ppo,3x3,medium,11,1185,D3,2,5.0,7
ppo,3x3,medium,11,1190,B1,0,0.0,4
ppo,3x3,medium,11,1190,B2,0,0.0,6
ppo,3x3,medium,11,1190,B3,1,4.0,9
ppo,3x3,medium,11,1190,C1,2,10.0,6
ppo,3x3,medium,11,1190,C2,3,21.0,14
ppo,3x3,medium,11,1190,C3,2,7.0,8
ppo,3x3,medium,11,1190,D1,1,2.0,6
ppo,3x3,medium,11,1190,D2,2,6.0,8
ppo,3x3,medium,11,1190,D3,2,9.0,6
ppo,3x3,medium,11,1195,B1,0,0.0,7
ppo,3x3,medium,11,1195,B2,1,2.0,5
ppo,3x3,medium,11,1195,B3,0,0.0,5
ppo,3x3,medium,11,1195,C1,4,27.0,5
ppo,3x3,medium,11,1195,C2,3,10.0,13
ppo,3x3,medium,11,1195,C3,5,27.0,12
ppo,3x3,medium,11,1195,D1,2,9.0,6
ppo,3x3,medium,11,1195,D2,4,20.0,9
ppo,3x3,medium,11,1195,D3,3,24.0,5
ppo,3x3,medium,11,1200,B1,1,1.0,6
ppo,3x3,medium,11,1200,B2,0,0.0,3
ppo,3x3,medium,11,1200,B3,0,0.0,6
ppo,3x3,medium,11,1200,C1,2,9.0,7
ppo,3x3,medium,11,1200,C2,4,12.0,13
ppo,3x3,medium,11,1200,C3,4,26.0,11
ppo,3x3,medium,11,1200,D1,0,0.0,6
ppo,3x3,medium,11,1200,D2,1,6.0,9
ppo,3x3,medium,11,1200,D3,1,10.0,4
ppo,3x3,medium,11,1205,B1,1,1.0,5
ppo,3x3,medium,11,1205,B2,0,0.0,1
ppo,3x3,medium,11,1205,B3,0,0.0,8
ppo,3x3,medium,11,1205,C1,1,6.0,6
ppo,3x3,medium,11,1205,C2,5,19.0,15
ppo,3x3,medium,11,1205,C3,0,0.0,12
ppo,3x3,medium,11,1205,D1,1,4.0,5
ppo,3x3,medium,11,1205,D2,1,1.0,8
ppo,3x3,medium,11,1205,D3,1,2.0,5
ppo,3x3,medium,11,1210,B1,2,7.0,7
ppo,3x3,medium,11,1210,B2,0,0.0,1
ppo,3x3,medium,11,1210,B3,0,0.0,6
ppo,3x3,medium,11,1210,C1,1,11.0,6
ppo,3x3,medium,11,1210,C2,6,45.0,14
ppo,3x3,medium,11,1210,C3,1,1.0,10
ppo,3x3,medium,11,1210,D1,1,9.0,6
ppo,3x3,medium,11,1210,D2,3,15.0,8
ppo,3x3,medium,11,1210,D3,1,7.0,6
ppo,3x3,medium,11,1215,B1,3,22.0,8
ppo,3x3,medium,11,1215,B2,0,0.0,5
ppo,3x3,medium,11,1215,B3,0,0.0,7
ppo,3x3,medium,11,1215,C1,1,2.0,6
ppo,3x3,medium,11,1215,C2,5,39.0,13
ppo,3x3,medium,11,1215,C3,1,1.0,7
ppo,3x3,medium,11,1215,D1,0,0.0,4
ppo,3x3,medium,11,1215,D2,1,2.0,6
ppo,3x3,medium,11,1215,D3,0,0.0,5
ppo,3x3,medium,11,1220,B1,0,0.0,7
ppo,3x3,medium,11,1220,B2,0,0.0,8
ppo,3x3,medium,11,1220,B3,1,2.0,6
ppo,3x3,medium,11,1220,C1,1,7.0,6
ppo,3x3,medium,11,1220,C2,3,17.0,13
ppo,3x3,medium,11,1220,C3,3,12.0,11
ppo,3x3,medium,11,1220,D1,0,0.0,4
ppo,3x3,medium,11,1220,D2,4,14.0,8
ppo,3x3,medium,11,1220,D3,1,3.0,6
ppo,3x3,medium,11,1225,B1,0,0.0,6
ppo,3x3,medium,11,1225,B2,0,0.0,9
ppo,3x3,medium,11,1225,B3,0,0.0,6
ppo,3x3,medium,11,1225,C1,1,12.0,8
ppo,3x3,medium,11,1225,C2,4,34.0,12
ppo,3x3,medium,11,1225,C3,5,32.0,10
ppo,3x3,medium,11,1225,D1,2,6.0,4
ppo,3x3,medium,11,1225,D2,4,30.0,9
ppo,3x3,medium,11,1225,D3,1,8.0,6
ppo,3x3,medium,11,1230,B1,1,2.0,6
ppo,3x3,medium,11,1230,B2,0,0.0,6
ppo,3x3,medium,11,1230,B3,0,0.0,4
ppo,3x3,medium,11,1230,C1,0,0.0,7
ppo,3x3,medium,11,1230,C2,2,15.0,9
ppo,3x3,medium,11,1230,C3,3,20.0,9
ppo,3x3,medium,11,1230,D1,0,0.0,5
ppo,3x3,medium,11,1230,D2,1,8.0,8
ppo,3x3,medium,11,1230,D3,0,0.0,7
ppo,3x3,medium,11,1235,B1,1,7.0,7
ppo,3x3,medium,11,1235,B2,1,5.0,5
ppo,3x3,medium,11,1235,B3,0,0.0,6
ppo,3x3,medium,11,1235,C1,1,1.0,7
ppo,3x3,medium,11,1235,C2,3,12.0,8
ppo,3x3,medium,11,1235,C3,1,3.0,8
ppo,3x3,medium,11,1235,D1,0,0.0,7
ppo,3x3,medium,11,1235,D2,2,5.0,10
ppo,3x3,medium,11,1235,D3,1,2.0,7
ppo,3x3,medium,11,1240,B1,0,0.0,7
ppo,3x3,medium,11,1240,B2,2,15.0,6
ppo,3x3,medium,11,1240,B3,1,3.0,4
ppo,3x3,medium,11,1240,C1,2,9.0,5
ppo,3x3,medium,11,1240,C2,4,27.0,7
ppo,3x3,medium,11,1240,C3,2,11.0,8
ppo,3x3,medium,11,1240,D1,1,3.0,6
ppo,3x3,medium,11,1240,D2,6,25.0,11
ppo,3x3,medium,11,1240,D3,1,7.0,6
ppo,3x3,medium,11,1245,B1,1,1.0,5
ppo,3x3,medium,11,1245,B2,0,0.0,5
ppo,3x3,medium,11,1245,B3,1,8.0,7
ppo,3x3,medium,11,1245,C1,0,0.0,4
ppo,3x3,medium,11,1245,C2,1,2.0,8
ppo,3x3,medium,11,1245,C3,2,2.0,8
ppo,3x3,medium,11,1245,D1,0,0.0,4
ppo,3x3,medium,11,1245,D2,3,9.0,11
ppo,3x3,medium,11,1245,D3,1,2.0,5
ppo,3x3,medium,11,1250,B1,1,6.0,5
ppo,3x3,medium,11,1250,B2,0,0.0,7
ppo,3x3,medium,11,1250,B3,2,16.0,7
ppo,3x3,medium,11,1250,C1,1,1.0,4
ppo,3x3,medium,11,1250,C2,1,7.0,7
ppo,3x3,medium,11,1250,C3,5,20.0,9
ppo,3x3,medium,11,1250,D1,3,8.0,8
ppo,3x3,medium,11,1250,D2,4,16.0,12
ppo,3x3,medium,11,1250,D3,2,12.0,5
ppo,3x3,medium,11,1255,B1,0,0.0,6
ppo,3x3,medium,11,1255,B2,1,4.0,7
ppo,3x3,medium,11,1255,B3,0,0.0,5
ppo,3x3,medium,11,1255,C1,0,0.0,4
ppo,3x3,medium,11,1255,C2,1,12.0,8
ppo,3x3,medium,11,1255,C3,7,53.0,10
ppo,3x3,medium,11,1255,D1,3,21.0,10
ppo,3x3,medium,11,1255,D2,5,41.0,11
ppo,3x3,medium,11,1255,D3,3,25.0,6
ppo,3x3,medium,11,1260,B1,1,1.0,5
ppo,3x3,medium,11,1260,B2,1,1.0,6
ppo,3x3,medium,11,1260,B3,0,0.0,3
ppo,3x3,medium,11,1260,C1,0,0.0,5
ppo,3x3,medium,11,1260,C2,0,0.0,6
ppo,3x3,medium,11,1260,C3,3,29.0,9
ppo,3x3,medium,11,1260,D1,1,4.0,9
ppo,3x3,medium,11,1260,D2,2,22.0,10
ppo,3x3,medium,11,1260,D3,1,8.0,8
ppo,3x3,medium,11,1265,B1,1,6.0,7
ppo,3x3,medium,11,1265,B2,0,0.0,4
ppo,3x3,medium,11,1265,B3,1,2.0,3
ppo,3x3,medium,11,1265,C1,1,1.0,6
ppo,3x3,medium,11,1265,C2,3,11.0,10
ppo,3x3,medium,11,1265,C3,1,2.0,8
ppo,3x3,medium,11,1265,D1,2,12.0,9
ppo,3x3,medium,11,1265,D2,1,2.0,9
ppo,3x3,medium,11,1265,D3,1,2.0,9
ppo,3x3,medium,11,1270,B1,0,0.0,6
ppo,3x3,medium,11,1270,B2,1,3.0,3
ppo,3x3,medium,11,1270,B3,0,0.0,6
ppo,3x3,medium,11,1270,C1,1,6.0,5
ppo,3x3,medium,11,1270,C2,4,31.0,12
ppo,3x3,medium,11,1270,C3,1,1.0,9
ppo,3x3,medium,11,1270,D1,5,34.0,7
ppo,3x3,medium,11,1270,D2,2,11.0,9
ppo,3x3,medium,11,1270,D3,2,10.0,10
ppo,3x3,medium,11,1275,B1,2,5.0,5
ppo,3x3,medium,11,1275,B2,1,1.0,3
ppo,3x3,medium,11,1275,B3,0,0.0,6
ppo,3x3,medium,11,1275,C1,0,0.0,4
ppo,3x3,medium,11,1275,C2,0,0.0,12
ppo,3x3,medium,11,1275,C3,1,1.0,8
ppo,3x3,medium,11,1275,D1,1,7.0,4
ppo,3x3,medium,11,1275,D2,1,1.0,8
ppo,3x3,medium,11,1275,D3,2,5.0,9
ppo,3x3,medium,11,1280,B1,1,9.0,3
ppo,3x3,medium,11,1280,B2,1,6.0,4
ppo,3x3,medium,11,1280,B3,0,0.0,6
ppo,3x3,medium,11,1280,C1,2,5.0,5
ppo,3x3,medium,11,1280,C2,3,8.0,13
ppo,3x3,medium,11,1280,C3,2,11.0,7
ppo,3x3,medium,11,1280,D1,0,0.0,3
ppo,3x3,medium,11,1280,D2,2,6.0,7
ppo,3x3,medium,11,1280,D3,0,0.0,7
ppo,3x3,medium,11,1285,B1,0,0.0,1
ppo,3x3,medium,11,1285,B2,1,11.0,9
ppo,3x3,medium,11,1285,B3,2,4.0,5
ppo,3x3,medium,11,1285,C1,2,15.0,7
ppo,3x3,medium,11,1285,C2,5,31.0,15
ppo,3x3,medium,11,1285,C3,3,22.0,7
ppo,3x3,medium,11,1285,D1,0,0.0,2
ppo,3x3,medium,11,1285,D2,4,24.0,9
ppo,3x3,medium,11,1285,D3,2,7.0,4
ppo,3x3,medium,11,1290,B1,0,0.0,0
ppo,3x3,medium,11,1290,B2,0,0.0,12
ppo,3x3,medium,11,1290,B3,1,3.0,4
ppo,3x3,medium,11,1290,C1,0,0.0,8
ppo,3x3,medium,11,1290,C2,3,7.0,13
ppo,3x3,medium,11,1290,C3,0,0.0,7
ppo,3x3,medium,11,1290,D1,0,0.0,3
ppo,3x3,medium,11,1290,D2,1,8.0,7
ppo,3x3,medium,11,1290,D3,1,3.0,5
ppo,3x3,medium,11,1295,B1,0,0.0,2
ppo,3x3,medium,11,1295,B2,1,1.0,10
ppo,3x3,medium,11,1295,B3,0,0.0,4
ppo,3x3,medium,11,1295,C1,2,6.0,10
ppo,3x3,medium,11,1295,C2,4,16.0,10
ppo,3x3,medium,11,1295,C3,2,7.0,8
ppo,3x3,medium,11,1295,D1,1,2.0,4
ppo,3x3,medium,11,1295,D2,1,1.0,6
ppo,3x3,medium,11,1295,D3,0,0.0,7
ppo,3x3,medium,11,1300,B1,0,0.0,2
ppo,3x3,medium,11,1300,B2,3,9.0,8
ppo,3x3,medium,11,1300,B3,0,0.0,5
ppo,3x3,medium,11,1300,C1,4,26.0,11
ppo,3x3,medium,11,1300,C2,4,36.0,9
ppo,3x3,medium,11,1300,C3,3,21.0,8
ppo,3x3,medium,11,1300,D1,1,7.0,6
ppo,3x3,medium,11,1300,D2,2,11.0,6
ppo,3x3,medium,11,1300,D3,0,0.0,8
ppo,3x3,medium,11,1305,B1,0,0.0,4
ppo,3x3,medium,11,1305,B2,2,2.0,7
ppo,3x3,medium,11,1305,B3,0,0.0,5
ppo,3x3,medium,11,1305,C1,1,10.0,9
ppo,3x3,medium,11,1305,C2,2,13.0,10
ppo,3x3,medium,11,1305,C3,0,0.0,7
ppo,3x3,medium,11,1305,D1,1,2.0,5
ppo,3x3,medium,11,1305,D2,0,0.0,3
ppo,3x3,medium,11,1305,D3,1,3.0,8
ppo,3x3,medium,11,1310,B1,0,0.0,6
ppo,3x3,medium,11,1310,B2,4,12.0,7
ppo,3x3,medium,11,1310,B3,0,0.0,4
ppo,3x3,medium,11,1310,C1,3,3.0,10
ppo,3x3,medium,11,1310,C2,0,0.0,9
ppo,3x3,medium,11,1310,C3,0,0.0,5
ppo,3x3,medium,11,1310,D1,2,11.0,7
ppo,3x3,medium,11,1310,D2,1,4.0,4
ppo,3x3,medium,11,1310,D3,3,14.0,7
ppo,3x3,medium,11,1315,B1,0,0.0,9
ppo,3x3,medium,11,1315,B2,4,32.0,9
ppo,3x3,medium,11,1315,B3,1,5.0,5
ppo,3x3,medium,11,1315,C1,6,22.0,9
ppo,3x3,medium,11,1315,C2,0,0.0,7
ppo,3x3,medium,11,1315,C3,2,5.0,7
ppo,3x3,medium,11,1315,D1,3,26.0,6
ppo,3x3,medium,11,1315,D2,2,10.0,6
ppo,3x3,medium,11,1315,D3,3,29.0,6
ppo,3x3,medium,11,1320,B1,1,2.0,9
ppo,3x3,medium,11,1320,B2,1,3.0,6
ppo,3x3,medium,11,1320,B3,0,0.0,6
ppo,3x3,medium,11,1320,C1,3,19.0,10
ppo,3x3,medium,11,1320,C2,0,0.0,6
ppo,3x3,medium,11,1320,C3,0,0.0,5
ppo,3x3,medium,11,1320,D1,1,10.0,5
ppo,3x3,medium,11,1320,D2,0,0.0,8
ppo,3x3,medium,11,1320,D3,1,3.0,4
ppo,3x3,medium,11,1325,B1,0,0.0,9
ppo,3x3,medium,11,1325,B2,1,2.0,5
ppo,3x3,medium,11,1325,B3,1,3.0,7
ppo,3x3,medium,11,1325,C1,4,14.0,10
ppo,3x3,medium,11,1325,C2,3,9.0,6
ppo,3x3,medium,11,1325,C3,1,3.0,6
ppo,3x3,medium,11,1325,D1,1,5.0,5
ppo,3x3,medium,11,1325,D2,1,2.0,8
ppo,3x3,medium,11,1325,D3,1,2.0,4
ppo,3x3,medium,11,1330,B1,0,0.0,6
ppo,3x3,medium,11,1330,B2,2,10.0,5
ppo,3x3,medium,11,1330,B3,2,12.0,10
ppo,3x3,medium,11,1330,C1,4,34.0,10
ppo,3x3,medium,11,1330,C2,3,24.0,6
ppo,3x3,medium,11,1330,C3,3,16.0,6
ppo,3x3,medium,11,1330,D1,1,10.0,4
ppo,3x3,medium,11,1330,D2,3,15.0,10
ppo,3x3,medium,11,1330,D3,1,7.0,3
ppo,3x3,medium,11,1335,B1,1,3.0,5
ppo,3x3,medium,11,1335,B2,1,4.0,5
ppo,3x3,medium,11,1335,B3,1,1.0,7
ppo,3x3,medium,11,1335,C1,1,1.0,9
ppo,3x3,medium,11,1335,C2,1,11.0,5
ppo,3x3,medium,11,1335,C3,0,0.0,4
ppo,3x3,medium,11,1335,D1,0,0.0,5
ppo,3x3,medium,11,1335,D2,3,15.0,10
ppo,3x3,medium,11,1335,D3,0,0.0,5
ppo,3x3,medium,11,1340,B1,1,1.0,5
ppo,3x3,medium,11,1340,B2,0,0.0,4
ppo,3x3,medium,11,1340,B3,2,8.0,9
ppo,3x3,medium,11,1340,C1,1,6.0,9
ppo,3x3,medium,11,1340,C2,0,0.0,5
ppo,3x3,medium,11,1340,C3,0,0.0,4
ppo,3x3,medium,11,1340,D1,1,1.0,7
ppo,3x3,medium,11,1340,D2,2,8.0,9
ppo,3x3,medium,11,1340,D3,1,1.0,8
ppo,3x3,medium,11,1345,B1,2,10.0,8
ppo,3x3,medium,11,1345,B2,1,4.0,5
ppo,3x3,medium,11,1345,B3,3,19.0,10
ppo,3x3,medium,11,1345,C1,3,19.0,9
ppo,3x3,medium,11,1345,C2,0,0.0,5
ppo,3x3,medium,11,1345,C3,0,0.0,5
ppo,3x3,medium,11,1345,D1,2,11.0,10
ppo,3x3,medium,11,1345,D2,3,21.0,8
ppo,3x3,medium,11,1345,D3,2,7.0,8
ppo,3x3,medium,11,1350,B1,2,20.0,8
ppo,3x3,medium,11,1350,B2,0,0.0,3
ppo,3x3,medium,11,1350,B3,2,8.0,12
ppo,3x3,medium,11,1350,C1,1,8.0,8
ppo,3x3,medium,11,1350,C2,0,0.0,5
ppo,3x3,medium,11,1350,C3,0,0.0,5
ppo,3x3,medium,11,1350,D1,1,1.0,11
ppo,3x3,medium,11,1350,D2,2,11.0,7
ppo,3x3,medium,11,1350,D3,0,0.0,6
ppo,3x3,medium,11,1355,B1,1,3.0,9
ppo,3x3,medium,11,1355,B2,0,0.0,2
ppo,3x3,medium,11,1355,B3,1,7.0,10
ppo,3x3,medium,11,1355,C1,2,7.0,6
ppo,3x3,medium,11,1355,C2,0,0.0,6
ppo,3x3,medium,11,1355,C3,1,2.0,6
ppo,3x3,medium,11,1355,D1,1,1.0,13
ppo,3x3,medium,11,1355,D2,2,10.0,9
ppo,3x3,medium,11,1355,D3,2,4.0,7
ppo,3x3,medium,11,1360,B1,1,2.0,6
ppo,3x3,medium,11,1360,B2,1,1.0,3
ppo,3x3,medium,11,1360,B3,3,21.0,10
ppo,3x3,medium,11,1360,C1,3,22.0,6
ppo,3x3,medium,11,1360,C2,3,11.0,6
ppo,3x3,medium,11,1360,C3,2,12.0,8
ppo,3x3,medium,11,1360,D1,2,8.0,13
ppo,3x3,medium,11,1360,D2,3,24.0,9
ppo,3x3,medium,11,1360,D3,5,27.0,6
ppo,3x3,medium,11,1365,B1,2,12.0,7
ppo,3x3,medium,11,1365,B2,0,0.0,3
ppo,3x3,medium,11,1365,B3,2,12.0,10
ppo,3x3,medium,11,1365,C1,1,3.0,4
ppo,3x3,medium,11,1365,C2,1,7.0,6
ppo,3x3,medium,11,1365,C3,0,0.0,7
ppo,3x3,medium,11,1365,D1,3,9.0,12
ppo,3x3,medium,11,1365,D2,1,1.0,8
ppo,3x3,medium,11,1365,D3,1,1.0,4
ppo,3x3,medium,11,1370,B1,1,1.0,6
ppo,3x3,medium,11,1370,B2,0,0.0,4
ppo,3x3,medium,11,1370,B3,3,8.0,10
ppo,3x3,medium,11,1370,C1,1,2.0,4
ppo,3x3,medium,11,1370,C2,0,0.0,6
ppo,3x3,medium,11,1370,C3,2,6.0,8
ppo,3x3,medium,11,1370,D1,5,23.0,12
ppo,3x3,medium,11,1370,D2,4,17.0,10
ppo,3x3,medium,11,1370,D3,2,10.0,4
ppo,3x3,medium,11,1375,B1,0,0.0,4
ppo,3x3,medium,11,1375,B2,1,3.0,7
ppo,3x3,medium,11,1375,B3,4,20.0,9
ppo,3x3,medium,11,1375,C1,1,7.0,6
ppo,3x3,medium,11,1375,C2,1,5.0,5
ppo,3x3,medium,11,1375,C3,4,21.0,10
ppo,3x3,medium,11,1375,D1,7,51.0,15
ppo,3x3,medium,11,1375,D2,5,41.0,9
ppo,3x3,medium,11,1375,D3,3,25.0,4
ppo,3x3,medium,11,1380,B1,0,0.0,3
ppo,3x3,medium,11,1380,B2,0,0.0,7
ppo,3x3,medium,11,1380,B3,2,4.0,8
ppo,3x3,medium,11,1380,C1,1,2.0,7
ppo,3x3,medium,11,1380,C2,0,0.0,7
ppo,3x3,medium,11,1380,C3,2,11.0,9
ppo,3x3,medium,11,1380,D1,3,12.0,14
ppo,3x3,medium,11,1380,D2,3,22.0,9
ppo,3x3,medium,11,1380,D3,0,0.0,3
ppo,3x3,medium,11,1385,B1,2,6.0,2
ppo,3x3,medium,11,1385,B2,1,2.0,10
ppo,3x3,medium,11,1385,B3,3,14.0,6
ppo,3x3,medium,11,1385,C1,1,7.0,10
ppo,3x3,medium,11,1385,C2,0,0.0,9
ppo,3x3,medium,11,1385,C3,2,3.0,7
ppo,3x3,medium,11,1385,D1,6,25.0,12
ppo,3x3,medium,11,1385,D2,3,14.0,10
ppo,3x3,medium,11,1385,D3,0,0.0,2
ppo,3x3,medium,11,1390,B1,0,0.0,0
ppo,3x3,medium,11,1390,B2,2,9.0,12
ppo,3x3,medium,11,1390,B3,3,29.0,9
ppo,3x3,medium,11,1390,C1,2,17.0,10
ppo,3x3,medium,11,1390,C2,2,6.0,12
ppo,3x3,medium,11,1390,C3,5,20.0,8
ppo,3x3,medium,11,1390,D1,8,63.0,10
ppo,3x3,medium,11,1390,D2,3,29.0,8
ppo,3x3,medium,11,1390,D3,2,5.0,6
ppo,3x3,medium,11,1395,B1,0,0.0,2
ppo,3x3,medium,11,1395,B2,1,1.0,10
ppo,3x3,medium,11,1395,B3,1,11.0,8
ppo,3x3,medium,11,1395,C1,1,3.0,9
ppo,3x3,medium,11,1395,C2,3,9.0,10
ppo,3x3,medium,11,1395,C3,1,6.0,6
ppo,3x3,medium,11,1395,D1,6,69.0,9
ppo,3x3,medium,11,1395,D2,1,2.0,7
ppo,3x3,medium,11,1395,D3,1,1.0,5
ppo,3x3,medium,11,1400,B1,0,0.0,3
ppo,3x3,medium,11,1400,B2,4,14.0,9
ppo,3x3,medium,11,1400,B3,1,5.0,7
ppo,3x3,medium,11,1400,C1,1,1.0,7
ppo,3x3,medium,11,1400,C2,2,5.0,12
ppo,3x3,medium,11,1400,C3,3,8.0,7
ppo,3x3,medium,11,1400,D1,1,13.0,8
ppo,3x3,medium,11,1400,D2,2,10.0,6
ppo,3x3,medium,11,1400,D3,1,6.0,6
ppo,3x3,medium,11,1405,B1,0,0.0,2
ppo,3x3,medium,11,1405,B2,6,43.0,10
ppo,3x3,medium,11,1405,B3,1,10.0,6
ppo,3x3,medium,11,1405,C1,5,16.0,7
ppo,3x3,medium,11,1405,C2,2,15.0,12
ppo,3x3,medium,11,1405,C3,2,13.0,7
ppo,3x3,medium,11,1405,D1,0,0.0,8
ppo,3x3,medium,11,1405,D2,4,27.0,10
ppo,3x3,medium,11,1405,D3,2,12.0,8
ppo,3x3,medium,11,1410,B1,0,0.0,2
ppo,3x3,medium,11,1410,B2,2,19.0,10
ppo,3x3,medium,11,1410,B3,2,2.0,6
ppo,3x3,medium,11,1410,C1,0,0.0,7
ppo,3x3,medium,11,1410,C2,1,2.0,10
ppo,3x3,medium,11,1410,C3,2,5.0,8
ppo,3x3,medium,11,1410,D1,1,3.0,8
ppo,3x3,medium,11,1410,D2,2,11.0,12
ppo,3x3,medium,11,1410,D3,1,5.0,6
ppo,3x3,medium,11,1415,B1,1,2.0,3
ppo,3x3,medium,11,1415,B2,0,0.0,8
ppo,3x3,medium,11,1415,B3,4,15.0,9
ppo,3x3,medium,11,1415,C1,2,6.0,6
ppo,3x3,medium,11,1415,C2,5,19.0,13
ppo,3x3,medium,11,1415,C3,1,8.0,10
ppo,3x3,medium,11,1415,D1,4,18.0,9
ppo,3x3,medium,11,1415,D2,0,0.0,10
ppo,3x3,medium,11,1415,D3,0,0.0,7
ppo,3x3,medium,11,1420,B1,1,7.0,4
ppo,3x3,medium,11,1420,B2,2,5.0,7
ppo,3x3,medium,11,1420,B3,5,36.0,11
ppo,3x3,medium,11,1420,C1,3,21.0,6
ppo,3x3,medium,11,1420,C2,9,58.0,15
ppo,3x3,medium,11,1420,C3,2,18.0,9
ppo,3x3,medium,11,1420,D1,6,44.0,11
ppo,3x3,medium,11,1420,D2,1,3.0,10
ppo,3x3,medium,11,1420,D3,1,2.0,7
ppo,3x3,medium,11,1425,B1,1,12.0,5
ppo,3x3,medium,11,1425,B2,1,1.0,4
ppo,3x3,medium,11,1425,B3,2,17.0,11
ppo,3x3,medium,11,1425,C1,0,0.0,3
ppo,3x3,medium,11,1425,C2,5,50.0,13
ppo,3x3,medium,11,1425,C3,0,0.0,6
ppo,3x3,medium,11,1425,D1,6,50.0,11
ppo,3x3,medium,11,1425,D2,3,6.0,8
ppo,3x3,medium,11,1425,D3,1,2.0,6
ppo,3x3,medium,11,1430,B1,0,0.0,7
ppo,3x3,medium,11,1430,B2,2,8.0,4
ppo,3x3,medium,11,1430,B3,4,9.0,13
ppo,3x3,medium,11,1430,C1,1,5.0,2
ppo,3x3,medium,11,1430,C2,1,3.0,14
ppo,3x3,medium,11,1430,C3,1,2.0,7
ppo,3x3,medium,11,1430,D1,2,12.0,10
ppo,3x3,medium,11,1430,D2,5,26.0,9
ppo,3x3,medium,11,1430,D3,2,10.0,6
ppo,3x3,medium,11,1435,B1,2,6.0,7
ppo,3x3,medium,11,1435,B2,2,18.0,6
ppo,3x3,medium,11,1435,B3,5,29.0,15
ppo,3x3,medium,11,1435,C1,1,10.0,3
ppo,3x3,medium,11,1435,C2,5,22.0,15
ppo,3x3,medium,11,1435,C3,3,15.0,8
ppo,3x3,medium,11,1435,D1,1,8.0,8
ppo,3x3,medium,11,1435,D2,5,51.0,8
ppo,3x3,medium,11,1435,D3,3,24.0,6
ppo,3x3,medium,11,1440,B1,3,18.0,7
ppo,3x3,medium,11,1440,B2,0,0.0,6
ppo,3x3,medium,11,1440,B3,4,9.0,16
ppo,3x3,medium,11,1440,C1,0,0.0,4
ppo,3x3,medium,11,1440,C2,2,3.0,13
ppo,3x3,medium,11,1440,C3,0,0.0,6
ppo,3x3,medium,11,1440,D1,2,4.0,7
ppo,3x3,medium,11,1440,D2,3,41.0,8
ppo,3x3,medium,11,1440,D3,1,9.0,4
ppo,3x3,medium,11,1445,B1,1,4.0,8
ppo,3x3,medium,11,1445,B2,1,1.0,8
ppo,3x3,medium,11,1445,B3,6,38.0,14
ppo,3x3,medium,11,1445,C1,0,0.0,4
ppo,3x3,medium,11,1445,C2,7,31.0,12
ppo,3x3,medium,11,1445,C3,1,3.0,8
ppo,3x3,medium,11,1445,D1,3,11.0,5
ppo,3x3,medium,11,1445,D2,1,2.0,8
ppo,3x3,medium,11,1445,D3,0,0.0,4
ppo,3x3,medium,11,1450,B1,2,3.0,7
ppo,3x3,medium,11,1450,B2,2,9.0,10
ppo,3x3,medium,11,1450,B3,9,80.0,15
ppo,3x3,medium,11,1450,C1,0,0.0,6
ppo,3x3,medium,11,1450,C2,8,63.0,10
ppo,3x3,medium,11,1450,C3,3,13.0,10
ppo,3x3,medium,11,1450,D1,5,35.0,6
ppo,3x3,medium,11,1450,D2,1,7.0,8
ppo,3x3,medium,11,1450,D3,1,4.0,7
ppo,3x3,medium,11,1455,B1,3,18.0,11
ppo,3x3,medium,11,1455,B2,2,7.0,7
ppo,3x3,medium,11,1455,B3,10,76.0,13
ppo,3x3,medium,11,1455,C1,0,0.0,5
ppo,3x3,medium,11,1455,C2,5,45.0,8
ppo,3x3,medium,11,1455,C3,0,0.0,10
ppo,3x3,medium,11,1455,D1,3,31.0,6
ppo,3x3,medium,11,1455,D2,0,0.0,6
ppo,3x3,medium,11,1455,D3,0,0.0,6
ppo,3x3,medium,11,1460,B1,2,4.0,11
ppo,3x3,medium,11,1460,B2,0,0.0,7
ppo,3x3,medium,11,1460,B3,1,8.0,13
ppo,3x3,medium,11,1460,C1,0,0.0,3
ppo,3x3,medium,11,1460,C2,0,0.0,5
ppo,3x3,medium,11,1460,C3,2,7.0,12
ppo,3x3,medium,11,1460,D1,0,0.0,4
ppo,3x3,medium,11,1460,D2,3,11.0,7
ppo,3x3,medium,11,1460,D3,0,0.0,7
ppo,3x3,medium,11,1465,B1,1,5.0,13
ppo,3x3,medium,11,1465,B2,2,6.0,8
ppo,3x3,medium,11,1465,B3,4,20.0,13
ppo,3x3,medium,11,1465,C1,0,0.0,5
ppo,3x3,medium,11,1465,C2,0,0.0,3
ppo,3x3,medium,11,1465,C3,5,28.0,11
ppo,3x3,medium,11,1465,D1,0,0.0,2
ppo,3x3,medium,11,1465,D2,4,31.0,7
ppo,3x3,medium,11,1465,D3,1,2.0,9
ppo,3x3,medium,11,1470,B1,5,22.0,15
ppo,3x3,medium,11,1470,B2,0,0.0,7
ppo,3x3,medium,11,1470,B3,1,1.0,10
ppo,3x3,medium,11,1470,C1,0,0.0,6
ppo,3x3,medium,11,1470,C2,1,2.0,4
ppo,3x3,medium,11,1470,C3,2,17.0,10
ppo,3x3,medium,11,1470,D1,0,0.0,2
ppo,3x3,medium,11,1470,D2,0,0.0,6
ppo,3x3,medium,11,1470,D3,1,2.0,8
ppo,3x3,medium,11,1475,B1,2,11.0,13
ppo,3x3,medium,11,1475,B2,1,1.0,6
ppo,3x3,medium,11,1475,B3,4,14.0,12
ppo,3x3,medium,11,1475,C1,0,0.0,5
ppo,3x3,medium,11,1475,C2,1,7.0,6
ppo,3x3,medium,11,1475,C3,2,6.0,8
ppo,3x3,medium,11,1475,D1,1,5.0,4
ppo,3x3,medium,11,1475,D2,0,0.0,5
ppo,3x3,medium,11,1475,D3,3,12.0,11
ppo,3x3,medium,11,1480,B1,4,7.0,11
ppo,3x3,medium,11,1480,B2,3,11.0,8
ppo,3x3,medium,11,1480,B3,6,40.0,12
ppo,3x3,medium,11,1480,C1,0,0.0,3
ppo,3x3,medium,11,1480,C2,2,17.0,6
ppo,3x3,medium,11,1480,C3,4,22.0,9
ppo,3x3,medium,11,1480,D1,1,10.0,4
ppo,3x3,medium,11,1480,D2,2,8.0,4
ppo,3x3,medium,11,1480,D3,5,32.0,14
ppo,3x3,medium,11,1485,B1,6,33.0,12
ppo,3x3,medium,11,1485,B2,0,0.0,6
ppo,3x3,medium,11,1485,B3,3,27.0,11
ppo,3x3,medium,11,1485,C1,0,0.0,2
ppo,3x3,medium,11,1485,C2,0,0.0,3
ppo,3x3,medium,11,1485,C3,3,13.0,7
ppo,3x3,medium,11,1485,D1,1,5.0,5
ppo,3x3,medium,11,1485,D2,0,0.0,3
ppo,3x3,medium,11,1485,D3,4,23.0,13
ppo,3x3,medium,11,1490,B1,3,11.0,13
ppo,3x3,medium,11,1490,B2,0,0.0,8
ppo,3x3,medium,11,1490,B3,1,1.0,9
ppo,3x3,medium,11,1490,C1,0,0.0,4
ppo,3x3,medium,11,1490,C2,1,2.0,2
ppo,3x3,medium,11,1490,C3,3,20.0,8
ppo,3x3,medium,11,1490,D1,2,12.0,5
ppo,3x3,medium,11,1490,D2,1,4.0,6
ppo,3x3,medium,11,1490,D3,0,0.0,11
ppo,3x3,medium,11,1495,B1,5,24.0,11
ppo,3x3,medium,11,1495,B2,2,4.0,12
ppo,3x3,medium,11,1495,B3,2,9.0,7
ppo,3x3,medium,11,1495,C1,0,0.0,8
ppo,3x3,medium,11,1495,C2,1,7.0,2
ppo,3x3,medium,11,1495,C3,3,35.0,9
ppo,3x3,medium,11,1495,D1,2,22.0,6
ppo,3x3,medium,11,1495,D2,2,13.0,7
ppo,3x3,medium,11,1495,D3,2,4.0,9
ppo,3x3,medium,11,1500,B1,7,59.0,11
ppo,3x3,medium,11,1500,B2,0,0.0,12
ppo,3x3,medium,11,1500,B3,1,1.0,6
ppo,3x3,medium,11,1500,C1,0,0.0,8
ppo,3x3,medium,11,1500,C2,0,0.0,1
ppo,3x3,medium,11,1500,C3,0,0.0,7
ppo,3x3,medium,11,1500,D1,0,0.0,6
ppo,3x3,medium,11,1500,D2,0,0.0,6
ppo,3x3,medium,11,1500,D3,2,3.0,9
ppo,3x3,medium,11,1505,B1,5,51.0,10
ppo,3x3,medium,11,1505,B2,3,6.0,9
ppo,3x3,medium,11,1505,B3,2,7.0,9
ppo,3x3,medium,11,1505,C1,1,2.0,10
ppo,3x3,medium,11,1505,C2,1,2.0,5
ppo,3x3,medium,11,1505,C3,2,5.0,6
ppo,3x3,medium,11,1505,D1,1,3.0,6
ppo,3x3,medium,11,1505,D2,1,3.0,5
ppo,3x3,medium,11,1505,D3,3,15.0,9
ppo,3x3,medium,11,1510,B1,1,5.0,9
ppo,3x3,medium,11,1510,B2,6,26.0,8
ppo,3x3,medium,11,1510,B3,3,18.0,9
ppo,3x3,medium,11,1510,C1,3,15.0,11
ppo,3x3,medium,11,1510,C2,1,7.0,6
ppo,3x3,medium,11,1510,C3,5,24.0,7
ppo,3x3,medium,11,1510,D1,1,8.0,7
ppo,3x3,medium,11,1510,D2,2,12.0,6
ppo,3x3,medium,11,1510,D3,6,39.0,10
ppo,3x3,medium,11,1515,B1,1,10.0,9
ppo,3x3,medium,11,1515,B2,2,13.0,5
ppo,3x3,medium,11,1515,B3,0,0.0,7
ppo,3x3,medium,11,1515,C1,1,3.0,9
ppo,3x3,medium,11,1515,C2,0,0.0,6
ppo,3x3,medium,11,1515,C3,1,5.0,4
ppo,3x3,medium,11,1515,D1,0,0.0,7
ppo,3x3,medium,11,1515,D2,0,0.0,4
ppo,3x3,medium,11,1515,D3,4,36.0,9
ppo,3x3,medium,11,1520,B1,1,1.0,12
ppo,3x3,medium,11,1520,B2,1,1.0,5
ppo,3x3,medium,11,1520,B3,1,2.0,7
ppo,3x3,medium,11,1520,C1,2,5.0,9
ppo,3x3,medium,11,1520,C2,0,0.0,6
ppo,3x3,medium,11,1520,C3,1,4.0,5
ppo,3x3,medium,11,1520,D1,2,4.0,8
ppo,3x3,medium,11,1520,D2,1,4.0,6
ppo,3x3,medium,11,1520,D3,1,4.0,8
ppo,3x3,medium,11,1525,B1,3,11.0,13
ppo,3x3,medium,11,1525,B2,2,11.0,6
ppo,3x3,medium,11,1525,B3,2,12.0,7
ppo,3x3,medium,11,1525,C1,4,23.0,10
ppo,3x3,medium,11,1525,C2,2,7.0,6
ppo,3x3,medium,11,1525,C3,2,10.0,9
ppo,3x3,medium,11,1525,D1,3,19.0,8
ppo,3x3,medium,11,1525,D2,3,15.0,8
ppo,3x3,medium,11,1525,D3,1,9.0,5
ppo,3x3,medium,11,1530,B1,6,36.0,15
ppo,3x3,medium,11,1530,B2,1,1.0,7
ppo,3x3,medium,11,1530,B3,0,0.0,7
ppo,3x3,medium,11,1530,C1,1,8.0,8
ppo,3x3,medium,11,1530,C2,1,2.0,5
ppo,3x3,medium,11,1530,C3,0,0.0,7
ppo,3x3,medium,11,1530,D1,1,10.0,6
ppo,3x3,medium,11,1530,D2,2,11.0,8
ppo,3x3,medium,11,1530,D3,0,0.0,3
ppo,3x3,medium,11,1535,B1,8,46.0,18
ppo,3x3,medium,11,1535,B2,4,17.0,9
ppo,3x3,medium,11,1535,B3,2,5.0,6
ppo,3x3,medium,11,1535,C1,1,2.0,7
ppo,3x3,medium,11,1535,C2,0,0.0,6
ppo,3x3,medium,11,1535,C3,0,0.0,8
ppo,3x3,medium,11,1535,D1,1,2.0,4
ppo,3x3,medium,11,1535,D2,0,0.0,6
ppo,3x3,medium,11,1535,D3,0,0.0,4
ppo,3x3,medium,11,1540,B1,6,30.0,17
ppo,3x3,medium,11,1540,B2,5,41.0,9
ppo,3x3,medium,11,1540,B3,2,15.0,7
ppo,3x3,medium,11,1540,C1,3,12.0,10
ppo,3x3,medium,11,1540,C2,1,4.0,7
ppo,3x3,medium,11,1540,C3,4,12.0,7
ppo,3x3,medium,11,1540,D1,2,11.0,5
ppo,3x3,medium,11,1540,D2,1,1.0,6
ppo,3x3,medium,11,1540,D3,2,4.0,5
ppo,3x3,medium,11,1545,B1,6,50.0,16
ppo,3x3,medium,11,1545,B2,3,26.0,9
ppo,3x3,medium,11,1545,B3,0,0.0,8
ppo,3x3,medium,11,1545,C1,1,4.0,9
ppo,3x3,medium,11,1545,C2,0,0.0,6
ppo,3x3,medium,11,1545,C3,2,10.0,8
ppo,3x3,medium,11,1545,D1,1,3.0,4
ppo,3x3,medium,11,1545,D2,0,0.0,6
ppo,3x3,medium,11,1545,D3,0,0.0,6
ppo,3x3,medium,11,1550,B1,6,36.0,18
ppo,3x3,medium,11,1550,B2,1,4.0,7
ppo,3x3,medium,11,1550,B3,3,8.0,9
ppo,3x3,medium,11,1550,C1,2,6.0,9
ppo,3x3,medium,11,1550,C2,2,2.0,13
ppo,3x3,medium,11,1550,C3,0,0.0,6
ppo,3x3,medium,11,1550,D1,1,2.0,2
ppo,3x3,medium,11,1550,D2,1,4.0,5
ppo,3x3,medium,11,1550,D3,1,2.0,5
ppo,3x3,medium,11,1555,B1,6,30.0,14
ppo,3x3,medium,11,1555,B2,1,9.0,6
ppo,3x3,medium,11,1555,B3,4,26.0,10
ppo,3x3,medium,11,1555,C1,3,18.0,9
ppo,3x3,medium,11,1555,C2,4,20.0,16
ppo,3x3,medium,11,1555,C3,0,0.0,3
ppo,3x3,medium,11,1555,D1,1,7.0,4
ppo,3x3,medium,11,1555,D2,2,11.0,5
ppo,3x3,medium,11,1555,D3,2,10.0,5
ppo,3x3,medium,11,1560,B1,8,68.0,13
ppo,3x3,medium,11,1560,B2,0,0.0,6
ppo,3x3,medium,11,1560,B3,0,0.0,7
ppo,3x3,medium,11,1560,C1,3,15.0,8
ppo,3x3,medium,11,1560,C2,0,0.0,16
ppo,3x3,medium,11,1560,C3,0,0.0,3
ppo,3x3,medium,11,1560,D1,1,1.0,4
ppo,3x3,medium,11,1560,D2,0,0.0,5
ppo,3x3,medium,11,1560,D3,0,0.0,4
ppo,3x3,medium,11,1565,B1,6,59.0,11
ppo,3x3,medium,11,1565,B2,2,7.0,9
ppo,3x3,medium,11,1565,B3,4,12.0,7
ppo,3x3,medium,11,1565,C1,0,0.0,7
ppo,3x3,medium,11,1565,C2,2,2.0,12
ppo,3x3,medium,11,1565,C3,1,5.0,7
ppo,3x3,medium,11,1565,D1,1,6.0,7
ppo,3x3,medium,11,1565,D2,1,4.0,6
ppo,3x3,medium,11,1565,D3,1,4.0,8
ppo,3x3,medium,11,1570,B1,3,14.0,11
ppo,3x3,medium,11,1570,B2,4,23.0,12
ppo,3x3,medium,11,1570,B3,4,26.0,8
ppo,3x3,medium,11,1570,C1,1,1.0,5
ppo,3x3,medium,11,1570,C2,6,23.0,11
ppo,3x3,medium,11,1570,C3,1,10.0,10
ppo,3x3,medium,11,1570,D1,2,12.0,6
ppo,3x3,medium,11,1570,D2,1,9.0,6
ppo,3x3,medium,11,1570,D3,1,9.0,9
ppo,3x3,medium,11,1575,B1,4,30.0,10
ppo,3x3,medium,11,1575,B2,1,7.0,10
ppo,3x3,medium,11,1575,B3,0,0.0,8
ppo,3x3,medium,11,1575,C1,1,1.0,3
ppo,3x3,medium,11,1575,C2,3,12.0,7
ppo,3x3,medium,11,1575,C3,0,0.0,8
ppo,3x3,medium,11,1575,D1,1,3.0,7
ppo,3x3,medium,11,1575,D2,0,0.0,5
ppo,3x3,medium,11,1575,D3,0,0.0,9
ppo,3x3,medium,11,1580,B1,1,1.0,9
ppo,3x3,medium,11,1580,B2,3,7.0,9
ppo,3x3,medium,11,1580,B3,2,3.0,9
ppo,3x3,medium,11,1580,C1,1,1.0,1
ppo,3x3,medium,11,1580,C2,0,0.0,7
ppo,3x3,medium,11,1580,C3,2,5.0,11
ppo,3x3,medium,11,1580,D1,1,8.0,10
ppo,3x3,medium,11,1580,D2,2,3.0,7
ppo,3x3,medium,11,1580,D3,1,2.0,8
ppo,3x3,medium,11,1585,B1,4,15.0,7
ppo,3x3,medium,11,1585,B2,6,35.0,14
ppo,3x3,medium,11,1585,B3,3,15.0,9
ppo,3x3,medium,11,1585,C1,1,6.0,3
ppo,3x3,medium,11,1585,C2,3,12.0,6
ppo,3x3,medium,11,1585,C3,5,25.0,13
ppo,3x3,medium,11,1585,D1,2,18.0,11
ppo,3x3,medium,11,1585,D2,2,13.0,8
ppo,3x3,medium,11,1585,D3,3,13.0,10
ppo,3x3,medium,11,1590,B1,5,38.0,8
ppo,3x3,medium,11,1590,B2,3,23.0,13
ppo,3x3,medium,11,1590,B3,2,9.0,7
ppo,3x3,medium,11,1590,C1,0,0.0,3
ppo,3x3,medium,11,1590,C2,2,9.0,5
ppo,3x3,medium,11,1590,C3,2,13.0,12
ppo,3x3,medium,11,1590,D1,0,0.0,9
ppo,3x3,medium,11,1590,D2,0,0.0,9
ppo,3x3,medium,11,1590,D3,1,4.0,8
ppo,3x3,medium,11,1595,B1,4,36.0,8
ppo,3x3,medium,11,1595,B2,0,0.0,12
ppo,3x3,medium,11,1595,B3,1,3.0,6
ppo,3x3,medium,11,1595,C1,0,0.0,6
ppo,3x3,medium,11,1595,C2,0,0.0,5
ppo,3x3,medium,11,1595,C3,4,7.0,14
ppo,3x3,medium,11,1595,D1,2,3.0,7
ppo,3x3,medium,11,1595,D2,1,5.0,10
ppo,3x3,medium,11,1595,D3,2,5.0,6
ppo,3x3,medium,11,1600,B1,0,0.0,8
ppo,3x3,medium,11,1600,B2,3,9.0,10
ppo,3x3,medium,11,1600,B3,1,8.0,5
ppo,3x3,medium,11,1600,C1,1,1.0,7
ppo,3x3,medium,11,1600,C2,0,0.0,4
ppo,3x3,medium,11,1600,C3,8,41.0,16
ppo,3x3,medium,11,1600,D1,4,19.0,6
ppo,3x3,medium,11,1600,D2,3,19.0,10
ppo,3x3,medium,11,1600,D3,0,0.0,5
ppo,3x3,medium,11,1605,B1,0,0.0,8
ppo,3x3,medium,11,1605,B2,2,6.0,8
ppo,3x3,medium,11,1605,B3,0,0.0,6
ppo,3x3,medium,11,1605,C1,0,0.0,6
ppo,3x3,medium,11,1605,C2,0,0.0,5
ppo,3x3,medium,11,1605,C3,4,6.0,14
ppo,3x3,medium,11,1605,D1,1,7.0,5
ppo,3x3,medium,11,1605,D2,3,18.0,9
ppo,3x3,medium,11,1605,D3,2,5.0,6
ppo,3x3,medium,11,1610,B1,0,0.0,8
ppo,3x3,medium,11,1610,B2,3,10.0,7
ppo,3x3,medium,11,1610,B3,1,1.0,7
ppo,3x3,medium,11,1610,C1,0,0.0,6
ppo,3x3,medium,11,1610,C2,0,0.0,5
ppo,3x3,medium,11,1610,C3,7,34.0,10
ppo,3x3,medium,11,1610,D1,0,0.0,4
ppo,3x3,medium,11,1610,D2,2,5.0,8
ppo,3x3,medium,11,1610,D3,5,23.0,9
ppo,3x3,medium,11,1615,B1,0,0.0,6
ppo,3x3,medium,11,1615,B2,4,29.0,7
ppo,3x3,medium,11,1615,B3,3,12.0,9
ppo,3x3,medium,11,1615,C1,2,6.0,9
ppo,3x3,medium,11,1615,C2,0,0.0,7
ppo,3x3,medium,11,1615,C3,7,69.0,9
ppo,3x3,medium,11,1615,D1,0,0.0,2
ppo,3x3,medium,11,1615,D2,3,18.0,10
ppo,3x3,medium,11,1615,D3,5,48.0,9
ppo,3x3,medium,11,1620,B1,0,0.0,3
ppo,3x3,medium,11,1620,B2,1,9.0,5
ppo,3x3,medium,11,1620,B3,1,2.0,9
ppo,3x3,medium,11,1620,C1,0,0.0,9
ppo,3x3,medium,11,1620,C2,0,0.0,8
ppo,3x3,medium,11,1620,C3,3,40.0,7
ppo,3x3,medium,11,1620,D1,0,0.0,2
ppo,3x3,medium,11,1620,D2,2,10.0,8
ppo,3x3,medium,11,1620,D3,4,39.0,8
ppo,3x3,medium,11,1625,B1,1,1.0,4
ppo,3x3,medium,11,1625,B2,0,0.0,2
ppo,3x3,medium,11,1625,B3,3,6.0,12
ppo,3x3,medium,11,1625,C1,2,6.0,8
ppo,3x3,medium,11,1625,C2,2,7.0,9
ppo,3x3,medium,11,1625,C3,1,3.0,4
ppo,3x3,medium,11,1625,D1,1,5.0,3
ppo,3x3,medium,11,1625,D2,3,11.0,8
ppo,3x3,medium,11,1625,D3,2,9.0,9
ppo,3x3,medium,11,1630,B1,2,11.0,8
ppo,3x3,medium,11,1630,B2,0,0.0,1
ppo,3x3,medium,11,1630,B3,5,29.0,13
ppo,3x3,medium,11,1630,C1,2,16.0,8
ppo,3x3,medium,11,1630,C2,3,21.0,7
ppo,3x3,medium,11,1630,C3,2,11.0,6
ppo,3x3,medium,11,1630,D1,2,15.0,4
ppo,3x3,medium,11,1630,D2,4,29.0,8
ppo,3x3,medium,11,1630,D3,4,24.0,9
ppo,3x3,medium,11,1635,B1,2,21.0,9
ppo,3x3,medium,11,1635,B2,0,0.0,1
ppo,3x3,medium,11,1635,B3,2,6.0,14
ppo,3x3,medium,11,1635,C1,1,2.0,5
ppo,3x3,medium,11,1635,C2,1,5.0,5
ppo,3x3,medium,11,1635,C3,1,2.0,7
ppo,3x3,medium,11,1635,D1,0,0.0,3
ppo,3x3,medium,11,1635,D2,0,0.0,8
ppo,3x3,medium,11,1635,D3,1,10.0,11
ppo,3x3,medium,11,1640,B1,2,5.0,12
ppo,3x3,medium,11,1640,B2,0,0.0,3
ppo,3x3,medium,11,1640,B3,5,15.0,13
ppo,3x3,medium,11,1640,C1,0,0.0,2
ppo,3x3,medium,11,1640,C2,0,0.0,3
ppo,3x3,medium,11,1640,C3,2,12.0,8
ppo,3x3,medium,11,1640,D1,1,5.0,5
ppo,3x3,medium,11,1640,D2,2,4.0,11
ppo,3x3,medium,11,1640,D3,2,5.0,9
ppo,3x3,medium,11,1645,B1,0,0.0,10
ppo,3x3,medium,11,1645,B2,0,0.0,4
ppo,3x3,medium,11,1645,B3,8,49.0,12
ppo,3x3,medium,11,1645,C1,0,0.0,2
ppo,3x3,medium,11,1645,C2,2,8.0,5
ppo,3x3,medium,11,1645,C3,2,22.0,9
ppo,3x3,medium,11,1645,D1,2,13.0,9
ppo,3x3,medium,11,1645,D2,3,14.0,9
ppo,3x3,medium,11,1645,D3,4,22.0,9
ppo,3x3,medium,11,1650,B1,2,10.0,8
ppo,3x3,medium,11,1650,B2,0,0.0,5
ppo,3x3,medium,11,1650,B3,4,38.0,10
ppo,3x3,medium,11,1650,C1,0,0.0,2
ppo,3x3,medium,11,1650,C2,0,0.0,5
ppo,3x3,medium,11,1650,C3,0,0.0,7
ppo,3x3,medium,11,1650,D1,0,0.0,11
ppo,3x3,medium,11,1650,D2,2,12.0,8
ppo,3x3,medium,11,1650,D3,5,18.0,7
ppo,3x3,medium,11,1655,B1,1,2.0,6
ppo,3x3,medium,11,1655,B2,1,3.0,7
ppo,3x3,medium,11,1655,B3,3,6.0,8
ppo,3x3,medium,11,1655,C1,0,0.0,5
ppo,3x3,medium,11,1655,C2,0,0.0,4
ppo,3x3,medium,11,1655,C3,0,0.0,3
ppo,3x3,medium,11,1655,D1,1,5.0,11
ppo,3x3,medium,11,1655,D2,2,5.0,8
ppo,3x3,medium,11,1655,D3,1,7.0,6
ppo,3x3,medium,11,1660,B1,2,11.0,6
ppo,3x3,medium,11,1660,B2,2,12.0,7
ppo,3x3,medium,11,1660,B3,4,24.0,9
ppo,3x3,medium,11,1660,C1,0,0.0,8
ppo,3x3,medium,11,1660,C2,0,0.0,3
ppo,3x3,medium,11,1660,C3,1,5.0,6
ppo,3x3,medium,11,1660,D1,2,12.0,14
ppo,3x3,medium,11,1660,D2,4,24.0,7
ppo,3x3,medium,11,1660,D3,1,12.0,5
ppo,3x3,medium,11,1665,B1,2,21.0,7
ppo,3x3,medium,11,1665,B2,0,0.0,6
ppo,3x3,medium,11,1665,B3,0,0.0,10
ppo,3x3,medium,11,1665,C1,0,0.0,7
ppo,3x3,medium,11,1665,C2,0,0.0,3
ppo,3x3,medium,11,1665,C3,1,1.0,6
ppo,3x3,medium,11,1665,D1,1,2.0,13
ppo,3x3,medium,11,1665,D2,1,9.0,6
ppo,3x3,medium,11,1665,D3,1,2.0,4
ppo,3x3,medium,11,1670,B1,1,1.0,6
ppo,3x3,medium,11,1670,B2,1,3.0,6
ppo,3x3,medium,11,1670,B3,0,0.0,8
ppo,3x3,medium,11,1670,C1,2,5.0,7
ppo,3x3,medium,11,1670,C2,1,4.0,5
ppo,3x3,medium,11,1670,C3,1,6.0,8
ppo,3x3,medium,11,1670,D1,3,8.0,14
ppo,3x3,medium,11,1670,D2,1,1.0,7
ppo,3x3,medium,11,1670,D3,1,7.0,4
ppo,3x3,medium,11,1675,B1,2,9.0,3
ppo,3x3,medium,11,1675,B2,2,13.0,7
ppo,3x3,medium,11,1675,B3,1,4.0,8
ppo,3x3,medium,11,1675,C1,3,17.0,7
ppo,3x3,medium,11,1675,C2,2,13.0,7
ppo,3x3,medium,11,1675,C3,2,13.0,10
ppo,3x3,medium,11,1675,D1,9,40.0,18
ppo,3x3,medium,11,1675,D2,2,11.0,7
ppo,3x3,medium,11,1675,D3,1,12.0,3
ppo,3x3,medium,11,1680,B1,3,20.0,3
ppo,3x3,medium,11,1680,B2,1,4.0,8
ppo,3x3,medium,11,1680,B3,1,1.0,6
ppo,3x3,medium,11,1680,C1,1,3.0,7
ppo,3x3,medium,11,1680,C2,0,0.0,5
ppo,3x3,medium,11,1680,C3,0,0.0,8
ppo,3x3,medium,11,1680,D1,4,19.0,16
ppo,3x3,medium,11,1680,D2,1,1.0,6
ppo,3x3,medium,11,1680,D3,0,0.0,5
ppo,3x3,medium,11,1685,B1,1,6.0,3
ppo,3x3,medium,11,1685,B2,1,5.0,9
ppo,3x3,medium,11,1685,B3,4,13.0,6
ppo,3x3,medium,11,1685,C1,0,0.0,8
ppo,3x3,medium,11,1685,C2,1,2.0,6
ppo,3x3,medium,11,1685,C3,1,1.0,9
ppo,3x3,medium,11,1685,D1,3,4.0,16
ppo,3x3,medium,11,1685,D2,1,6.0,6
ppo,3x3,medium,11,1685,D3,1,3.0,7
ppo,3x3,medium,11,1690,B1,0,0.0,2
ppo,3x3,medium,11,1690,B2,1,10.0,6
ppo,3x3,medium,11,1690,B3,5,34.0,7
ppo,3x3,medium,11,1690,C1,0,0.0,10
ppo,3x3,medium,11,1690,C2,3,13.0,8
ppo,3x3,medium,11,1690,C3,5,19.0,10
ppo,3x3,medium,11,1690,D1,5,25.0,18
ppo,3x3,medium,11,1690,D2,1,11.0,4
ppo,3x3,medium,11,1690,D3,1,8.0,7
ppo,3x3,medium,11,1695,B1,0,0.0,2
ppo,3x3,medium,11,1695,B2,1,2.0,5
ppo,3x3,medium,11,1695,B3,1,7.0,6
ppo,3x3,medium,11,1695,C1,1,1.0,12
ppo,3x3,medium,11,1695,C2,0,0.0,7
ppo,3x3,medium,11,1695,C3,3,5.0,10
ppo,3x3,medium,11,1695,D1,4,10.0,18
ppo,3x3,medium,11,1695,D2,0,0.0,3
ppo,3x3,medium,11,1695,D3,0,0.0,5
ppo,3x3,medium,11,1700,B1,1,3.0,3
ppo,3x3,medium,11,1700,B2,2,9.0,5
ppo,3x3,medium,11,1700,B3,1,4.0,5
ppo,3x3,medium,11,1700,C1,2,10.0,12
ppo,3x3,medium,11,1700,C2,1,2.0,6
ppo,3x3,medium,11,1700,C3,4,20.0,9
ppo,3x3,medium,11,1700,D1,5,13.0,17
ppo,3x3,medium,11,1700,D2,1,1.0,4
ppo,3x3,medium,11,1700,D3,2,6.0,6
ppo,3x3,medium,11,1705,B1,0,0.0,6
ppo,3x3,medium,11,1705,B2,3,22.0,7
ppo,3x3,medium,11,1705,B3,0,0.0,3
ppo,3x3,medium,11,1705,C1,3,24.0,10
ppo,3x3,medium,11,1705,C2,1,7.0,7
ppo,3x3,medium,11,1705,C3,4,40.0,8
ppo,3x3,medium,11,1705,D1,7,43.0,15
ppo,3x3,medium,11,1705,D2,1,6.0,7
ppo,3x3,medium,11,1705,D3,2,16.0,8
ppo,3x3,medium,11,1710,B1,0,0.0,5
ppo,3x3,medium,11,1710,B2,1,8.0,8
ppo,3x3,medium,11,1710,B3,1,5.0,4
ppo,3x3,medium,11,1710,C1,1,1.0,9
ppo,3x3,medium,11,1710,C2,0,0.0,7
ppo,3x3,medium,11,1710,C3,3,29.0,8
ppo,3x3,medium,11,1710,D1,4,32.0,14
ppo,3x3,medium,11,1710,D2,0,0.0,8
ppo,3x3,medium,11,1710,D3,1,2.0,8
ppo,3x3,medium,11,1715,B1,0,0.0,5
ppo,3x3,medium,11,1715,B2,0,0.0,8
ppo,3x3,medium,11,1715,B3,0,0.0,5
ppo,3x3,medium,11,1715,C1,4,14.0,8
ppo,3x3,medium,11,1715,C2,2,6.0,7
ppo,3x3,medium,11,1715,C3,1,1.0,9
ppo,3x3,medium,11,1715,D1,4,8.0,12
ppo,3x3,medium,11,1715,D2,1,2.0,7
ppo,3x3,medium,11,1715,D3,3,12.0,9
ppo,3x3,medium,11,1720,B1,1,1.0,4
ppo,3x3,medium,11,1720,B2,2,5.0,10
ppo,3x3,medium,11,1720,B3,1,4.0,6
ppo,3x3,medium,11,1720,C1,5,39.0,9
ppo,3x3,medium,11,1720,C2,5,26.0,8
ppo,3x3,medium,11,1720,C3,2,9.0,7
ppo,3x3,medium,11,1720,D1,7,37.0,12
ppo,3x3,medium,11,1720,D2,4,14.0,6
ppo,3x3,medium,11,1720,D3,6,35.0,12
ppo,3x3,medium,11,1725,B1,3,12.0,8
ppo,3x3,medium,11,1725,B2,2,6.0,8
ppo,3x3,medium,11,1725,B3,3,14.0,6
ppo,3x3,medium,11,1725,C1,3,17.0,8
ppo,3x3,medium,11,1725,C2,2,16.0,6
ppo,3x3,medium,11,1725,C3,1,4.0,6
ppo,3x3,medium,11,1725,D1,3,24.0,9
ppo,3x3,medium,11,1725,D2,1,7.0,4
ppo,3x3,medium,11,1725,D3,3,23.0,11
ppo,3x3,medium,11,1730,B1,1,7.0,8
ppo,3x3,medium,11,1730,B2,2,8.0,10
ppo,3x3,medium,11,1730,B3,1,6.0,6
ppo,3x3,medium,11,1730,C1,1,3.0,8
ppo,3x3,medium,11,1730,C2,0,0.0,6
ppo,3x3,medium,11,1730,C3,2,4.0,5
ppo,3x3,medium,11,1730,D1,4,14.0,11
ppo,3x3,medium,11,1730,D2,1,5.0,5
ppo,3x3,medium,11,1730,D3,1,2.0,14
ppo,3x3,medium,11,1735,B1,1,5.0,6
ppo,3x3,medium,11,1735,B2,4,27.0,9
ppo,3x3,medium,11,1735,B3,0,0.0,5
ppo,3x3,medium,11,1735,C1,0,0.0,10
ppo,3x3,medium,11,1735,C2,1,2.0,5
ppo,3x3,medium,11,1735,C3,3,18.0,6
ppo,3x3,medium,11,1735,D1,5,39.0,12
ppo,3x3,medium,11,1735,D2,1,10.0,8
ppo,3x3,medium,11,1735,D3,3,12.0,14
ppo,3x3,medium,11,1740,B1,2,15.0,4
ppo,3x3,medium,11,1740,B2,0,0.0,10
ppo,3x3,medium,11,1740,B3,0,0.0,3
ppo,3x3,medium,11,1740,C1,3,7.0,10
ppo,3x3,medium,11,1740,C2,0,0.0,7
ppo,3x3,medium,11,1740,C3,0,0.0,6
ppo,3x3,medium,11,1740,D1,4,29.0,10
ppo,3x3,medium,11,1740,D2,0,0.0,12
ppo,3x3,medium,11,1740,D3,0,0.0,12
ppo,3x3,medium,11,1745,B1,0,0.0,3
ppo,3x3,medium,11,1745,B2,5,13.0,11
ppo,3x3,medium,11,1745,B3,0,0.0,2
ppo,3x3,medium,11,1745,C1,5,27.0,14
ppo,3x3,medium,11,1745,C2,1,3.0,7
ppo,3x3,medium,11,1745,C3,0,0.0,7
ppo,3x3,medium,11,1745,D1,2,11.0,10
ppo,3x3,medium,11,1745,D2,1,1.0,11
ppo,3x3,medium,11,1745,D3,3,10.0,13
ppo,3x3,medium,11,1750,B1,0,0.0,5
ppo,3x3,medium,11,1750,B2,5,38.0,10
ppo,3x3,medium,11,1750,B3,1,3.0,2
ppo,3x3,medium,11,1750,C1,6,56.0,14
ppo,3x3,medium,11,1750,C2,1,8.0,6
ppo,3x3,medium,11,1750,C3,3,8.0,8
ppo,3x3,medium,11,1750,D1,4,31.0,10
ppo,3x3,medium,11,1750,D2,2,10.0,13
ppo,3x3,medium,11,1750,D3,7,39.0,12
ppo,3x3,medium,11,1755,B1,0,0.0,6
ppo,3x3,medium,11,1755,B2,3,15.0,9
ppo,3x3,medium,11,1755,B3,0,0.0,1
ppo,3x3,medium,11,1755,C1,4,50.0,13
ppo,3x3,medium,11,1755,C2,0,0.0,6
ppo,3x3,medium,11,1755,C3,1,4.0,7
ppo,3x3,medium,11,1755,D1,1,10.0,9
ppo,3x3,medium,11,1755,D2,4,10.0,12
ppo,3x3,medium,11,1755,D3,4,26.0,11
ppo,3x3,medium,11,1760,B1,0,0.0,6
ppo,3x3,medium,11,1760,B2,2,9.0,7
ppo,3x3,medium,11,1760,B3,0,0.0,1
ppo,3x3,medium,11,1760,C1,4,7.0,16
ppo,3x3,medium,11,1760,C2,1,3.0,5
ppo,3x3,medium,11,1760,C3,0,0.0,5
ppo,3x3,medium,11,1760,D1,2,3.0,8
ppo,3x3,medium,11,1760,D2,3,12.0,12
ppo,3x3,medium,11,1760,D3,1,2.0,12
ppo,3x3,medium,11,1765,B1,0,0.0,5
ppo,3x3,medium,11,1765,B2,3,24.0,6
ppo,3x3,medium,11,1765,B3,0,0.0,5
ppo,3x3,medium,11,1765,C1,5,18.0,16
ppo,3x3,medium,11,1765,C2,1,8.0,7
ppo,3x3,medium,11,1765,C3,0,0.0,7
ppo,3x3,medium,11,1765,D1,3,17.0,7
ppo,3x3,medium,11,1765,D2,6,34.0,11
ppo,3x3,medium,11,1765,D3,4,12.0,11
ppo,3x3,medium,11,1770,B1,3,9.0,6
ppo,3x3,medium,11,1770,B2,0,0.0,4
ppo,3x3,medium,11,1770,B3,0,0.0,5
ppo,3x3,medium,11,1770,C1,1,6.0,14
ppo,3x3,medium,11,1770,C2,0,0.0,7
ppo,3x3,medium,11,1770,C3,0,0.0,8
ppo,3x3,medium,11,1770,D1,1,2.0,7
ppo,3x3,medium,11,1770,D2,4,26.0,8
ppo,3x3,medium,11,1770,D3,3,7.0,9
ppo,3x3,medium,11,1775,B1,0,0.0,4
ppo,3x3,medium,11,1775,B2,3,9.0,4
ppo,3x3,medium,11,1775,B3,0,0.0,7
ppo,3x3,medium,11,1775,C1,4,14.0,13
ppo,3x3,medium,11,1775,C2,1,3.0,8
ppo,3x3,medium,11,1775,C3,1,4.0,8
ppo,3x3,medium,11,1775,D1,2,10.0,9
ppo,3x3,medium,11,1775,D2,1,5.0,11
ppo,3x3,medium,11,1775,D3,6,28.0,10
ppo,3x3,medium,11,1780,B1,1,5.0,5
ppo,3x3,medium,11,1780,B2,3,24.0,5
ppo,3x3,medium,11,1780,B3,0,0.0,5
ppo,3x3,medium,11,1780,C1,7,44.0,12
ppo,3x3,medium,11,1780,C2,3,15.0,10
ppo,3x3,medium,11,1780,C3,3,15.0,8
ppo,3x3,medium,11,1780,D1,4,28.0,10
ppo,3x3,medium,11,1780,D2,3,16.0,9
ppo,3x3,medium,11,1780,D3,8,67.0,11
ppo,3x3,medium,11,1785,B1,1,10.0,5
ppo,3x3,medium,11,1785,B2,1,12.0,4
ppo,3x3,medium,11,1785,B3,1,4.0,7
ppo,3x3,medium,11,1785,C1,7,46.0,12
ppo,3x3,medium,11,1785,C2,2,6.0,10
ppo,3x3,medium,11,1785,C3,2,7.0,6
ppo,3x3,medium,11,1785,D1,1,8.0,9
ppo,3x3,medium,11,1785,D2,1,7.0,8
ppo,3x3,medium,11,1785,D3,6,71.0,10
ppo,3x3,medium,11,1790,B1,1,15.0,7
ppo,3x3,medium,11,1790,B2,2,5.0,7
ppo,3x3,medium,11,1790,B3,0,0.0,8
ppo,3x3,medium,11,1790,C1,2,15.0,11
ppo,3x3,medium,11,1790,C2,1,2.0,10
ppo,3x3,medium,11,1790,C3,0,0.0,5
ppo,3x3,medium,11,1790,D1,1,1.0,8
ppo,3x3,medium,11,1790,D2,3,9.0,6
ppo,3x3,medium,11,1790,D3,1,14.0,10
ppo,3x3,medium,11,1795,B1,0,0.0,5
ppo,3x3,medium,11,1795,B2,3,18.0,9
ppo,3x3,medium,11,1795,B3,1,1.0,10
ppo,3x3,medium,11,1795,C1,1,5.0,11
ppo,3x3,medium,11,1795,C2,3,14.0,9
ppo,3x3,medium,11,1795,C3,1,4.0,6
ppo,3x3,medium,11,1795,D1,2,10.0,7
ppo,3x3,medium,11,1795,D2,3,24.0,5
ppo,3x3,medium,11,1795,D3,3,10.0,9
ppo,3x3,medium,11,1800,B1,1,5.0,7
ppo,3x3,medium,11,1800,B2,1,1.0,8
ppo,3x3,medium,11,1800,B3,3,12.0,12
ppo,3x3,medium,11,1800,C1,0,0.0,9
ppo,3x3,medium,11,1800,C2,0,0.0,7
ppo,3x3,medium,11,1800,C3,0,0.0,4
ppo,3x3,medium,11,1800,D1,3,8.0,5
ppo,3x3,medium,11,1800,D2,0,0.0,5
ppo,3x3,medium,11,1800,D3,1,6.0,8
